Timestamp,Prediction_Error,LSTM_Anomaly
2026-01-01 07:40:00,0.20421608,False
2026-01-01 07:45:00,0.24088246,False
2026-01-01 07:50:00,0.06850346,False
2026-01-01 07:55:00,0.1621995,False
2026-01-01 08:00:00,0.08661676,False
2026-01-01 08:05:00,0.23951258,False
2026-01-01 08:10:00,0.054329574,False
2026-01-01 08:15:00,0.3584422,True
2026-01-01 08:20:00,0.18141049,False
2026-01-01 08:25:00,0.07012887,False
2026-01-01 08:30:00,0.11223052,False
2026-01-01 08:35:00,0.19984192,False
2026-01-01 08:40:00,0.025148882,False
2026-01-01 08:45:00,0.0740297,False
2026-01-01 08:50:00,0.039552115,False
2026-01-01 08:55:00,0.14782356,False
2026-01-01 09:00:00,0.3164735,False
2026-01-01 09:05:00,0.045790818,False
2026-01-01 09:10:00,0.13182166,False
2026-01-01 09:15:00,0.18758142,False
2026-01-01 09:20:00,0.031076528,False
2026-01-01 09:25:00,0.13684511,False
2026-01-01 09:30:00,0.090933435,False
2026-01-01 09:35:00,0.09652262,False
2026-01-01 09:40:00,0.1513148,False
2026-01-01 09:45:00,0.035343226,False
2026-01-01 09:50:00,0.23037492,False
2026-01-01 09:55:00,0.07141077,False
2026-01-01 10:00:00,0.059931714,False
2026-01-01 10:05:00,0.2985545,False
2026-01-01 10:10:00,0.1497722,False
2026-01-01 10:15:00,0.19890203,False
2026-01-01 10:20:00,0.24576364,False
2026-01-01 10:25:00,0.3096857,False
2026-01-01 10:30:00,0.4338989,True
2026-01-01 10:35:00,0.13929762,False
2026-01-01 10:40:00,0.09136841,False
2026-01-01 10:45:00,0.13032946,False
2026-01-01 10:50:00,0.054176394,False
2026-01-01 10:55:00,0.089627124,False
2026-01-01 11:00:00,0.25781497,False
2026-01-01 11:05:00,0.28391534,False
2026-01-01 11:10:00,0.32250577,False
2026-01-01 11:15:00,0.19996147,False
2026-01-01 11:20:00,0.10947788,False
2026-01-01 11:25:00,0.12863158,False
2026-01-01 11:30:00,0.10636375,False
2026-01-01 11:35:00,0.34901693,True
2026-01-01 11:40:00,0.29735294,False
2026-01-01 11:45:00,0.18963552,False
2026-01-01 11:50:00,0.12181326,False
2026-01-01 11:55:00,0.127106,False
2026-01-01 12:00:00,0.037709445,False
2026-01-01 12:05:00,0.10610327,False
2026-01-01 12:10:00,0.19022739,False
2026-01-01 12:15:00,0.15497771,False
2026-01-01 12:20:00,0.0966701,False
2026-01-01 12:25:00,0.055885505,False
2026-01-01 12:30:00,0.1385297,False
2026-01-01 12:35:00,0.24830472,False
2026-01-01 12:40:00,0.15549593,False
2026-01-01 12:45:00,0.2537556,False
2026-01-01 12:50:00,0.14092892,False
2026-01-01 12:55:00,0.09221322,False
2026-01-01 13:00:00,0.10511404,False
2026-01-01 13:05:00,0.24962713,False
2026-01-01 13:10:00,0.1557271,False
2026-01-01 13:15:00,0.33172512,True
2026-01-01 13:20:00,0.107872516,False
2026-01-01 13:25:00,0.19757736,False
2026-01-01 13:30:00,0.11893362,False
2026-01-01 13:35:00,0.03075773,False
2026-01-01 13:40:00,0.03431197,False
2026-01-01 13:45:00,0.23498249,False
2026-01-01 13:50:00,0.074979894,False
2026-01-01 13:55:00,0.086269885,False
2026-01-01 14:00:00,0.20937712,False
2026-01-01 14:05:00,0.05280146,False
2026-01-01 14:10:00,0.041617285,False
2026-01-01 14:15:00,0.37296715,True
2026-01-01 14:20:00,0.115810424,False
2026-01-01 14:25:00,0.11022335,False
2026-01-01 14:30:00,0.17940986,False
2026-01-01 14:35:00,0.27375937,False
2026-01-01 14:40:00,0.14222439,False
2026-01-01 14:45:00,0.050169673,False
2026-01-01 14:50:00,0.024798183,False
2026-01-01 14:55:00,0.27000323,False
2026-01-01 15:00:00,0.15178318,False
2026-01-01 15:05:00,0.118393004,False
2026-01-01 15:10:00,0.03157967,False
2026-01-01 15:15:00,0.0608498,False
2026-01-01 15:20:00,0.15199898,False
2026-01-01 15:25:00,0.14626361,False
2026-01-01 15:30:00,0.16018817,False
2026-01-01 15:35:00,0.09470404,False
2026-01-01 15:40:00,0.043034524,False
2026-01-01 15:45:00,0.07335245,False
2026-01-01 15:50:00,0.21879286,False
2026-01-01 15:55:00,0.12507188,False
2026-01-01 16:00:00,0.22795898,False
2026-01-01 16:05:00,0.074792586,False
2026-01-01 16:10:00,0.07808349,False
2026-01-01 16:15:00,0.06450051,False
2026-01-01 16:20:00,0.26235065,False
2026-01-01 16:25:00,0.08649814,False
2026-01-01 16:30:00,0.08582041,False
2026-01-01 16:35:00,0.13145012,False
2026-01-01 16:40:00,0.14763579,False
2026-01-01 16:45:00,0.21507484,False
2026-01-01 16:50:00,0.10496062,False
2026-01-01 16:55:00,0.1906169,False
2026-01-01 17:00:00,0.08138833,False
2026-01-01 17:05:00,0.061692283,False
2026-01-01 17:10:00,0.46400464,True
2026-01-01 17:15:00,0.16672647,False
2026-01-01 17:20:00,0.13339733,False
2026-01-01 17:25:00,0.047940705,False
2026-01-01 17:30:00,0.14910781,False
2026-01-01 17:35:00,0.2546746,False
2026-01-01 17:40:00,0.027401691,False
2026-01-01 17:55:00,0.05279993,False
2026-01-01 18:05:00,0.24393302,False
2026-01-01 18:10:00,0.25966546,False
2026-01-01 18:15:00,0.08706782,False
2026-01-01 18:25:00,0.09277576,False
2026-01-01 18:35:00,0.09257102,False
2026-01-01 18:45:00,0.23466451,False
2026-01-01 18:50:00,0.1451984,False
2026-01-01 18:55:00,0.07779035,False
2026-01-01 19:05:00,0.10954348,False
2026-01-01 19:10:00,0.16707088,False
2026-01-01 19:15:00,0.041835357,False
2026-01-01 19:20:00,0.19003473,False
2026-01-01 19:30:00,0.15377961,False
2026-01-01 19:45:00,0.15247819,False
2026-01-01 19:55:00,0.18347271,False
2026-01-01 20:00:00,0.08467386,False
2026-01-01 20:05:00,0.24873681,False
2026-01-01 20:10:00,0.24721175,False
2026-01-01 20:15:00,0.12830502,False
2026-01-01 20:20:00,0.19611947,False
2026-01-01 20:25:00,0.0592335,False
2026-01-01 20:30:00,0.35451427,True
2026-01-01 20:35:00,0.15490218,False
2026-01-01 20:40:00,0.39053646,True
2026-01-01 20:45:00,0.09837553,False
2026-01-01 20:50:00,0.11671525,False
2026-01-01 20:55:00,0.03009344,False
2026-01-01 21:00:00,0.08753949,False
2026-01-01 21:05:00,0.070409186,False
2026-01-01 21:10:00,0.15278317,False
2026-01-01 21:15:00,0.171965,False
2026-01-01 21:20:00,0.067333445,False
2026-01-01 21:25:00,0.16204573,False
2026-01-01 21:30:00,0.10227859,False
2026-01-01 21:35:00,0.08474473,False
2026-01-01 21:40:00,0.12791896,False
2026-01-01 21:45:00,0.08473157,False
2026-01-01 21:50:00,0.087502934,False
2026-01-01 21:55:00,0.0531676,False
2026-01-01 22:00:00,0.213434,False
2026-01-01 22:05:00,0.08787347,False
2026-01-01 22:10:00,0.21000473,False
2026-01-01 22:15:00,0.07622386,False
2026-01-01 22:20:00,0.15286236,False
2026-01-01 22:25:00,0.23883514,False
2026-01-01 22:30:00,0.24686952,False
2026-01-01 22:35:00,0.15960746,False
2026-01-01 22:40:00,0.20864917,False
2026-01-01 22:45:00,0.20962125,False
2026-01-01 22:50:00,0.052676126,False
2026-01-01 22:55:00,0.16760086,False
2026-01-01 23:00:00,0.21034127,False
2026-01-01 23:05:00,0.3104708,False
2026-01-01 23:10:00,0.22798122,False
2026-01-01 23:15:00,0.099139966,False
2026-01-01 23:20:00,0.06373326,False
2026-01-01 23:25:00,0.14637624,False
2026-01-01 23:30:00,0.33973417,True
2026-01-01 23:35:00,0.10442086,False
2026-01-01 23:40:00,0.12551285,False
2026-01-01 23:45:00,0.28293768,False
2026-01-01 23:50:00,0.21675968,False
2026-01-01 23:55:00,0.15497424,False
2026-01-02 00:00:00,0.12950036,False
2026-01-02 00:05:00,0.1363341,False
2026-01-02 00:10:00,0.2311577,False
2026-01-02 00:15:00,0.13759084,False
2026-01-02 00:20:00,0.043144275,False
2026-01-02 00:25:00,0.22055425,False
2026-01-02 00:30:00,0.2935407,False
2026-01-02 00:35:00,0.11404372,False
2026-01-02 00:40:00,0.119010754,False
2026-01-02 00:45:00,0.14628728,False
2026-01-02 00:50:00,0.24162655,False
2026-01-02 00:55:00,0.074220985,False
2026-01-02 01:00:00,0.09014232,False
2026-01-02 01:05:00,0.0737199,False
2026-01-02 01:10:00,0.021007875,False
2026-01-02 01:15:00,0.13514318,False
2026-01-02 01:20:00,0.16272306,False
2026-01-02 01:25:00,0.03494434,False
2026-01-02 01:30:00,0.08897079,False
2026-01-02 01:35:00,0.24103718,False
2026-01-02 01:40:00,0.3512673,True
2026-01-02 01:45:00,0.022331016,False
2026-01-02 01:50:00,0.10711206,False
2026-01-02 01:55:00,0.28889918,False
2026-01-02 02:00:00,0.036456972,False
2026-01-02 02:05:00,0.10682613,False
2026-01-02 02:10:00,0.036296144,False
2026-01-02 02:15:00,0.10943941,False
2026-01-02 02:20:00,0.16352257,False
2026-01-02 02:25:00,0.21496111,False
2026-01-02 02:30:00,0.05612093,False
2026-01-02 02:35:00,0.054599613,False
2026-01-02 02:40:00,0.057469804,False
2026-01-02 02:45:00,0.12118903,False
2026-01-02 02:50:00,0.2654392,False
2026-01-02 02:55:00,0.086119294,False
2026-01-02 03:00:00,0.04448467,False
2026-01-02 03:05:00,0.13281505,False
2026-01-02 03:10:00,0.105927974,False
2026-01-02 03:15:00,0.08370028,False
2026-01-02 03:20:00,0.10021087,False
2026-01-02 03:25:00,0.073629476,False
2026-01-02 03:30:00,0.15681629,False
2026-01-02 03:35:00,0.27531803,False
2026-01-02 03:40:00,0.15037186,False
2026-01-02 03:45:00,0.05821425,False
2026-01-02 03:50:00,0.053084534,False
2026-01-02 03:55:00,0.18508554,False
2026-01-02 04:00:00,0.17135201,False
2026-01-02 04:05:00,0.13529047,False
2026-01-02 04:10:00,0.02598629,False
2026-01-02 04:15:00,0.21010853,False
2026-01-02 04:20:00,0.026240848,False
2026-01-02 04:25:00,0.23526876,False
2026-01-02 04:30:00,0.32819656,False
2026-01-02 04:35:00,0.21026254,False
2026-01-02 04:40:00,0.39977714,True
2026-01-02 04:45:00,0.18284415,False
2026-01-02 04:50:00,0.17586035,False
2026-01-02 04:55:00,0.094792195,False
2026-01-02 05:00:00,0.7166875,True
2026-01-02 05:05:00,0.39840344,True
2026-01-02 05:10:00,0.08463494,False
2026-01-02 05:15:00,0.08982864,False
2026-01-02 05:20:00,0.04873514,False
2026-01-02 05:25:00,0.20066422,False
2026-01-02 05:30:00,0.17799914,False
2026-01-02 05:35:00,0.09706136,False
2026-01-02 05:40:00,0.16591737,False
2026-01-02 05:45:00,0.07396137,False
2026-01-02 05:50:00,0.17890781,False
2026-01-02 05:55:00,0.12240029,False
2026-01-02 06:00:00,0.3771443,True
2026-01-02 06:05:00,0.12437588,False
2026-01-02 06:10:00,0.5286841,True
2026-01-02 06:15:00,0.09607793,False
2026-01-02 06:20:00,0.13011855,False
2026-01-02 06:25:00,0.07574683,False
2026-01-02 06:30:00,0.086492874,False
2026-01-02 06:35:00,0.2028451,False
2026-01-02 06:40:00,0.13721079,False
2026-01-02 06:45:00,0.101836674,False
2026-01-02 06:50:00,0.19476874,False
2026-01-02 06:55:00,0.09060111,False
2026-01-02 07:00:00,0.115406275,False
2026-01-02 07:05:00,0.20745511,False
2026-01-02 07:10:00,0.02160725,False
2026-01-02 07:15:00,0.021330392,False
2026-01-02 07:20:00,0.14946726,False
2026-01-02 07:25:00,0.19044983,False
2026-01-02 07:30:00,0.12837015,False
2026-01-02 07:35:00,0.14769556,False
2026-01-02 07:40:00,0.027957136,False
2026-01-02 07:45:00,0.086801715,False
2026-01-02 07:50:00,0.08856168,False
2026-01-02 07:55:00,0.112900704,False
2026-01-02 08:00:00,0.04038543,False
2026-01-02 08:05:00,0.06392937,False
2026-01-02 08:10:00,0.1722968,False
2026-01-02 08:15:00,0.05122895,False
2026-01-02 08:20:00,0.09845514,False
2026-01-02 08:25:00,0.0399625,False
2026-01-02 08:30:00,0.12865214,False
2026-01-02 08:35:00,0.06341671,False
2026-01-02 08:40:00,0.23471606,False
2026-01-02 08:45:00,0.16401674,False
2026-01-02 08:50:00,0.16641214,False
2026-01-02 08:55:00,0.19110996,False
2026-01-02 09:00:00,0.23161374,False
2026-01-02 09:05:00,0.17156918,False
2026-01-02 09:10:00,0.122012734,False
2026-01-02 09:15:00,0.31775546,False
2026-01-02 09:20:00,0.059059504,False
2026-01-02 09:25:00,0.34531212,True
2026-01-02 09:30:00,0.34577465,True
2026-01-02 09:35:00,0.20640875,False
2026-01-02 09:40:00,0.042031933,False
2026-01-02 09:45:00,0.22773308,False
2026-01-02 09:50:00,0.12777472,False
2026-01-02 09:55:00,0.096975364,False
2026-01-02 10:00:00,0.06086171,False
2026-01-02 10:05:00,0.18859674,False
2026-01-02 10:10:00,0.08212817,False
2026-01-02 10:15:00,0.09242987,False
2026-01-02 10:20:00,0.3428006,True
2026-01-02 10:25:00,0.18878251,False
2026-01-02 10:30:00,0.18851595,False
2026-01-02 10:35:00,0.119336486,False
2026-01-02 10:40:00,0.35083857,True
2026-01-02 10:45:00,0.16605826,False
2026-01-02 10:55:00,0.04222771,False
2026-01-02 11:00:00,0.2625372,False
2026-01-02 11:05:00,0.14768367,False
2026-01-02 11:10:00,0.21997346,False
2026-01-02 11:15:00,0.09657234,False
2026-01-02 11:20:00,0.063948356,False
2026-01-02 11:25:00,0.40869486,True
2026-01-02 11:30:00,0.19558038,False
2026-01-02 11:35:00,0.015297863,False
2026-01-02 11:40:00,0.10584166,False
2026-01-02 11:45:00,0.023756364,False
2026-01-02 11:50:00,0.13133506,False
2026-01-02 11:55:00,0.2418886,False
2026-01-02 12:00:00,0.070857435,False
2026-01-02 12:05:00,0.049436014,False
2026-01-02 12:10:00,0.17834538,False
2026-01-02 12:15:00,0.27839363,False
2026-01-02 12:20:00,0.3842337,True
2026-01-02 12:25:00,0.009877842,False
2026-01-02 12:30:00,0.24618147,False
2026-01-02 12:35:00,0.2549997,False
2026-01-02 12:40:00,0.1349964,False
2026-01-02 12:45:00,0.055113375,False
2026-01-02 12:50:00,0.16596885,False
2026-01-02 12:55:00,0.16512258,False
2026-01-02 13:00:00,0.09861735,False
2026-01-02 13:05:00,0.04633453,False
2026-01-02 13:10:00,0.109585285,False
2026-01-02 13:15:00,0.2947134,False
2026-01-02 13:25:00,0.22260566,False
2026-01-02 13:30:00,0.08508667,False
2026-01-02 13:35:00,0.109117694,False
2026-01-02 13:40:00,0.21354418,False
2026-01-02 13:45:00,0.05334437,False
2026-01-02 13:50:00,0.092261605,False
2026-01-02 13:55:00,0.21221589,False
2026-01-02 14:00:00,0.057942975,False
2026-01-02 14:05:00,0.19097579,False
2026-01-02 14:10:00,0.0730848,False
2026-01-02 14:15:00,0.12744218,False
2026-01-02 14:20:00,0.23289563,False
2026-01-02 14:25:00,0.11721328,False
2026-01-02 14:30:00,0.18752633,False
2026-01-02 14:35:00,0.10441556,False
2026-01-02 14:40:00,0.1485051,False
2026-01-02 14:45:00,0.10673585,False
2026-01-02 14:50:00,0.14504133,False
2026-01-02 14:55:00,0.19751298,False
2026-01-02 15:00:00,0.21490036,False
2026-01-02 15:05:00,0.167705,False
2026-01-02 15:10:00,0.13127692,False
2026-01-02 15:15:00,0.1539844,False
2026-01-02 15:20:00,0.05069038,False
2026-01-02 15:25:00,0.4011118,True
2026-01-02 15:30:00,0.17374836,False
2026-01-02 15:35:00,0.39145815,True
2026-01-02 15:40:00,0.05121739,False
2026-01-02 15:45:00,0.37192538,True
2026-01-02 15:50:00,0.11673552,False
2026-01-02 15:55:00,0.26215586,False
2026-01-02 16:00:00,0.12205303,False
2026-01-02 16:05:00,0.049752895,False
2026-01-02 16:10:00,0.11807683,False
2026-01-02 16:15:00,0.12262561,False
2026-01-02 16:20:00,0.14876269,False
2026-01-02 16:25:00,0.38166538,True
2026-01-02 16:30:00,0.03960977,False
2026-01-02 16:35:00,0.112733245,False
2026-01-02 16:40:00,0.07465722,False
2026-01-02 16:45:00,0.10770955,False
2026-01-02 16:50:00,0.05968441,False
2026-01-02 16:55:00,0.19623429,False
2026-01-02 17:00:00,0.113097824,False
2026-01-02 17:05:00,0.32335368,False
2026-01-02 17:10:00,0.08255077,False
2026-01-02 17:15:00,0.23810887,False
2026-01-02 17:20:00,0.12516788,False
2026-01-02 17:25:00,0.21319276,False
2026-01-02 17:30:00,0.0892565,False
2026-01-02 17:35:00,0.3080505,False
2026-01-02 17:40:00,0.07857053,False
2026-01-02 17:45:00,0.21840845,False
2026-01-02 17:50:00,0.22627692,False
2026-01-02 17:55:00,0.18327503,False
2026-01-02 18:00:00,0.11467574,False
2026-01-02 18:05:00,0.09862297,False
2026-01-02 18:20:00,0.2279225,False
2026-01-02 18:30:00,0.05342776,False
2026-01-02 18:35:00,0.069891796,False
2026-01-02 18:45:00,0.43076575,True
2026-01-02 18:55:00,0.11645857,False
2026-01-02 19:00:00,0.11941526,False
2026-01-02 19:10:00,0.15443061,False
2026-01-02 19:15:00,0.21541917,False
2026-01-02 19:25:00,0.20336308,False
2026-01-02 19:35:00,0.082905985,False
2026-01-02 19:50:00,0.30137005,False
2026-01-02 19:55:00,0.24603705,False
2026-01-02 20:00:00,0.058107402,False
2026-01-02 20:05:00,0.13782339,False
2026-01-02 20:10:00,0.18208963,False
2026-01-02 20:15:00,0.19661778,False
2026-01-02 20:20:00,0.12813115,False
2026-01-02 20:30:00,0.09917471,False
2026-01-02 20:35:00,0.0904014,False
2026-01-02 20:40:00,0.051814754,False
2026-01-02 20:45:00,0.32602766,False
2026-01-02 20:50:00,0.41574097,True
2026-01-02 20:55:00,0.16778933,False
2026-01-02 21:00:00,0.062028896,False
2026-01-02 21:05:00,0.116380624,False
2026-01-02 21:10:00,0.032781158,False
2026-01-02 21:15:00,0.20523222,False
2026-01-02 21:20:00,0.12670034,False
2026-01-02 21:25:00,0.14277767,False
2026-01-02 21:30:00,0.044020325,False
2026-01-02 21:35:00,0.2019422,False
2026-01-02 21:40:00,0.06448031,False
2026-01-02 21:45:00,0.2002833,False
2026-01-02 21:50:00,0.22158314,False
2026-01-02 21:55:00,0.25036916,False
2026-01-02 22:00:00,0.13911542,False
2026-01-02 22:05:00,0.5106787,True
2026-01-02 22:10:00,0.113953464,False
2026-01-02 22:15:00,0.13902856,False
2026-01-02 22:20:00,0.042714488,False
2026-01-02 22:25:00,0.057454865,False
2026-01-02 22:30:00,0.2709563,False
2026-01-02 22:35:00,0.09098449,False
2026-01-02 22:40:00,0.06304285,False
2026-01-02 22:45:00,0.15712287,False
2026-01-02 22:50:00,0.14494441,False
2026-01-02 22:55:00,0.051882595,False
2026-01-02 23:00:00,0.13608073,False
2026-01-02 23:05:00,0.17333257,False
2026-01-02 23:10:00,0.03680466,False
2026-01-02 23:15:00,0.21509944,False
2026-01-02 23:20:00,0.13428189,False
2026-01-02 23:25:00,0.2981262,False
2026-01-02 23:30:00,0.113488846,False
2026-01-02 23:35:00,0.2366647,False
2026-01-02 23:40:00,0.3229229,False
2026-01-02 23:45:00,0.17624927,False
2026-01-02 23:50:00,0.036516406,False
2026-01-02 23:55:00,0.20874631,False
2026-01-03 00:00:00,0.37762904,True
2026-01-03 00:05:00,0.23734333,False
2026-01-03 00:10:00,0.067620754,False
2026-01-03 00:15:00,0.05935526,False
2026-01-03 00:20:00,0.10937992,False
2026-01-03 00:25:00,0.25520083,False
2026-01-03 00:30:00,0.075430565,False
2026-01-03 00:35:00,0.020279605,False
2026-01-03 00:40:00,0.1911561,False
2026-01-03 00:45:00,0.0335532,False
2026-01-03 00:50:00,0.12876453,False
2026-01-03 00:55:00,0.045733824,False
2026-01-03 01:00:00,0.07124963,False
2026-01-03 01:05:00,0.1805967,False
2026-01-03 01:10:00,0.23702842,False
2026-01-03 01:20:00,0.08909347,False
2026-01-03 01:25:00,0.10990112,False
2026-01-03 01:30:00,0.14663927,False
2026-01-03 01:35:00,0.13153708,False
2026-01-03 01:40:00,0.12851125,False
2026-01-03 01:45:00,0.22926484,False
2026-01-03 01:50:00,0.04392829,False
2026-01-03 01:55:00,0.13041379,False
2026-01-03 02:00:00,0.12400281,False
2026-01-03 02:05:00,0.12736747,False
2026-01-03 02:10:00,0.19378884,False
2026-01-03 02:15:00,0.08389213,False
2026-01-03 02:20:00,0.04623744,False
2026-01-03 02:25:00,0.05774158,False
2026-01-03 02:30:00,0.08690071,False
2026-01-03 02:35:00,0.26086172,False
2026-01-03 02:40:00,0.09553259,False
2026-01-03 02:45:00,0.028775578,False
2026-01-03 02:50:00,0.052090358,False
2026-01-03 02:55:00,0.17767042,False
2026-01-03 03:00:00,0.08599458,False
2026-01-03 03:05:00,0.15615816,False
2026-01-03 03:15:00,0.086169325,False
2026-01-03 03:20:00,0.04714719,False
2026-01-03 03:25:00,0.21316431,False
2026-01-03 03:30:00,0.31161004,False
2026-01-03 03:40:00,0.05944762,False
2026-01-03 03:45:00,0.09914131,False
2026-01-03 03:50:00,0.2947461,False
2026-01-03 03:55:00,0.09237805,False
2026-01-03 04:00:00,0.058302935,False
2026-01-03 04:05:00,0.1323298,False
2026-01-03 04:10:00,0.16715188,False
2026-01-03 04:15:00,0.14222367,False
2026-01-03 04:20:00,0.20085329,False
2026-01-03 04:25:00,0.11673828,False
2026-01-03 04:30:00,0.06221366,False
2026-01-03 04:35:00,0.13242342,False
2026-01-03 04:40:00,0.053413246,False
2026-01-03 04:45:00,0.085614614,False
2026-01-03 04:50:00,0.11019721,False
2026-01-03 04:55:00,0.02454111,False
2026-01-03 05:00:00,0.1382011,False
2026-01-03 05:05:00,0.11171875,False
2026-01-03 05:10:00,0.07861206,False
2026-01-03 05:15:00,0.1174392,False
2026-01-03 05:20:00,0.026612282,False
2026-01-03 05:25:00,0.15558834,False
2026-01-03 05:30:00,0.041659962,False
2026-01-03 05:35:00,0.35129464,True
2026-01-03 05:40:00,0.07131427,False
2026-01-03 05:45:00,0.12925394,False
2026-01-03 05:50:00,0.33127138,True
2026-01-03 05:55:00,0.26865575,False
2026-01-03 06:00:00,0.06861694,False
2026-01-03 06:05:00,0.062237933,False
2026-01-03 06:10:00,0.07589249,False
2026-01-03 06:15:00,0.15785716,False
2026-01-03 06:20:00,0.324377,False
2026-01-03 06:25:00,0.07728061,False
2026-01-03 06:30:00,0.050012972,False
2026-01-03 06:35:00,0.22019295,False
2026-01-03 06:40:00,0.06846219,False
2026-01-03 06:45:00,0.031287815,False
2026-01-03 06:50:00,0.21710253,False
2026-01-03 06:55:00,0.02702163,False
2026-01-03 07:00:00,0.09765607,False
2026-01-03 07:05:00,0.29537317,False
2026-01-03 07:10:00,0.06336145,False
2026-01-03 07:15:00,0.041908715,False
2026-01-03 07:20:00,0.2783157,False
2026-01-03 07:25:00,0.27231574,False
2026-01-03 07:30:00,0.26138774,False
2026-01-03 07:35:00,0.07078105,False
2026-01-03 07:40:00,0.14931323,False
2026-01-03 07:45:00,0.14334096,False
2026-01-03 07:50:00,0.13441794,False
2026-01-03 07:55:00,0.16131195,False
2026-01-03 08:00:00,0.108207844,False
2026-01-03 08:05:00,0.10170243,False
2026-01-03 08:10:00,0.031722236,False
2026-01-03 08:15:00,0.11745724,False
2026-01-03 08:20:00,0.107566334,False
2026-01-03 08:25:00,0.21968015,False
2026-01-03 08:30:00,0.3181828,False
2026-01-03 08:35:00,0.25012732,False
2026-01-03 08:40:00,0.049597085,False
2026-01-03 08:45:00,0.06844478,False
2026-01-03 08:50:00,0.07422491,False
2026-01-03 08:55:00,0.11713046,False
2026-01-03 09:00:00,0.12984501,False
2026-01-03 09:05:00,0.21195209,False
2026-01-03 09:10:00,0.18322308,False
2026-01-03 09:15:00,0.1271486,False
2026-01-03 09:20:00,0.10387447,False
2026-01-03 09:25:00,0.2505453,False
2026-01-03 09:30:00,0.14318548,False
2026-01-03 09:35:00,0.25199702,False
2026-01-03 09:40:00,0.03626768,False
2026-01-03 09:45:00,0.13844086,False
2026-01-03 09:50:00,0.18304361,False
2026-01-03 09:55:00,0.04485418,False
2026-01-03 10:00:00,0.14322178,False
2026-01-03 10:05:00,0.15887167,False
2026-01-03 10:10:00,0.08783244,False
2026-01-03 10:15:00,0.09068132,False
2026-01-03 10:20:00,0.10154164,False
2026-01-03 10:25:00,0.13410048,False
2026-01-03 10:30:00,0.06149948,False
2026-01-03 10:35:00,0.25761506,False
2026-01-03 10:40:00,0.111403115,False
2026-01-03 10:45:00,0.053556863,False
2026-01-03 10:50:00,0.128253,False
2026-01-03 10:55:00,0.11336997,False
2026-01-03 11:00:00,0.13151337,False
2026-01-03 11:05:00,0.062095404,False
2026-01-03 11:10:00,0.1614985,False
2026-01-03 11:15:00,0.066130616,False
2026-01-03 11:20:00,0.036448743,False
2026-01-03 11:25:00,0.118418455,False
2026-01-03 11:30:00,0.132434,False
2026-01-03 11:35:00,0.050354403,False
2026-01-03 11:40:00,0.03929353,False
2026-01-03 11:45:00,0.04737593,False
2026-01-03 11:50:00,0.067964576,False
2026-01-03 11:55:00,0.06195874,False
2026-01-03 12:00:00,0.028925618,False
2026-01-03 12:05:00,0.17874314,False
2026-01-03 12:10:00,0.120146476,False
2026-01-03 12:15:00,0.058135297,False
2026-01-03 12:20:00,0.04874203,False
2026-01-03 12:25:00,0.13468254,False
2026-01-03 12:30:00,0.2661596,False
2026-01-03 12:35:00,0.058794066,False
2026-01-03 12:40:00,0.08193621,False
2026-01-03 12:45:00,0.19008435,False
2026-01-03 12:55:00,0.02581243,False
2026-01-03 13:00:00,0.09592905,False
2026-01-03 13:05:00,0.083225936,False
2026-01-03 13:10:00,0.3074293,False
2026-01-03 13:15:00,0.028250618,False
2026-01-03 13:20:00,0.17765813,False
2026-01-03 13:25:00,0.21495403,False
2026-01-03 13:30:00,0.25437137,False
2026-01-03 13:35:00,0.21226816,False
2026-01-03 13:40:00,0.23573725,False
2026-01-03 13:45:00,0.33134854,True
2026-01-03 13:50:00,0.18210025,False
2026-01-03 13:55:00,0.1129871,False
2026-01-03 14:00:00,0.13709725,False
2026-01-03 14:05:00,0.3343039,True
2026-01-03 14:10:00,0.20769645,False
2026-01-03 14:15:00,0.15065558,False
2026-01-03 14:20:00,0.42015234,True
2026-01-03 14:25:00,0.1346674,False
2026-01-03 14:30:00,0.6439213,True
2026-01-03 14:35:00,0.10024456,False
2026-01-03 14:40:00,0.1978274,False
2026-01-03 14:45:00,0.03948949,False
2026-01-03 14:50:00,0.025774425,False
2026-01-03 14:55:00,0.05724767,False
2026-01-03 15:00:00,0.06738939,False
2026-01-03 15:05:00,0.19567108,False
2026-01-03 15:10:00,0.05112693,False
2026-01-03 15:15:00,0.23144704,False
2026-01-03 15:20:00,0.19304909,False
2026-01-03 15:25:00,0.053134575,False
2026-01-03 15:30:00,0.124721356,False
2026-01-03 15:35:00,0.023038387,False
2026-01-03 15:40:00,0.05657527,False
2026-01-03 15:45:00,0.12737747,False
2026-01-03 15:50:00,0.1552668,False
2026-01-03 15:55:00,0.024897782,False
2026-01-03 16:00:00,0.08507553,False
2026-01-03 16:05:00,0.16349591,False
2026-01-03 16:10:00,0.12962388,False
2026-01-03 16:15:00,0.14150746,False
2026-01-03 16:20:00,0.13481198,False
2026-01-03 16:30:00,0.018040832,False
2026-01-03 16:35:00,0.09606924,False
2026-01-03 16:40:00,0.069540225,False
2026-01-03 16:45:00,0.1782124,False
2026-01-03 16:50:00,0.013339988,False
2026-01-03 16:55:00,0.09244567,False
2026-01-03 17:00:00,0.022426544,False
2026-01-03 17:05:00,0.062832706,False
2026-01-03 17:10:00,0.10273001,False
2026-01-03 17:15:00,0.11941987,False
2026-01-03 17:20:00,0.07918074,False
2026-01-03 17:25:00,0.09888294,False
2026-01-03 17:30:00,0.043958187,False
2026-01-03 17:35:00,0.10495586,False
2026-01-03 17:40:00,0.066354774,False
2026-01-03 17:45:00,0.23943017,False
2026-01-03 17:50:00,0.1189436,False
2026-01-03 17:55:00,0.13046725,False
2026-01-03 18:00:00,0.10426298,False
2026-01-03 18:05:00,0.16588035,False
2026-01-03 18:10:00,0.074945726,False
2026-01-03 18:15:00,0.23566866,False
2026-01-03 18:20:00,0.24071671,False
2026-01-03 18:25:00,0.19487739,False
2026-01-03 18:30:00,0.42051217,True
2026-01-03 18:35:00,0.24241054,False
2026-01-03 18:40:00,0.30145204,False
2026-01-03 18:45:00,0.04756393,False
2026-01-03 18:50:00,0.05729258,False
2026-01-03 18:55:00,0.12943119,False
2026-01-03 19:00:00,0.17375398,False
2026-01-03 19:05:00,0.22361974,False
2026-01-03 19:10:00,0.015182227,False
2026-01-03 19:15:00,0.015620061,False
2026-01-03 19:20:00,0.037877675,False
2026-01-03 19:25:00,0.020225925,False
2026-01-03 19:30:00,0.08084807,False
2026-01-03 19:35:00,0.039475016,False
2026-01-03 19:45:00,0.046026763,False
2026-01-03 19:50:00,0.055238888,False
2026-01-03 19:55:00,0.26534218,False
2026-01-03 20:00:00,0.06533385,False
2026-01-03 20:05:00,0.121110044,False
2026-01-03 20:10:00,0.04227318,False
2026-01-03 20:15:00,0.15040581,False
2026-01-03 20:20:00,0.022036912,False
2026-01-03 20:25:00,0.070821315,False
2026-01-03 20:30:00,0.09350284,False
2026-01-03 20:35:00,0.21612638,False
2026-01-03 20:40:00,0.19120617,False
2026-01-03 20:45:00,0.25359237,False
2026-01-03 20:50:00,0.06016144,False
2026-01-03 20:55:00,0.13560973,False
2026-01-03 21:00:00,0.1214839,False
2026-01-03 21:05:00,0.14743595,False
2026-01-03 21:10:00,0.4149861,True
2026-01-03 21:15:00,0.06994067,False
2026-01-03 21:20:00,0.39896515,True
2026-01-03 21:25:00,0.078450255,False
2026-01-03 21:30:00,0.050791893,False
2026-01-03 21:35:00,0.2513661,False
2026-01-03 21:40:00,0.10205239,False
2026-01-03 21:45:00,0.17636333,False
2026-01-03 21:50:00,0.022352641,False
2026-01-03 21:55:00,0.123070456,False
2026-01-03 22:00:00,0.08548352,False
2026-01-03 22:05:00,0.09199491,False
2026-01-03 22:10:00,0.08259719,False
2026-01-03 22:15:00,0.05190167,False
2026-01-03 22:20:00,0.23962124,False
2026-01-03 22:25:00,0.09440654,False
2026-01-03 22:30:00,0.16300331,False
2026-01-03 22:35:00,0.16659798,False
2026-01-03 22:40:00,0.3269974,False
2026-01-03 22:45:00,0.18127872,False
2026-01-03 22:50:00,0.28060028,False
2026-01-03 22:55:00,0.17221253,False
2026-01-03 23:00:00,0.2277983,False
2026-01-03 23:05:00,0.085063845,False
2026-01-03 23:10:00,0.13414536,False
2026-01-03 23:15:00,0.09330433,False
2026-01-03 23:20:00,0.10856593,False
2026-01-03 23:25:00,0.2414792,False
2026-01-03 23:30:00,0.22225602,False
2026-01-03 23:35:00,0.060452193,False
2026-01-03 23:40:00,0.13316905,False
2026-01-03 23:45:00,0.038953595,False
2026-01-03 23:50:00,0.59396976,True
2026-01-03 23:55:00,0.6295268,True
2026-01-04 00:00:00,0.60442686,True
2026-01-04 00:05:00,0.08992473,False
2026-01-04 00:10:00,0.5139182,True
2026-01-04 00:15:00,0.34230208,True
2026-01-04 00:20:00,0.14106466,False
2026-01-04 00:25:00,0.19365577,False
2026-01-04 00:30:00,0.14301153,False
2026-01-04 00:40:00,0.097571135,False
2026-01-04 00:45:00,0.36794078,True
2026-01-04 00:50:00,0.13358186,False
2026-01-04 00:55:00,0.09209629,False
2026-01-04 01:00:00,0.09810013,False
2026-01-04 01:05:00,0.20524605,False
2026-01-04 01:10:00,0.1305585,False
2026-01-04 01:15:00,0.056553885,False
2026-01-04 01:20:00,0.08452275,False
2026-01-04 01:25:00,0.14608559,False
2026-01-04 01:30:00,0.03867797,False
2026-01-04 01:35:00,0.07287317,False
2026-01-04 01:40:00,0.048327062,False
2026-01-04 01:45:00,0.23396508,False
2026-01-04 01:50:00,0.15108113,False
2026-01-04 01:55:00,0.3881347,True
2026-01-04 02:00:00,0.0719634,False
2026-01-04 02:05:00,0.1964792,False
2026-01-04 02:10:00,0.041210964,False
2026-01-04 02:15:00,0.13360791,False
2026-01-04 02:20:00,0.110215895,False
2026-01-04 02:25:00,0.19257456,False
2026-01-04 02:30:00,0.10746932,False
2026-01-04 02:40:00,0.28928363,False
2026-01-04 02:45:00,0.27549046,False
2026-01-04 02:50:00,0.061614487,False
2026-01-04 02:55:00,0.051481932,False
2026-01-04 03:00:00,0.19195658,False
2026-01-04 03:05:00,0.10013277,False
2026-01-04 03:10:00,0.6722896,True
2026-01-04 03:15:00,0.021834148,False
2026-01-04 03:20:00,0.093012124,False
2026-01-04 03:25:00,0.16417776,False
2026-01-04 03:30:00,0.15742746,False
2026-01-04 03:35:00,0.11448146,False
2026-01-04 03:40:00,0.043586228,False
2026-01-04 03:45:00,0.28259084,False
2026-01-04 03:50:00,0.1584357,False
2026-01-04 03:55:00,0.31581292,False
2026-01-04 04:00:00,0.27706733,False
2026-01-04 04:05:00,0.09096515,False
2026-01-04 04:10:00,0.095815204,False
2026-01-04 04:15:00,0.08271992,False
2026-01-04 04:20:00,0.22502787,False
2026-01-04 04:25:00,0.01958624,False
2026-01-04 04:30:00,0.24148841,False
2026-01-04 04:35:00,0.06718142,False
2026-01-04 04:40:00,0.047803283,False
2026-01-04 04:45:00,0.09197035,False
2026-01-04 04:50:00,0.25841868,False
2026-01-04 04:55:00,0.010774471,False
2026-01-04 05:00:00,0.2434979,False
2026-01-04 05:05:00,0.1955715,False
2026-01-04 05:10:00,0.057795133,False
2026-01-04 05:15:00,0.09405288,False
2026-01-04 05:20:00,0.09474948,False
2026-01-04 05:25:00,0.06251721,False
2026-01-04 05:30:00,0.07000876,False
2026-01-04 05:35:00,0.037704345,False
2026-01-04 05:40:00,0.027250953,False
2026-01-04 05:45:00,0.11635374,False
2026-01-04 05:50:00,0.101889074,False
2026-01-04 05:55:00,0.089882575,False
2026-01-04 06:00:00,0.13993679,False
2026-01-04 06:05:00,0.072777815,False
2026-01-04 06:10:00,0.0736639,False
2026-01-04 06:15:00,0.10284678,False
2026-01-04 06:20:00,0.11634788,False
2026-01-04 06:25:00,0.0914003,False
2026-01-04 06:30:00,0.1577449,False
2026-01-04 06:35:00,0.0181023,False
2026-01-04 06:40:00,0.27130488,False
2026-01-04 06:45:00,0.06985855,False
2026-01-04 06:50:00,0.119801335,False
2026-01-04 06:55:00,0.15408625,False
2026-01-04 07:00:00,0.23394935,False
2026-01-04 07:05:00,0.2175163,False
2026-01-04 07:10:00,0.16324177,False
2026-01-04 07:15:00,0.049443725,False
2026-01-04 07:20:00,0.12211848,False
2026-01-04 07:25:00,0.026356524,False
2026-01-04 07:30:00,0.27285329,False
2026-01-04 07:35:00,0.19006497,False
2026-01-04 07:40:00,0.12873305,False
2026-01-04 07:45:00,0.061640907,False
2026-01-04 07:50:00,0.062172975,False
2026-01-04 07:55:00,0.22621234,False
2026-01-04 08:00:00,0.13377623,False
2026-01-04 08:05:00,0.027826218,False
2026-01-04 08:10:00,0.13608539,False
2026-01-04 08:15:00,0.13639769,False
2026-01-04 08:20:00,0.1519962,False
2026-01-04 08:25:00,0.090371735,False
2026-01-04 08:30:00,0.047914635,False
2026-01-04 08:35:00,0.059809987,False
2026-01-04 08:40:00,0.12522988,False
2026-01-04 08:45:00,0.105034344,False
2026-01-04 08:50:00,0.07657476,False
2026-01-04 08:55:00,0.17342024,False
2026-01-04 09:00:00,0.17229544,False
2026-01-04 09:05:00,0.16463242,False
2026-01-04 09:10:00,0.11686053,False
2026-01-04 09:15:00,0.17976499,False
2026-01-04 09:20:00,0.16469108,False
2026-01-04 09:25:00,0.12382239,False
2026-01-04 09:30:00,0.080427535,False
2026-01-04 09:35:00,0.04541025,False
2026-01-04 09:40:00,0.18328293,False
2026-01-04 09:45:00,0.47894165,True
2026-01-04 09:50:00,0.16303463,False
2026-01-04 09:55:00,0.1631838,False
2026-01-04 10:00:00,0.10853046,False
2026-01-04 10:05:00,0.05435359,False
2026-01-04 10:10:00,0.08482131,False
2026-01-04 10:15:00,0.117705815,False
2026-01-04 10:20:00,0.05574279,False
2026-01-04 10:25:00,0.11676082,False
2026-01-04 10:30:00,0.2993773,False
2026-01-04 10:35:00,0.06932648,False
2026-01-04 10:40:00,0.1620203,False
2026-01-04 10:45:00,0.06467908,False
2026-01-04 10:50:00,0.05139798,False
2026-01-04 10:55:00,0.018760102,False
2026-01-04 11:00:00,0.11390188,False
2026-01-04 11:05:00,0.15116785,False
2026-01-04 11:10:00,0.13998602,False
2026-01-04 11:15:00,0.15242104,False
2026-01-04 11:20:00,0.35038292,True
2026-01-04 11:25:00,0.15931295,False
2026-01-04 11:30:00,0.45757785,True
2026-01-04 11:35:00,0.1430404,False
2026-01-04 11:40:00,0.04515199,False
2026-01-04 11:45:00,0.043581735,False
2026-01-04 11:50:00,0.172987,False
2026-01-04 11:55:00,0.13552748,False
2026-01-04 12:00:00,0.46749136,True
2026-01-04 12:05:00,0.096608974,False
2026-01-04 12:10:00,0.06982139,False
2026-01-04 12:15:00,0.09680659,False
2026-01-04 12:20:00,0.08460513,False
2026-01-04 12:25:00,0.14309564,False
2026-01-04 12:35:00,0.25781608,False
2026-01-04 12:40:00,0.1481559,False
2026-01-04 12:45:00,0.09321944,False
2026-01-04 12:50:00,0.062619686,False
2026-01-04 12:55:00,0.042276602,False
2026-01-04 13:00:00,0.07454679,False
2026-01-04 13:05:00,0.12692906,False
2026-01-04 13:10:00,0.1586122,False
2026-01-04 13:15:00,0.047510568,False
2026-01-04 13:20:00,0.034373004,False
2026-01-04 13:25:00,0.12026632,False
2026-01-04 13:30:00,0.13894005,False
2026-01-04 13:35:00,0.05885687,False
2026-01-04 13:40:00,0.08676622,False
2026-01-04 13:45:00,0.1401715,False
2026-01-04 13:55:00,0.1654741,False
2026-01-04 14:05:00,0.09583795,False
2026-01-04 14:10:00,0.16892637,False
2026-01-04 14:15:00,0.14011344,False
2026-01-04 14:20:00,0.18958026,False
2026-01-04 14:25:00,0.16166244,False
2026-01-04 14:30:00,0.14137693,False
2026-01-04 14:35:00,0.12905322,False
2026-01-04 14:40:00,0.009396573,False
2026-01-04 14:45:00,0.11664212,False
2026-01-04 14:50:00,0.049420077,False
2026-01-04 14:55:00,0.1696011,False
2026-01-04 15:00:00,0.15309568,False
2026-01-04 15:05:00,0.044884678,False
2026-01-04 15:10:00,0.15386526,False
2026-01-04 15:15:00,0.11835036,False
2026-01-04 15:20:00,0.18136483,False
2026-01-04 15:25:00,0.04653738,False
2026-01-04 15:30:00,0.094814174,False
2026-01-04 15:35:00,0.24138266,False
2026-01-04 15:40:00,0.15089269,False
2026-01-04 15:45:00,0.041050576,False
2026-01-04 15:50:00,0.08620479,False
2026-01-04 15:55:00,0.114448816,False
2026-01-04 16:00:00,0.09094744,False
2026-01-04 16:05:00,0.12214545,False
2026-01-04 16:10:00,0.11517102,False
2026-01-04 16:15:00,0.05883989,False
2026-01-04 16:20:00,0.242352,False
2026-01-04 16:25:00,0.035390034,False
2026-01-04 16:30:00,0.012446004,False
2026-01-04 16:35:00,0.08929277,False
2026-01-04 16:40:00,0.16506796,False
2026-01-04 16:45:00,0.21072888,False
2026-01-04 16:50:00,0.1523037,False
2026-01-04 16:55:00,0.061157126,False
2026-01-04 17:00:00,0.119177066,False
2026-01-04 17:05:00,0.16769491,False
2026-01-04 17:10:00,0.08148152,False
2026-01-04 17:15:00,0.054857362,False
2026-01-04 17:20:00,0.20350248,False
2026-01-04 17:25:00,0.13990286,False
2026-01-04 17:30:00,0.061414048,False
2026-01-04 17:35:00,0.18970911,False
2026-01-04 17:40:00,0.25083494,False
2026-01-04 17:45:00,0.26619658,False
2026-01-04 17:50:00,0.2734181,False
2026-01-04 17:55:00,0.14705777,False
2026-01-04 18:00:00,0.059187848,False
2026-01-04 18:05:00,0.20763339,False
2026-01-04 18:10:00,0.22258784,False
2026-01-04 18:15:00,0.106129326,False
2026-01-04 18:20:00,0.17804773,False
2026-01-04 18:25:00,0.082170494,False
2026-01-04 18:30:00,0.17226493,False
2026-01-04 18:35:00,0.20749961,False
2026-01-04 18:40:00,0.08868141,False
2026-01-04 18:45:00,0.13856082,False
2026-01-04 18:50:00,0.033585373,False
2026-01-04 18:55:00,0.18695498,False
2026-01-04 19:00:00,0.012515753,False
2026-01-04 19:05:00,0.1002118,False
2026-01-04 19:10:00,0.32023016,False
2026-01-04 19:15:00,0.22404665,False
2026-01-04 19:20:00,0.035002258,False
2026-01-04 19:25:00,0.045916006,False
2026-01-04 19:30:00,0.49385133,True
2026-01-04 19:35:00,0.09020245,False
2026-01-04 19:40:00,0.2623551,False
2026-01-04 19:45:00,0.036024917,False
2026-01-04 19:50:00,0.28850296,False
2026-01-04 19:55:00,0.1027632,False
2026-01-04 20:00:00,0.3060694,False
2026-01-04 20:05:00,0.25218067,False
2026-01-04 20:10:00,0.37122783,True
2026-01-04 20:15:00,0.13705434,False
2026-01-04 20:20:00,0.23395078,False
2026-01-04 20:25:00,0.058301415,False
2026-01-04 20:30:00,0.051266238,False
2026-01-04 20:35:00,0.15073459,False
2026-01-04 20:40:00,0.13572745,False
2026-01-04 20:45:00,0.11862028,False
2026-01-04 20:50:00,0.36222842,True
2026-01-04 20:55:00,0.14052407,False
2026-01-04 21:00:00,0.17786257,False
2026-01-04 21:10:00,0.07645381,False
2026-01-04 21:15:00,0.16196181,False
2026-01-04 21:20:00,0.077857025,False
2026-01-04 21:25:00,0.061164025,False
2026-01-04 21:30:00,0.12080566,False
2026-01-04 21:35:00,0.065788135,False
2026-01-04 21:40:00,0.13057378,False
2026-01-04 21:45:00,0.1516475,False
2026-01-04 21:50:00,0.22919364,False
2026-01-04 21:55:00,0.061505213,False
2026-01-04 22:00:00,0.14613558,False
2026-01-04 22:05:00,0.17404129,False
2026-01-04 22:10:00,0.17921756,False
2026-01-04 22:15:00,0.2416278,False
2026-01-04 22:20:00,0.082187586,False
2026-01-04 22:25:00,0.2413047,False
2026-01-04 22:30:00,0.10701484,False
2026-01-04 22:35:00,0.3214499,False
2026-01-04 22:40:00,0.34723768,True
2026-01-04 22:45:00,0.0812271,False
2026-01-04 22:50:00,0.20167808,False
2026-01-04 22:55:00,0.5182168,True
2026-01-04 23:00:00,0.40627858,True
2026-01-04 23:05:00,0.1556316,False
2026-01-04 23:10:00,0.011436193,False
2026-01-04 23:15:00,0.13596503,False
2026-01-04 23:20:00,0.0836218,False
2026-01-04 23:25:00,0.12168348,False
2026-01-04 23:30:00,0.39556286,True
2026-01-04 23:35:00,0.09619367,False
2026-01-04 23:40:00,0.1833921,False
2026-01-04 23:45:00,0.07499679,False
2026-01-04 23:50:00,0.28528392,False
2026-01-04 23:55:00,0.043261696,False
2026-01-05 00:00:00,0.18655938,False
2026-01-05 00:05:00,0.60941064,True
2026-01-05 00:10:00,0.14954068,False
2026-01-05 00:15:00,0.054590743,False
2026-01-05 00:20:00,0.13596359,False
2026-01-05 00:25:00,0.08906225,False
2026-01-05 00:30:00,0.226628,False
2026-01-05 00:35:00,0.025668927,False
2026-01-05 00:40:00,0.045031223,False
2026-01-05 00:45:00,0.15384783,False
2026-01-05 00:50:00,0.03358584,False
2026-01-05 00:55:00,0.12740396,False
2026-01-05 01:00:00,0.19687696,False
2026-01-05 01:05:00,0.022145795,False
2026-01-05 01:10:00,0.1598128,False
2026-01-05 01:15:00,0.03397942,False
2026-01-05 01:20:00,0.06402176,False
2026-01-05 01:25:00,0.20702213,False
2026-01-05 01:30:00,0.16586594,False
2026-01-05 01:35:00,0.08509145,False
2026-01-05 01:40:00,0.039794073,False
2026-01-05 01:45:00,0.23336716,False
2026-01-05 01:50:00,0.13083857,False
2026-01-05 01:55:00,0.20475864,False
2026-01-05 02:00:00,0.043519538,False
2026-01-05 02:05:00,0.21270235,False
2026-01-05 02:10:00,0.3432913,True
2026-01-05 02:15:00,0.2597092,False
2026-01-05 02:20:00,0.21027239,False
2026-01-05 02:25:00,0.41795996,True
2026-01-05 02:30:00,0.07485881,False
2026-01-05 02:35:00,0.07243129,False
2026-01-05 02:40:00,0.041439746,False
2026-01-05 02:45:00,0.15079503,False
2026-01-05 02:50:00,0.22304976,False
2026-01-05 02:55:00,0.04845485,False
2026-01-05 03:00:00,0.17693697,False
2026-01-05 03:05:00,0.16830254,False
2026-01-05 03:10:00,0.14728867,False
2026-01-05 03:15:00,0.13403444,False
2026-01-05 03:20:00,0.036595777,False
2026-01-05 03:25:00,0.053869147,False
2026-01-05 03:30:00,0.06408346,False
2026-01-05 03:35:00,0.13380691,False
2026-01-05 03:40:00,0.11405468,False
2026-01-05 03:45:00,0.14899243,False
2026-01-05 03:50:00,0.046693046,False
2026-01-05 03:55:00,0.06221788,False
2026-01-05 04:00:00,0.20473762,False
2026-01-05 04:05:00,0.15265581,False
2026-01-05 04:10:00,0.023747027,False
2026-01-05 04:15:00,0.10297526,False
2026-01-05 04:20:00,0.07389536,False
2026-01-05 04:25:00,0.07642824,False
2026-01-05 04:30:00,0.121165454,False
2026-01-05 04:35:00,0.1974789,False
2026-01-05 04:40:00,0.28615198,False
2026-01-05 04:45:00,0.062071454,False
2026-01-05 04:50:00,0.04967293,False
2026-01-05 04:55:00,0.18293305,False
2026-01-05 05:00:00,0.18071438,False
2026-01-05 05:05:00,0.054916497,False
2026-01-05 05:10:00,0.57756865,True
2026-01-05 05:15:00,0.29044408,False
2026-01-05 05:20:00,0.1752858,False
2026-01-05 05:25:00,0.2936343,False
2026-01-05 05:30:00,0.2517963,False
2026-01-05 05:35:00,0.05699065,False
2026-01-05 05:40:00,0.19479036,False
2026-01-05 05:45:00,0.17175941,False
2026-01-05 05:50:00,0.062666066,False
2026-01-05 05:55:00,0.041254316,False
2026-01-05 06:00:00,0.09042742,False
2026-01-05 06:05:00,0.01964166,False
2026-01-05 06:10:00,0.06901068,False
2026-01-05 06:15:00,0.242077,False
2026-01-05 06:20:00,0.29223663,False
2026-01-05 06:25:00,0.1186179,False
2026-01-05 06:30:00,0.08597743,False
2026-01-05 06:35:00,0.124832,False
2026-01-05 06:40:00,0.24001746,False
2026-01-05 06:45:00,0.07020912,False
2026-01-05 06:50:00,0.3058271,False
2026-01-05 06:55:00,0.3846128,True
2026-01-05 07:00:00,0.065226115,False
2026-01-05 07:05:00,0.0897713,False
2026-01-05 07:10:00,0.13389163,False
2026-01-05 07:15:00,0.10857553,False
2026-01-05 07:20:00,0.19894844,False
2026-01-05 07:25:00,0.13725245,False
2026-01-05 07:30:00,0.13313334,False
2026-01-05 07:35:00,0.20543134,False
2026-01-05 07:40:00,0.07033074,False
2026-01-05 07:45:00,0.087317884,False
2026-01-05 07:50:00,0.029660096,False
2026-01-05 07:55:00,0.10971973,False
2026-01-05 08:00:00,0.11143241,False
2026-01-05 08:05:00,0.053736795,False
2026-01-05 08:15:00,0.06308761,False
2026-01-05 08:20:00,0.07436048,False
2026-01-05 08:25:00,0.1410427,False
2026-01-05 08:30:00,0.18478812,False
2026-01-05 08:35:00,0.045906052,False
2026-01-05 08:40:00,0.1710155,False
2026-01-05 08:45:00,0.057904046,False
2026-01-05 08:50:00,0.031612743,False
2026-01-05 08:55:00,0.19419652,False
2026-01-05 09:00:00,0.16247062,False
2026-01-05 09:05:00,0.1683694,False
2026-01-05 09:10:00,0.08913792,False
2026-01-05 09:15:00,0.1990733,False
2026-01-05 09:20:00,0.13922761,False
2026-01-05 09:25:00,0.18232058,False
2026-01-05 09:30:00,0.070933044,False
2026-01-05 09:35:00,0.16841625,False
2026-01-05 09:40:00,0.08592373,False
2026-01-05 09:45:00,0.33300075,True
2026-01-05 09:50:00,0.2482795,False
2026-01-05 09:55:00,0.033267546,False
2026-01-05 10:05:00,0.29150316,False
2026-01-05 10:10:00,0.18915093,False
2026-01-05 10:15:00,0.25389087,False
2026-01-05 10:20:00,0.15665402,False
2026-01-05 10:25:00,0.16825783,False
2026-01-05 10:30:00,0.14624013,False
2026-01-05 10:35:00,0.107303195,False
2026-01-05 10:40:00,0.103608556,False
2026-01-05 10:45:00,0.11786955,False
2026-01-05 10:50:00,0.14156932,False
2026-01-05 10:55:00,0.06908326,False
2026-01-05 11:00:00,0.27924234,False
2026-01-05 11:05:00,0.17828797,False
2026-01-05 11:10:00,0.065634824,False
2026-01-05 11:15:00,0.13656454,False
2026-01-05 11:20:00,0.06850691,False
2026-01-05 11:25:00,0.18283497,False
2026-01-05 11:30:00,0.06259056,False
2026-01-05 11:35:00,0.21017735,False
2026-01-05 11:40:00,0.07862277,False
2026-01-05 11:45:00,0.3640792,True
2026-01-05 11:50:00,0.37785706,True
2026-01-05 11:55:00,0.25757393,False
2026-01-05 12:00:00,0.065467246,False
2026-01-05 12:05:00,0.29469198,False
2026-01-05 12:10:00,0.17929159,False
2026-01-05 12:15:00,0.41174102,True
2026-01-05 12:20:00,0.17095526,False
2026-01-05 12:25:00,0.1276362,False
2026-01-05 12:30:00,0.0675452,False
2026-01-05 12:35:00,0.0537563,False
2026-01-05 12:40:00,0.3304847,False
2026-01-05 12:45:00,0.093370475,False
2026-01-05 12:50:00,0.13524193,False
2026-01-05 12:55:00,0.099126376,False
2026-01-05 13:00:00,0.10636876,False
2026-01-05 13:05:00,0.19594644,False
2026-01-05 13:10:00,0.27599338,False
2026-01-05 13:15:00,0.3668096,True
2026-01-05 13:20:00,0.12863192,False
2026-01-05 13:25:00,0.08285285,False
2026-01-05 13:30:00,0.19367075,False
2026-01-05 13:35:00,0.042649206,False
2026-01-05 13:40:00,0.0752385,False
2026-01-05 13:45:00,0.09016704,False
2026-01-05 13:50:00,0.14018883,False
2026-01-05 13:55:00,0.23736562,False
2026-01-05 14:00:00,0.08335804,False
2026-01-05 14:05:00,0.10843969,False
2026-01-05 14:10:00,0.30004802,False
2026-01-05 14:15:00,0.62720865,True
2026-01-05 14:20:00,0.16367303,False
2026-01-05 14:25:00,0.22532439,False
2026-01-05 14:30:00,0.4323467,True
2026-01-05 14:35:00,0.10907241,False
2026-01-05 14:40:00,0.12306567,False
2026-01-05 14:45:00,0.12924303,False
2026-01-05 14:50:00,0.07999824,False
2026-01-05 14:55:00,0.26337358,False
2026-01-05 15:00:00,0.054337304,False
2026-01-05 15:05:00,0.25784034,False
2026-01-05 15:10:00,0.08680751,False
2026-01-05 15:15:00,0.036074605,False
2026-01-05 15:20:00,0.111794285,False
2026-01-05 15:25:00,0.08777819,False
2026-01-05 15:30:00,0.100318454,False
2026-01-05 15:35:00,0.098108135,False
2026-01-05 15:40:00,0.0546246,False
2026-01-05 15:45:00,0.12190509,False
2026-01-05 15:50:00,0.008284113,False
2026-01-05 15:55:00,0.062511094,False
2026-01-05 16:00:00,0.03521266,False
2026-01-05 16:05:00,0.16032378,False
2026-01-05 16:10:00,0.10370765,False
2026-01-05 16:15:00,0.1948065,False
2026-01-05 16:20:00,0.06499789,False
2026-01-05 16:25:00,0.13233678,False
2026-01-05 16:30:00,0.21111052,False
2026-01-05 16:35:00,0.43808737,True
2026-01-05 16:40:00,0.19134651,False
2026-01-05 16:45:00,0.3110445,False
2026-01-05 16:50:00,0.118260615,False
2026-01-05 16:55:00,0.038992215,False
2026-01-05 17:00:00,0.0645633,False
2026-01-05 17:05:00,0.12503941,False
2026-01-05 17:10:00,0.34766832,True
2026-01-05 17:15:00,0.19527711,False
2026-01-05 17:20:00,0.11654077,False
2026-01-05 17:25:00,0.44491303,True
2026-01-05 17:30:00,0.12643282,False
2026-01-05 17:35:00,0.18844832,False
2026-01-05 17:40:00,0.06636416,False
2026-01-05 17:45:00,0.065408096,False
2026-01-05 17:50:00,0.04430312,False
2026-01-05 17:55:00,0.1108372,False
2026-01-05 18:05:00,0.07937533,False
2026-01-05 18:10:00,0.21167706,False
2026-01-05 18:35:00,0.12115749,False
2026-01-05 19:00:00,0.037760694,False
2026-01-05 19:05:00,0.054736625,False
2026-01-05 19:15:00,0.2807485,False
2026-01-05 19:30:00,0.1526841,False
2026-01-05 19:35:00,0.20765401,False
2026-01-05 19:40:00,0.22263877,False
2026-01-05 19:45:00,0.21465988,False
2026-01-05 19:50:00,0.18784888,False
2026-01-05 19:55:00,0.28836182,False
2026-01-05 20:00:00,0.15727401,False
2026-01-05 20:05:00,0.0805549,False
2026-01-05 20:10:00,0.106238514,False
2026-01-05 20:20:00,0.07437084,False
2026-01-05 20:25:00,0.038298413,False
2026-01-05 20:30:00,0.05586787,False
2026-01-05 20:35:00,0.2793327,False
2026-01-05 20:40:00,0.14733136,False
2026-01-05 20:45:00,0.4292926,True
2026-01-05 20:50:00,0.14299463,False
2026-01-05 20:55:00,0.10455362,False
2026-01-05 21:00:00,0.07205894,False
2026-01-05 21:05:00,0.12873502,False
2026-01-05 21:10:00,0.031096062,False
2026-01-05 21:15:00,0.2322122,False
2026-01-05 21:20:00,0.15471743,False
2026-01-05 21:25:00,0.0840046,False
2026-01-05 21:30:00,0.14613113,False
2026-01-05 21:35:00,0.061401818,False
2026-01-05 21:40:00,0.040970042,False
2026-01-05 21:45:00,0.3946509,True
2026-01-05 21:50:00,0.17570706,False
2026-01-05 21:55:00,0.062665746,False
2026-01-05 22:00:00,0.22704268,False
2026-01-05 22:05:00,0.18814798,False
2026-01-05 22:10:00,0.16459344,False
2026-01-05 22:15:00,0.48370004,True
2026-01-05 22:20:00,0.101949364,False
2026-01-05 22:25:00,0.2590473,False
2026-01-05 22:30:00,0.09778162,False
2026-01-05 22:35:00,0.09639559,False
2026-01-05 22:40:00,0.047557916,False
2026-01-05 22:45:00,0.26956096,False
2026-01-05 22:50:00,0.103708416,False
2026-01-05 22:55:00,0.066549115,False
2026-01-05 23:00:00,0.07240355,False
2026-01-05 23:05:00,0.22474478,False
2026-01-05 23:10:00,0.06437924,False
2026-01-05 23:15:00,0.07842048,False
2026-01-05 23:20:00,0.022659564,False
2026-01-05 23:25:00,0.1001043,False
2026-01-05 23:30:00,0.20196666,False
2026-01-05 23:35:00,0.08992513,False
2026-01-05 23:40:00,0.22745039,False
2026-01-05 23:45:00,0.024479574,False
2026-01-05 23:50:00,0.13418482,False
2026-01-05 23:55:00,0.053317305,False
2026-01-06 00:00:00,0.1878357,False
2026-01-06 00:05:00,0.29304817,False
2026-01-06 00:10:00,0.15047686,False
2026-01-06 00:15:00,0.28182477,False
2026-01-06 00:20:00,0.2374289,False
2026-01-06 00:25:00,0.23222412,False
2026-01-06 00:30:00,0.024928665,False
2026-01-06 00:35:00,0.08757373,False
2026-01-06 00:45:00,0.10945808,False
2026-01-06 00:50:00,0.029908083,False
2026-01-06 00:55:00,0.038077842,False
2026-01-06 01:05:00,0.05087914,False
2026-01-06 01:10:00,0.10895281,False
2026-01-06 01:15:00,0.10935859,False
2026-01-06 01:20:00,0.218575,False
2026-01-06 01:25:00,0.17808318,False
2026-01-06 01:30:00,0.04275609,False
2026-01-06 01:35:00,0.27315095,False
2026-01-06 01:40:00,0.25394467,False
2026-01-06 01:45:00,0.08353228,False
2026-01-06 01:50:00,0.05963632,False
2026-01-06 01:55:00,0.20247275,False
2026-01-06 02:00:00,0.05678028,False
2026-01-06 02:05:00,0.104093015,False
2026-01-06 02:10:00,0.14063722,False
2026-01-06 02:15:00,0.062231746,False
2026-01-06 02:20:00,0.088778414,False
2026-01-06 02:25:00,0.25542888,False
2026-01-06 02:30:00,0.026887164,False
2026-01-06 02:35:00,0.1034278,False
2026-01-06 02:40:00,0.086304836,False
2026-01-06 02:45:00,0.10058253,False
2026-01-06 02:50:00,0.12199101,False
2026-01-06 02:55:00,0.065487795,False
2026-01-06 03:00:00,0.18979962,False
2026-01-06 03:05:00,0.0849965,False
2026-01-06 03:10:00,0.109732606,False
2026-01-06 03:15:00,0.089109264,False
2026-01-06 03:20:00,0.21240346,False
2026-01-06 03:25:00,0.17959379,False
2026-01-06 03:30:00,0.057226285,False
2026-01-06 03:35:00,0.06654009,False
2026-01-06 03:40:00,0.028089842,False
2026-01-06 03:45:00,0.30776885,False
2026-01-06 03:50:00,0.038684536,False
2026-01-06 03:55:00,0.0288072,False
2026-01-06 04:00:00,0.1729819,False
2026-01-06 04:05:00,0.016792323,False
2026-01-06 04:10:00,0.13520773,False
2026-01-06 04:15:00,0.031114934,False
2026-01-06 04:20:00,0.16300115,False
2026-01-06 04:25:00,0.061472137,False
2026-01-06 04:35:00,0.05637546,False
2026-01-06 04:40:00,0.1887383,False
2026-01-06 04:45:00,0.14328225,False
2026-01-06 04:50:00,0.024138957,False
2026-01-06 04:55:00,0.02268705,False
2026-01-06 05:00:00,0.04309042,False
2026-01-06 05:05:00,0.3360165,True
2026-01-06 05:10:00,0.20976122,False
2026-01-06 05:15:00,0.14505278,False
2026-01-06 05:20:00,0.032311555,False
2026-01-06 05:25:00,0.014133774,False
2026-01-06 05:30:00,0.5217483,True
2026-01-06 05:35:00,0.12493793,False
2026-01-06 05:40:00,0.09764097,False
2026-01-06 05:45:00,0.06554783,False
2026-01-06 05:50:00,0.12803684,False
2026-01-06 06:00:00,0.30913636,False
2026-01-06 06:05:00,0.055025026,False
2026-01-06 06:10:00,0.32940754,False
2026-01-06 06:15:00,0.08779334,False
2026-01-06 06:20:00,0.11253127,False
2026-01-06 06:25:00,0.32540402,False
2026-01-06 06:30:00,0.055764705,False
2026-01-06 06:35:00,0.15756273,False
2026-01-06 06:40:00,0.016469464,False
2026-01-06 06:45:00,0.17522997,False
2026-01-06 06:50:00,0.045680378,False
2026-01-06 06:55:00,0.2198599,False
2026-01-06 07:00:00,0.22442818,False
2026-01-06 07:05:00,0.19072603,False
2026-01-06 07:10:00,0.16597599,False
2026-01-06 07:15:00,0.057017475,False
2026-01-06 07:20:00,0.14669825,False
2026-01-06 07:25:00,0.20395584,False
2026-01-06 07:30:00,0.5095531,True
2026-01-06 07:35:00,0.10765161,False
2026-01-06 07:40:00,0.0566012,False
2026-01-06 07:45:00,0.060686782,False
2026-01-06 07:50:00,0.06216292,False
2026-01-06 07:55:00,0.11520768,False
2026-01-06 08:00:00,0.19973867,False
2026-01-06 08:05:00,0.12670067,False
2026-01-06 08:10:00,0.022829695,False
2026-01-06 08:15:00,0.11969757,False
2026-01-06 08:20:00,0.11181349,False
2026-01-06 08:25:00,0.1606611,False
2026-01-06 08:30:00,0.051426426,False
2026-01-06 08:35:00,0.06518542,False
2026-01-06 08:40:00,0.11398841,False
2026-01-06 08:45:00,0.22060962,False
2026-01-06 08:50:00,0.16785978,False
2026-01-06 08:55:00,0.11195018,False
2026-01-06 09:00:00,0.10785336,False
2026-01-06 09:05:00,0.19672035,False
2026-01-06 09:10:00,0.08907273,False
2026-01-06 09:15:00,0.2204131,False
2026-01-06 09:20:00,0.26657835,False
2026-01-06 09:25:00,0.12693892,False
2026-01-06 09:30:00,0.046141233,False
2026-01-06 09:35:00,0.048246156,False
2026-01-06 09:40:00,0.21386623,False
2026-01-06 09:45:00,0.22594398,False
2026-01-06 09:50:00,0.15174952,False
2026-01-06 09:55:00,0.14465372,False
2026-01-06 10:00:00,0.19509275,False
2026-01-06 10:05:00,0.20250382,False
2026-01-06 10:10:00,0.15690966,False
2026-01-06 10:15:00,0.4422902,True
2026-01-06 10:20:00,0.5047362,True
2026-01-06 10:25:00,0.31105193,False
2026-01-06 10:30:00,0.112949945,False
2026-01-06 10:35:00,0.1101113,False
2026-01-06 10:40:00,0.24626203,False
2026-01-06 10:45:00,0.26133057,False
2026-01-06 10:50:00,0.08082147,False
2026-01-06 10:55:00,0.06908435,False
2026-01-06 11:00:00,0.17066897,False
2026-01-06 11:05:00,0.05057065,False
2026-01-06 11:10:00,0.08037812,False
2026-01-06 11:15:00,0.10943212,False
2026-01-06 11:20:00,0.081370965,False
2026-01-06 11:25:00,0.07820335,False
2026-01-06 11:30:00,0.11107721,False
2026-01-06 11:35:00,0.23200464,False
2026-01-06 11:40:00,0.47709617,True
2026-01-06 11:45:00,0.112784505,False
2026-01-06 11:50:00,0.22473218,False
2026-01-06 11:55:00,0.06202321,False
2026-01-06 12:00:00,0.16105136,False
2026-01-06 12:05:00,0.22102308,False
2026-01-06 12:10:00,0.13835624,False
2026-01-06 12:15:00,0.07930048,False
2026-01-06 12:20:00,0.025627455,False
2026-01-06 12:25:00,0.030387824,False
2026-01-06 12:30:00,0.10960063,False
2026-01-06 12:35:00,0.26260155,False
2026-01-06 12:40:00,0.23576903,False
2026-01-06 12:45:00,0.092376076,False
2026-01-06 12:50:00,0.18403232,False
2026-01-06 12:55:00,0.23317464,False
2026-01-06 13:00:00,0.16954058,False
2026-01-06 13:05:00,0.19543682,False
2026-01-06 13:10:00,0.0263739,False
2026-01-06 13:15:00,0.15880637,False
2026-01-06 13:20:00,0.24024642,False
2026-01-06 13:25:00,0.06695807,False
2026-01-06 13:30:00,0.25718465,False
2026-01-06 13:35:00,0.11184419,False
2026-01-06 13:40:00,0.09403113,False
2026-01-06 13:45:00,0.07733858,False
2026-01-06 13:50:00,0.17257172,False
2026-01-06 13:55:00,0.2993983,False
2026-01-06 14:00:00,0.26273474,False
2026-01-06 14:05:00,0.1398883,False
2026-01-06 14:10:00,0.16487098,False
2026-01-06 14:15:00,0.09047558,False
2026-01-06 14:20:00,0.11133363,False
2026-01-06 14:25:00,0.056934237,False
2026-01-06 14:30:00,0.09820426,False
2026-01-06 14:35:00,0.105616,False
2026-01-06 14:40:00,0.0715004,False
2026-01-06 14:45:00,0.5640185,True
2026-01-06 14:50:00,0.08195869,False
2026-01-06 14:55:00,0.017271599,False
2026-01-06 15:00:00,0.14715503,False
2026-01-06 15:05:00,0.34321368,True
2026-01-06 15:10:00,0.055368055,False
2026-01-06 15:15:00,0.054681405,False
2026-01-06 15:25:00,0.13531746,False
2026-01-06 15:30:00,0.05857503,False
2026-01-06 15:35:00,0.17116928,False
2026-01-06 15:40:00,0.34586826,True
2026-01-06 15:45:00,0.16562052,False
2026-01-06 15:50:00,0.06905381,False
2026-01-06 15:55:00,0.31964183,False
2026-01-06 16:00:00,0.21961427,False
2026-01-06 16:05:00,0.075086705,False
2026-01-06 16:10:00,0.10705876,False
2026-01-06 16:15:00,0.13875376,False
2026-01-06 16:20:00,0.16147865,False
2026-01-06 16:25:00,0.23157503,False
2026-01-06 16:30:00,0.17620157,False
2026-01-06 16:35:00,0.14481515,False
2026-01-06 16:40:00,0.11730198,False
2026-01-06 16:45:00,0.105659455,False
2026-01-06 16:50:00,0.093964756,False
2026-01-06 16:55:00,0.21095191,False
2026-01-06 17:00:00,0.32148,False
2026-01-06 17:05:00,0.22444725,False
2026-01-06 17:10:00,0.057647776,False
2026-01-06 17:15:00,0.40879893,True
2026-01-06 17:20:00,0.07457494,False
2026-01-06 17:30:00,0.32327422,False
2026-01-06 17:35:00,0.12799348,False
2026-01-06 17:40:00,0.05908862,False
2026-01-06 17:45:00,0.040797975,False
2026-01-06 17:50:00,0.12014898,False
2026-01-06 17:55:00,0.14074142,False
2026-01-06 18:00:00,0.09532636,False
2026-01-06 18:10:00,0.32055244,False
2026-01-06 18:25:00,0.03868658,False
2026-01-06 18:35:00,0.07538497,False
2026-01-06 18:45:00,0.23568116,False
2026-01-06 18:50:00,0.1662774,False
2026-01-06 18:55:00,0.14603722,False
2026-01-06 19:05:00,0.15740676,False
2026-01-06 19:15:00,0.14262226,False
2026-01-06 19:20:00,0.12992129,False
2026-01-06 19:25:00,0.049400043,False
2026-01-06 19:30:00,0.038390774,False
2026-01-06 19:35:00,0.2643982,False
2026-01-06 19:40:00,0.30943176,False
2026-01-06 19:50:00,0.036858026,False
2026-01-06 19:55:00,0.19567974,False
2026-01-06 20:00:00,0.29373807,False
2026-01-06 20:05:00,0.22615771,False
2026-01-06 20:10:00,0.17064644,False
2026-01-06 20:15:00,0.25846478,False
2026-01-06 20:20:00,0.024216257,False
2026-01-06 20:25:00,0.078527205,False
2026-01-06 20:30:00,0.23943155,False
2026-01-06 20:35:00,0.05356349,False
2026-01-06 20:40:00,0.25132066,False
2026-01-06 20:45:00,0.3003458,False
2026-01-06 20:50:00,0.045067612,False
2026-01-06 20:55:00,0.29286554,False
2026-01-06 21:00:00,0.13340329,False
2026-01-06 21:05:00,0.054403644,False
2026-01-06 21:10:00,0.16989605,False
2026-01-06 21:15:00,0.1495172,False
2026-01-06 21:20:00,0.3975543,True
2026-01-06 21:25:00,0.4741063,True
2026-01-06 21:30:00,0.1831491,False
2026-01-06 21:35:00,0.043661054,False
2026-01-06 21:40:00,0.12514105,False
2026-01-06 21:45:00,0.09842517,False
2026-01-06 21:50:00,0.37271586,True
2026-01-06 21:55:00,0.46229818,True
2026-01-06 22:00:00,0.2201795,False
2026-01-06 22:05:00,0.12441653,False
2026-01-06 22:10:00,0.22446322,False
2026-01-06 22:15:00,0.14620888,False
2026-01-06 22:20:00,0.27682364,False
2026-01-06 22:25:00,0.08449111,False
2026-01-06 22:30:00,0.16282292,False
2026-01-06 22:35:00,0.027842864,False
2026-01-06 22:40:00,0.069761015,False
2026-01-06 22:45:00,0.13251686,False
2026-01-06 22:50:00,0.25307754,False
2026-01-06 22:55:00,0.029415965,False
2026-01-06 23:00:00,0.032440666,False
2026-01-06 23:05:00,0.1144391,False
2026-01-06 23:10:00,0.2093214,False
2026-01-06 23:15:00,0.09884415,False
2026-01-06 23:20:00,0.2642301,False
2026-01-06 23:25:00,0.10806396,False
2026-01-06 23:30:00,0.23772247,False
2026-01-06 23:35:00,0.17367695,False
2026-01-06 23:40:00,0.14471069,False
2026-01-06 23:45:00,0.08798254,False
2026-01-06 23:50:00,0.064992584,False
2026-01-06 23:55:00,0.20947091,False
2026-01-07 00:00:00,0.15906702,False
2026-01-07 00:05:00,0.120009325,False
2026-01-07 00:10:00,0.063934736,False
2026-01-07 00:15:00,0.01894558,False
2026-01-07 00:20:00,0.028794194,False
2026-01-07 00:25:00,0.05197856,False
2026-01-07 00:30:00,0.034010287,False
2026-01-07 00:35:00,0.06935107,False
2026-01-07 00:40:00,0.0656235,False
2026-01-07 00:45:00,0.09375155,False
2026-01-07 00:50:00,0.09774682,False
2026-01-07 00:55:00,0.08693727,False
2026-01-07 01:00:00,0.15566927,False
2026-01-07 01:05:00,0.077263944,False
2026-01-07 01:10:00,0.1873976,False
2026-01-07 01:15:00,0.118675195,False
2026-01-07 01:20:00,0.20775865,False
2026-01-07 01:25:00,0.17649026,False
2026-01-07 01:30:00,0.07762212,False
2026-01-07 01:35:00,0.18736558,False
2026-01-07 01:40:00,0.15222992,False
2026-01-07 01:45:00,0.13052447,False
2026-01-07 01:50:00,0.11808795,False
2026-01-07 01:55:00,0.04883006,False
2026-01-07 02:00:00,0.082113855,False
2026-01-07 02:05:00,0.020005245,False
2026-01-07 02:10:00,0.06659385,False
2026-01-07 02:15:00,0.21419017,False
2026-01-07 02:20:00,0.22310157,False
2026-01-07 02:25:00,0.2266302,False
2026-01-07 02:30:00,0.17868327,False
2026-01-07 02:35:00,0.2659073,False
2026-01-07 02:40:00,0.034391467,False
2026-01-07 02:45:00,0.14710538,False
2026-01-07 02:50:00,0.07804005,False
2026-01-07 02:55:00,0.11771294,False
2026-01-07 03:00:00,0.15349801,False
2026-01-07 03:05:00,0.30824727,False
2026-01-07 03:10:00,0.08311051,False
2026-01-07 03:15:00,0.103549816,False
2026-01-07 03:20:00,0.2960512,False
2026-01-07 03:25:00,0.27395403,False
2026-01-07 03:30:00,0.048576932,False
2026-01-07 03:40:00,0.13729395,False
2026-01-07 03:45:00,0.051180393,False
2026-01-07 03:50:00,0.08107669,False
2026-01-07 04:00:00,0.041904554,False
2026-01-07 04:05:00,0.083533876,False
2026-01-07 04:10:00,0.2791088,False
2026-01-07 04:15:00,0.0756936,False
2026-01-07 04:20:00,0.05206256,False
2026-01-07 04:25:00,0.031157171,False
2026-01-07 04:30:00,0.24560505,False
2026-01-07 04:35:00,0.058829013,False
2026-01-07 04:40:00,0.18852507,False
2026-01-07 04:45:00,0.14345697,False
2026-01-07 04:50:00,0.32204297,False
2026-01-07 04:55:00,0.10777751,False
2026-01-07 05:00:00,0.11035046,False
2026-01-07 05:05:00,0.051248822,False
2026-01-07 05:10:00,0.11829563,False
2026-01-07 05:15:00,0.17357968,False
2026-01-07 05:20:00,0.04249613,False
2026-01-07 05:25:00,0.0498189,False
2026-01-07 05:30:00,0.010548933,False
2026-01-07 05:35:00,0.060337793,False
2026-01-07 05:40:00,0.023946544,False
2026-01-07 05:45:00,0.08214434,False
2026-01-07 05:50:00,0.13400291,False
2026-01-07 05:55:00,0.11648054,False
2026-01-07 06:00:00,0.07681964,False
2026-01-07 06:05:00,0.19166924,False
2026-01-07 06:10:00,0.21220489,False
2026-01-07 06:15:00,0.03336807,False
2026-01-07 06:20:00,0.25722364,False
2026-01-07 06:25:00,0.07004998,False
2026-01-07 06:30:00,0.2044384,False
2026-01-07 06:35:00,0.14145891,False
2026-01-07 06:40:00,0.19148763,False
2026-01-07 06:45:00,0.0992653,False
2026-01-07 06:50:00,0.09081962,False
2026-01-07 06:55:00,0.07113848,False
2026-01-07 07:00:00,0.13541555,False
2026-01-07 07:05:00,0.09790144,False
2026-01-07 07:10:00,0.21630949,False
2026-01-07 07:15:00,0.23954855,False
2026-01-07 07:20:00,0.23821346,False
2026-01-07 07:25:00,0.23742789,False
2026-01-07 07:30:00,0.3561375,True
2026-01-07 07:35:00,0.088252775,False
2026-01-07 07:40:00,0.2125143,False
2026-01-07 07:45:00,0.07131861,False
2026-01-07 07:50:00,0.12380359,False
2026-01-07 07:55:00,0.28488418,False
2026-01-07 08:00:00,0.15540399,False
2026-01-07 08:05:00,0.08930719,False
2026-01-07 08:10:00,0.0572015,False
2026-01-07 08:15:00,0.11160303,False
2026-01-07 08:20:00,0.08696421,False
2026-01-07 08:25:00,0.07772628,False
2026-01-07 08:30:00,0.38233948,True
2026-01-07 08:35:00,0.14223711,False
2026-01-07 08:40:00,0.18983217,False
2026-01-07 08:45:00,0.06953458,False
2026-01-07 08:50:00,0.21979761,False
2026-01-07 08:55:00,0.07343581,False
2026-01-07 09:00:00,0.13481238,False
2026-01-07 09:05:00,0.095392585,False
2026-01-07 09:10:00,0.106954396,False
2026-01-07 09:15:00,0.1740579,False
2026-01-07 09:20:00,0.2725559,False
2026-01-07 09:25:00,0.44680455,True
2026-01-07 09:30:00,0.0079296045,False
2026-01-07 09:35:00,0.05810458,False
2026-01-07 09:40:00,0.08176202,False
2026-01-07 09:45:00,0.18756337,False
2026-01-07 09:50:00,0.014202021,False
2026-01-07 10:00:00,0.096851654,False
2026-01-07 10:05:00,0.10765823,False
2026-01-07 10:10:00,0.1467763,False
2026-01-07 10:15:00,0.18074302,False
2026-01-07 10:20:00,0.15533982,False
2026-01-07 10:25:00,0.3387029,True
2026-01-07 10:30:00,0.22902612,False
2026-01-07 10:35:00,0.106324375,False
2026-01-07 10:40:00,0.1002042,False
2026-01-07 10:45:00,0.016885249,False
2026-01-07 10:50:00,0.12983783,False
2026-01-07 10:55:00,0.1178763,False
2026-01-07 11:00:00,0.14868136,False
2026-01-07 11:05:00,0.09845277,False
2026-01-07 11:10:00,0.046852957,False
2026-01-07 11:15:00,0.14821354,False
2026-01-07 11:20:00,0.13766865,False
2026-01-07 11:25:00,0.23455484,False
2026-01-07 11:30:00,0.10142573,False
2026-01-07 11:35:00,0.0480275,False
2026-01-07 11:40:00,0.1470254,False
2026-01-07 11:45:00,0.12171968,False
2026-01-07 11:50:00,0.15855409,False
2026-01-07 11:55:00,0.09028297,False
2026-01-07 12:00:00,0.20476048,False
2026-01-07 12:05:00,0.1780008,False
2026-01-07 12:10:00,0.21537034,False
2026-01-07 12:15:00,0.07140089,False
2026-01-07 12:20:00,0.35545734,True
2026-01-07 12:25:00,0.2666181,False
2026-01-07 12:30:00,0.14196828,False
2026-01-07 12:35:00,0.08449391,False
2026-01-07 12:40:00,0.11025232,False
2026-01-07 12:45:00,0.06383923,False
2026-01-07 12:50:00,0.4259467,True
2026-01-07 12:55:00,0.107908994,False
2026-01-07 13:00:00,0.119985946,False
2026-01-07 13:05:00,0.16820449,False
2026-01-07 13:10:00,0.07131564,False
2026-01-07 13:15:00,0.033316664,False
2026-01-07 13:20:00,0.16068023,False
2026-01-07 13:25:00,0.06928176,False
2026-01-07 13:30:00,0.07357729,False
2026-01-07 13:35:00,0.28862557,False
2026-01-07 13:40:00,0.10652318,False
2026-01-07 13:45:00,0.027957024,False
2026-01-07 13:50:00,0.12716563,False
2026-01-07 13:55:00,0.11111587,False
2026-01-07 14:00:00,0.076336294,False
2026-01-07 14:05:00,0.32346007,False
2026-01-07 14:10:00,0.14049362,False
2026-01-07 14:15:00,0.2599584,False
2026-01-07 14:20:00,0.07867915,False
2026-01-07 14:25:00,0.058075458,False
2026-01-07 14:30:00,0.017910223,False
2026-01-07 14:35:00,0.10689651,False
2026-01-07 14:40:00,0.088910244,False
2026-01-07 14:45:00,0.060275342,False
2026-01-07 14:50:00,0.058486562,False
2026-01-07 14:55:00,0.059354875,False
2026-01-07 15:00:00,0.20594643,False
2026-01-07 15:05:00,0.14715351,False
2026-01-07 15:10:00,0.13639966,False
2026-01-07 15:15:00,0.0919844,False
2026-01-07 15:20:00,0.035353724,False
2026-01-07 15:25:00,0.13597992,False
2026-01-07 15:30:00,0.090262376,False
2026-01-07 15:35:00,0.14337058,False
2026-01-07 15:40:00,0.12543498,False
2026-01-07 15:45:00,0.0744729,False
2026-01-07 15:50:00,0.2544104,False
2026-01-07 15:55:00,0.077731356,False
2026-01-07 16:00:00,0.045288026,False
2026-01-07 16:05:00,0.13916688,False
2026-01-07 16:10:00,0.21163087,False
2026-01-07 16:15:00,0.0739232,False
2026-01-07 16:20:00,0.17830537,False
2026-01-07 16:25:00,0.07040999,False
2026-01-07 16:35:00,0.039210554,False
2026-01-07 16:40:00,0.11868972,False
2026-01-07 16:45:00,0.14308481,False
2026-01-07 16:50:00,0.053422958,False
2026-01-07 16:55:00,0.4148656,True
2026-01-07 17:00:00,0.059511703,False
2026-01-07 17:05:00,0.5737317,True
2026-01-07 17:10:00,0.36324498,True
2026-01-07 17:15:00,0.04833291,False
2026-01-07 17:20:00,0.07228694,False
2026-01-07 17:25:00,0.06531455,False
2026-01-07 17:30:00,0.11186961,False
2026-01-07 17:40:00,0.17644255,False
2026-01-07 17:45:00,0.099529095,False
2026-01-07 17:55:00,0.10246428,False
2026-01-07 18:10:00,0.17326365,False
2026-01-07 18:15:00,0.17418212,False
2026-01-07 18:25:00,0.064535186,False
2026-01-07 18:30:00,0.14328305,False
2026-01-07 18:40:00,0.15644132,False
2026-01-07 18:45:00,0.11680745,False
2026-01-07 18:50:00,0.117676735,False
2026-01-07 18:55:00,0.17036454,False
2026-01-07 19:00:00,0.14664274,False
2026-01-07 19:05:00,0.22645278,False
2026-01-07 19:15:00,0.11037335,False
2026-01-07 19:20:00,0.057460297,False
2026-01-07 19:25:00,0.06489337,False
2026-01-07 19:30:00,0.10683301,False
2026-01-07 19:35:00,0.27284294,False
2026-01-07 19:40:00,0.19751237,False
2026-01-07 19:50:00,0.14141695,False
2026-01-07 19:55:00,0.12483295,False
2026-01-07 20:00:00,0.0444925,False
2026-01-07 20:10:00,0.06494508,False
2026-01-07 20:15:00,0.47307777,True
2026-01-07 20:20:00,0.022031238,False
2026-01-07 20:25:00,0.2086892,False
2026-01-07 20:30:00,0.2194077,False
2026-01-07 20:35:00,0.14240994,False
2026-01-07 20:40:00,0.19233747,False
2026-01-07 20:45:00,0.21099712,False
2026-01-07 20:50:00,0.2112272,False
2026-01-07 20:55:00,0.45719144,True
2026-01-07 21:00:00,0.15291856,False
2026-01-07 21:05:00,0.04842676,False
2026-01-07 21:10:00,0.16139883,False
2026-01-07 21:15:00,0.06840173,False
2026-01-07 21:20:00,0.04510988,False
2026-01-07 21:25:00,0.0996568,False
2026-01-07 21:30:00,0.20809019,False
2026-01-07 21:35:00,0.0172619,False
2026-01-07 21:40:00,0.12344555,False
2026-01-07 21:45:00,0.16538183,False
2026-01-07 21:50:00,0.22833343,False
2026-01-07 21:55:00,0.21387257,False
2026-01-07 22:00:00,0.37987605,True
2026-01-07 22:05:00,0.3142573,False
2026-01-07 22:10:00,0.13894549,False
2026-01-07 22:15:00,0.071507595,False
2026-01-07 22:20:00,0.10368589,False
2026-01-07 22:25:00,0.20626087,False
2026-01-07 22:30:00,0.16650292,False
2026-01-07 22:35:00,0.25943527,False
2026-01-07 22:40:00,0.14778478,False
2026-01-07 22:45:00,0.0415469,False
2026-01-07 22:50:00,0.050166603,False
2026-01-07 22:55:00,0.24695367,False
2026-01-07 23:00:00,0.15011528,False
2026-01-07 23:05:00,0.07496652,False
2026-01-07 23:10:00,0.19598366,False
2026-01-07 23:15:00,0.016530603,False
2026-01-07 23:20:00,0.24319504,False
2026-01-07 23:25:00,0.08441385,False
2026-01-07 23:30:00,0.34226295,True
2026-01-07 23:35:00,0.1222127,False
2026-01-07 23:40:00,0.068280995,False
2026-01-07 23:45:00,0.33606958,True
2026-01-07 23:50:00,0.11583347,False
2026-01-07 23:55:00,0.16005473,False
2026-01-08 00:00:00,0.0909478,False
2026-01-08 00:05:00,0.030125638,False
2026-01-08 00:10:00,0.2874236,False
2026-01-08 00:15:00,0.14367189,False
2026-01-08 00:20:00,0.047867205,False
2026-01-08 00:25:00,0.045707952,False
2026-01-08 00:30:00,0.058129434,False
2026-01-08 00:35:00,0.14338414,False
2026-01-08 00:40:00,0.0766861,False
2026-01-08 00:45:00,0.16825016,False
2026-01-08 00:50:00,0.082439326,False
2026-01-08 00:55:00,0.05072719,False
2026-01-08 01:00:00,0.02953056,False
2026-01-08 01:05:00,0.20894688,False
2026-01-08 01:10:00,0.01256281,False
2026-01-08 01:15:00,0.023815773,False
2026-01-08 01:20:00,0.08642312,False
2026-01-08 01:25:00,0.22614084,False
2026-01-08 01:30:00,0.09477604,False
2026-01-08 01:35:00,0.07748221,False
2026-01-08 01:40:00,0.16352144,False
2026-01-08 01:45:00,0.11773282,False
2026-01-08 01:50:00,0.045395304,False
2026-01-08 01:55:00,0.08288565,False
2026-01-08 02:00:00,0.12755431,False
2026-01-08 02:05:00,0.15794183,False
2026-01-08 02:10:00,0.23404063,False
2026-01-08 02:20:00,0.16047932,False
2026-01-08 02:25:00,0.09459483,False
2026-01-08 02:30:00,0.1636239,False
2026-01-08 02:35:00,0.14164448,False
2026-01-08 02:40:00,0.22251725,False
2026-01-08 02:45:00,0.14425139,False
2026-01-08 02:50:00,0.016693367,False
2026-01-08 02:55:00,0.053044915,False
2026-01-08 03:00:00,0.21984023,False
2026-01-08 03:05:00,0.20161851,False
2026-01-08 03:10:00,0.22756673,False
2026-01-08 03:15:00,0.13795592,False
2026-01-08 03:20:00,0.08253106,False
2026-01-08 03:25:00,0.3493588,True
2026-01-08 03:30:00,0.02270793,False
2026-01-08 03:35:00,0.06780608,False
2026-01-08 03:40:00,0.16209053,False
2026-01-08 03:45:00,0.04637796,False
2026-01-08 03:50:00,0.035880376,False
2026-01-08 03:55:00,0.035068385,False
2026-01-08 04:00:00,0.046030015,False
2026-01-08 04:05:00,0.094185226,False
2026-01-08 04:10:00,0.04037643,False
2026-01-08 04:15:00,0.057942275,False
2026-01-08 04:20:00,0.15518685,False
2026-01-08 04:25:00,0.2182027,False
2026-01-08 04:30:00,0.05489354,False
2026-01-08 04:35:00,0.12063092,False
2026-01-08 04:40:00,0.058109973,False
2026-01-08 04:45:00,0.06870703,False
2026-01-08 04:50:00,0.2553694,False
2026-01-08 04:55:00,0.08248188,False
2026-01-08 05:00:00,0.09428615,False
2026-01-08 05:05:00,0.127151,False
2026-01-08 05:10:00,0.1378638,False
2026-01-08 05:15:00,0.27999625,False
2026-01-08 05:20:00,0.119845875,False
2026-01-08 05:30:00,0.03898572,False
2026-01-08 05:35:00,0.32294118,False
2026-01-08 05:40:00,0.05484638,False
2026-01-08 05:45:00,0.0764484,False
2026-01-08 05:50:00,0.11394424,False
2026-01-08 05:55:00,0.09960529,False
2026-01-08 06:00:00,0.16752966,False
2026-01-08 06:05:00,0.16819167,False
2026-01-08 06:10:00,0.15927902,False
2026-01-08 06:15:00,0.1243979,False
2026-01-08 06:20:00,0.117719375,False
2026-01-08 06:25:00,0.082153976,False
2026-01-08 06:30:00,0.07780639,False
2026-01-08 06:35:00,0.08553993,False
2026-01-08 06:40:00,0.12825312,False
2026-01-08 06:45:00,0.0389102,False
2026-01-08 06:50:00,0.14079939,False
2026-01-08 06:55:00,0.10718468,False
2026-01-08 07:00:00,0.3910577,True
2026-01-08 07:05:00,0.17118227,False
2026-01-08 07:10:00,0.08245868,False
2026-01-08 07:15:00,0.11432134,False
2026-01-08 07:20:00,0.05912569,False
2026-01-08 07:25:00,0.14218383,False
2026-01-08 07:30:00,0.074470855,False
2026-01-08 07:35:00,0.19091916,False
2026-01-08 07:40:00,0.22691648,False
2026-01-08 07:45:00,0.10124736,False
2026-01-08 07:50:00,0.10640862,False
2026-01-08 07:55:00,0.10335833,False
2026-01-08 08:00:00,0.14164986,False
2026-01-08 08:05:00,0.10106101,False
2026-01-08 08:10:00,0.019011896,False
2026-01-08 08:15:00,0.23379117,False
2026-01-08 08:20:00,0.15270175,False
2026-01-08 08:25:00,0.1830163,False
2026-01-08 08:30:00,0.12282462,False
2026-01-08 08:35:00,0.4438596,True
2026-01-08 08:40:00,0.25664505,False
2026-01-08 08:45:00,0.03985325,False
2026-01-08 08:50:00,0.13872118,False
2026-01-08 08:55:00,0.16484535,False
2026-01-08 09:00:00,0.12957092,False
2026-01-08 09:05:00,0.050703388,False
2026-01-08 09:10:00,0.05701686,False
2026-01-08 09:15:00,0.08436405,False
2026-01-08 09:20:00,0.10109501,False
2026-01-08 09:25:00,0.17945291,False
2026-01-08 09:30:00,0.16244702,False
2026-01-08 09:35:00,0.18985397,False
2026-01-08 09:40:00,0.21765125,False
2026-01-08 09:45:00,0.14348927,False
2026-01-08 09:50:00,0.058339726,False
2026-01-08 09:55:00,0.14745346,False
2026-01-08 10:00:00,0.32993153,False
2026-01-08 10:05:00,0.03335998,False
2026-01-08 10:10:00,0.093115546,False
2026-01-08 10:15:00,0.02165786,False
2026-01-08 10:20:00,0.14441422,False
2026-01-08 10:25:00,0.12539007,False
2026-01-08 10:30:00,0.10158532,False
2026-01-08 10:35:00,0.0951736,False
2026-01-08 10:40:00,0.2831078,False
2026-01-08 10:45:00,0.07532687,False
2026-01-08 10:50:00,0.06568689,False
2026-01-08 10:55:00,0.09707552,False
2026-01-08 11:00:00,0.055020373,False
2026-01-08 11:05:00,0.1872132,False
2026-01-08 11:10:00,0.09812835,False
2026-01-08 11:15:00,0.06874753,False
2026-01-08 11:20:00,0.28999332,False
2026-01-08 11:25:00,0.044077124,False
2026-01-08 11:30:00,0.093722634,False
2026-01-08 11:35:00,0.08703541,False
2026-01-08 11:40:00,0.07640361,False
2026-01-08 11:45:00,0.118957065,False
2026-01-08 11:50:00,0.24924688,False
2026-01-08 11:55:00,0.14117482,False
2026-01-08 12:00:00,0.06759258,False
2026-01-08 12:05:00,0.05570328,False
2026-01-08 12:10:00,0.38855544,True
2026-01-08 12:15:00,0.12761383,False
2026-01-08 12:20:00,0.22780459,False
2026-01-08 12:25:00,0.07463735,False
2026-01-08 12:30:00,0.04542877,False
2026-01-08 12:35:00,0.019095497,False
2026-01-08 12:40:00,0.07913346,False
2026-01-08 12:45:00,0.03996106,False
2026-01-08 12:50:00,0.06485302,False
2026-01-08 12:55:00,0.14323686,False
2026-01-08 13:00:00,0.26500347,False
2026-01-08 13:05:00,0.17337652,False
2026-01-08 13:10:00,0.046600666,False
2026-01-08 13:15:00,0.12695889,False
2026-01-08 13:20:00,0.036403578,False
2026-01-08 13:25:00,0.052694824,False
2026-01-08 13:30:00,0.06398056,False
2026-01-08 13:35:00,0.040251147,False
2026-01-08 13:40:00,0.15887792,False
2026-01-08 13:45:00,0.13753684,False
2026-01-08 13:50:00,0.15315138,False
2026-01-08 13:55:00,0.1748134,False
2026-01-08 14:00:00,0.14329353,False
2026-01-08 14:05:00,0.049139235,False
2026-01-08 14:10:00,0.20917022,False
2026-01-08 14:15:00,0.23429789,False
2026-01-08 14:20:00,0.13278466,False
2026-01-08 14:25:00,0.13215674,False
2026-01-08 14:30:00,0.102735974,False
2026-01-08 14:35:00,0.17082582,False
2026-01-08 14:40:00,0.2696428,False
2026-01-08 14:45:00,0.043876927,False
2026-01-08 14:50:00,0.0823323,False
2026-01-08 14:55:00,0.108266264,False
2026-01-08 15:00:00,0.062593855,False
2026-01-08 15:05:00,0.23771788,False
2026-01-08 15:10:00,0.1712873,False
2026-01-08 15:15:00,0.09236202,False
2026-01-08 15:20:00,0.25880072,False
2026-01-08 15:25:00,0.06429314,False
2026-01-08 15:30:00,0.11985248,False
2026-01-08 15:35:00,0.07726998,False
2026-01-08 15:40:00,0.05918114,False
2026-01-08 15:45:00,0.11097445,False
2026-01-08 15:50:00,0.17030638,False
2026-01-08 15:55:00,0.07992593,False
2026-01-08 16:00:00,0.078833714,False
2026-01-08 16:05:00,0.08729283,False
2026-01-08 16:10:00,0.20381542,False
2026-01-08 16:15:00,0.101110496,False
2026-01-08 16:20:00,0.022542974,False
2026-01-08 16:25:00,0.110287905,False
2026-01-08 16:30:00,0.0074496088,False
2026-01-08 16:35:00,0.12848552,False
2026-01-08 16:40:00,0.0340093,False
2026-01-08 16:45:00,0.06998136,False
2026-01-08 16:50:00,0.20372035,False
2026-01-08 16:55:00,0.15815064,False
2026-01-08 17:00:00,0.10285696,False
2026-01-08 17:05:00,0.052604627,False
2026-01-08 17:10:00,0.11746875,False
2026-01-08 17:15:00,0.10713261,False
2026-01-08 17:20:00,0.12557943,False
2026-01-08 17:25:00,0.05642431,False
2026-01-08 17:30:00,0.05803744,False
2026-01-08 17:35:00,0.046180878,False
2026-01-08 17:40:00,0.20046486,False
2026-01-08 17:45:00,0.067089416,False
2026-01-08 17:50:00,0.0840747,False
2026-01-08 17:55:00,0.116905846,False
2026-01-08 18:05:00,0.19358997,False
2026-01-08 18:10:00,0.36837998,True
2026-01-08 18:15:00,0.23337312,False
2026-01-08 18:20:00,0.15091495,False
2026-01-08 18:25:00,0.19349879,False
2026-01-08 18:35:00,0.23284496,False
2026-01-08 19:05:00,0.16163811,False
2026-01-08 19:15:00,0.2541252,False
2026-01-08 19:35:00,0.104652636,False
2026-01-08 19:40:00,0.12702163,False
2026-01-08 19:45:00,0.14433509,False
2026-01-08 19:50:00,0.11749423,False
2026-01-08 19:55:00,0.13677515,False
2026-01-08 20:00:00,0.12263136,False
2026-01-08 20:05:00,0.09712868,False
2026-01-08 20:15:00,0.060573146,False
2026-01-08 20:20:00,0.20677876,False
2026-01-08 20:30:00,0.066216536,False
2026-01-08 20:35:00,0.123283744,False
2026-01-08 20:40:00,0.35094178,True
2026-01-08 20:45:00,0.13528885,False
2026-01-08 20:50:00,0.17055027,False
2026-01-08 20:55:00,0.22780484,False
2026-01-08 21:00:00,0.056775387,False
2026-01-08 21:05:00,0.13780732,False
2026-01-08 21:10:00,0.274752,False
2026-01-08 21:15:00,0.024822852,False
2026-01-08 21:20:00,0.281711,False
2026-01-08 21:25:00,0.052984163,False
2026-01-08 21:30:00,0.16726957,False
2026-01-08 21:35:00,0.37323734,True
2026-01-08 21:40:00,0.1431265,False
2026-01-08 21:45:00,0.14147687,False
2026-01-08 21:50:00,0.12593485,False
2026-01-08 21:55:00,0.13607372,False
2026-01-08 22:00:00,0.16596778,False
2026-01-08 22:05:00,0.2776388,False
2026-01-08 22:10:00,0.1937225,False
2026-01-08 22:15:00,0.14007513,False
2026-01-08 22:20:00,0.038845483,False
2026-01-08 22:25:00,0.22814454,False
2026-01-08 22:30:00,0.15995094,False
2026-01-08 22:35:00,0.038010977,False
2026-01-08 22:40:00,0.2345001,False
2026-01-08 22:45:00,0.09196555,False
2026-01-08 22:50:00,0.20891511,False
2026-01-08 22:55:00,0.13917635,False
2026-01-08 23:00:00,0.15907069,False
2026-01-08 23:05:00,0.09338292,False
2026-01-08 23:10:00,0.07568201,False
2026-01-08 23:15:00,0.059228778,False
2026-01-08 23:20:00,0.11018159,False
2026-01-08 23:25:00,0.12949112,False
2026-01-08 23:30:00,0.021659737,False
2026-01-08 23:35:00,0.14803681,False
2026-01-08 23:40:00,0.32123312,False
2026-01-08 23:45:00,0.1216051,False
2026-01-08 23:50:00,0.06780515,False
2026-01-08 23:55:00,0.058409188,False
2026-01-09 00:00:00,0.17216451,False
2026-01-09 00:05:00,0.049735874,False
2026-01-09 00:10:00,0.08712088,False
2026-01-09 00:15:00,0.2493233,False
2026-01-09 00:20:00,0.0689485,False
2026-01-09 00:25:00,0.004139711,False
2026-01-09 00:30:00,0.05189706,False
2026-01-09 00:35:00,0.122511484,False
2026-01-09 00:40:00,0.069445215,False
2026-01-09 00:50:00,0.1055154,False
2026-01-09 00:55:00,0.21059829,False
2026-01-09 01:00:00,0.1877607,False
2026-01-09 01:05:00,0.36015943,True
2026-01-09 01:10:00,0.11543736,False
2026-01-09 01:15:00,0.08717385,False
2026-01-09 01:20:00,0.20555086,False
2026-01-09 01:25:00,0.075967506,False
2026-01-09 01:30:00,0.068455935,False
2026-01-09 01:35:00,0.12324026,False
2026-01-09 01:40:00,0.17498021,False
2026-01-09 01:45:00,0.04730564,False
2026-01-09 01:50:00,0.04999135,False
2026-01-09 01:55:00,0.1409034,False
2026-01-09 02:00:00,0.11369607,False
2026-01-09 02:05:00,0.067419045,False
2026-01-09 02:10:00,0.032804266,False
2026-01-09 02:15:00,0.10910118,False
2026-01-09 02:20:00,0.07854148,False
2026-01-09 02:25:00,0.07431276,False
2026-01-09 02:30:00,0.106337965,False
2026-01-09 02:35:00,0.11518089,False
2026-01-09 02:40:00,0.113892116,False
2026-01-09 02:45:00,0.20219491,False
2026-01-09 02:50:00,0.061500415,False
2026-01-09 02:55:00,0.15423627,False
2026-01-09 03:00:00,0.09143237,False
2026-01-09 03:05:00,0.020821966,False
2026-01-09 03:10:00,0.037271153,False
2026-01-09 03:15:00,0.14770828,False
2026-01-09 03:20:00,0.099653475,False
2026-01-09 03:25:00,0.046096325,False
2026-01-09 03:30:00,0.08802405,False
2026-01-09 03:35:00,0.091482185,False
2026-01-09 03:40:00,0.16975212,False
2026-01-09 03:45:00,0.06885315,False
2026-01-09 03:50:00,0.20686202,False
2026-01-09 03:55:00,0.2632974,False
2026-01-09 04:00:00,0.04385005,False
2026-01-09 04:05:00,0.049620006,False
2026-01-09 04:10:00,0.16090949,False
2026-01-09 04:15:00,0.18678863,False
2026-01-09 04:20:00,0.03708633,False
2026-01-09 04:25:00,0.31700116,False
2026-01-09 04:30:00,0.08184811,False
2026-01-09 04:35:00,0.09763762,False
2026-01-09 04:40:00,0.09197447,False
2026-01-09 04:45:00,0.032912094,False
2026-01-09 04:50:00,0.17276768,False
2026-01-09 04:55:00,0.026034608,False
2026-01-09 05:00:00,0.17296733,False
2026-01-09 05:05:00,0.012494163,False
2026-01-09 05:10:00,0.11626003,False
2026-01-09 05:15:00,0.19288433,False
2026-01-09 05:20:00,0.02600201,False
2026-01-09 05:25:00,0.13041122,False
2026-01-09 05:30:00,0.071823195,False
2026-01-09 05:35:00,0.18833977,False
2026-01-09 05:40:00,0.057560455,False
2026-01-09 05:45:00,0.12243498,False
2026-01-09 05:50:00,0.13447566,False
2026-01-09 05:55:00,0.040311456,False
2026-01-09 06:00:00,0.052663874,False
2026-01-09 06:05:00,0.035449486,False
2026-01-09 06:10:00,0.14636378,False
2026-01-09 06:15:00,0.11125443,False
2026-01-09 06:20:00,0.0020632644,False
2026-01-09 06:25:00,0.25393742,False
2026-01-09 06:30:00,0.07026846,False
2026-01-09 06:35:00,0.12778232,False
2026-01-09 06:40:00,0.118761815,False
2026-01-09 06:45:00,0.20262499,False
2026-01-09 06:50:00,0.2784042,False
2026-01-09 06:55:00,0.042569462,False
2026-01-09 07:00:00,0.19294108,False
2026-01-09 07:05:00,0.20363863,False
2026-01-09 07:10:00,0.22109413,False
2026-01-09 07:15:00,0.25794312,False
2026-01-09 07:20:00,0.16415624,False
2026-01-09 07:25:00,0.053012606,False
2026-01-09 07:30:00,0.089288116,False
2026-01-09 07:35:00,0.19085522,False
2026-01-09 07:40:00,0.21701355,False
2026-01-09 07:45:00,0.14157152,False
2026-01-09 07:50:00,0.09305518,False
2026-01-09 07:55:00,0.1836258,False
2026-01-09 08:00:00,0.12967552,False
2026-01-09 08:05:00,0.31089723,False
2026-01-09 08:10:00,0.06576378,False
2026-01-09 08:15:00,0.13254945,False
2026-01-09 08:20:00,0.12457109,False
2026-01-09 08:25:00,0.114017375,False
2026-01-09 08:30:00,0.024671974,False
2026-01-09 08:35:00,0.18589993,False
2026-01-09 08:40:00,0.15956227,False
2026-01-09 08:45:00,0.32454944,False
2026-01-09 08:50:00,0.1383184,False
2026-01-09 08:55:00,0.18649785,False
2026-01-09 09:00:00,0.12344956,False
2026-01-09 09:05:00,0.0625485,False
2026-01-09 09:10:00,0.11141089,False
2026-01-09 09:15:00,0.15023403,False
2026-01-09 09:20:00,0.16273698,False
2026-01-09 09:25:00,0.20991449,False
2026-01-09 09:30:00,0.16191353,False
2026-01-09 09:35:00,0.13782197,False
2026-01-09 09:40:00,0.31600276,False
2026-01-09 09:45:00,0.07733392,False
2026-01-09 09:50:00,0.09101745,False
2026-01-09 09:55:00,0.11211323,False
2026-01-09 10:00:00,0.025900835,False
2026-01-09 10:05:00,0.08895385,False
2026-01-09 10:10:00,0.0727456,False
2026-01-09 10:15:00,0.22614677,False
2026-01-09 10:20:00,0.052726973,False
2026-01-09 10:25:00,0.3217567,False
2026-01-09 10:35:00,0.21489279,False
2026-01-09 10:40:00,0.35611698,True
2026-01-09 10:45:00,0.111342736,False
2026-01-09 10:50:00,0.0066701956,False
2026-01-09 10:55:00,0.09678522,False
2026-01-09 11:00:00,0.1173765,False
2026-01-09 11:05:00,0.06898136,False
2026-01-09 11:10:00,0.080661796,False
2026-01-09 11:15:00,0.0487386,False
2026-01-09 11:20:00,0.20053698,False
2026-01-09 11:25:00,0.24418604,False
2026-01-09 11:30:00,0.14226943,False
2026-01-09 11:35:00,0.14254536,False
2026-01-09 11:40:00,0.23261929,False
2026-01-09 11:45:00,0.08025909,False
2026-01-09 11:50:00,0.15155344,False
2026-01-09 11:55:00,0.10813845,False
2026-01-09 12:00:00,0.23930167,False
2026-01-09 12:05:00,0.29950055,False
2026-01-09 12:10:00,0.20005329,False
2026-01-09 12:15:00,0.12550414,False
2026-01-09 12:20:00,0.12728027,False
2026-01-09 12:30:00,0.16415152,False
2026-01-09 12:35:00,0.10531473,False
2026-01-09 12:40:00,0.14766143,False
2026-01-09 12:45:00,0.07742623,False
2026-01-09 12:50:00,0.09627911,False
2026-01-09 12:55:00,0.092254825,False
2026-01-09 13:05:00,0.13162328,False
2026-01-09 13:10:00,0.14008543,False
2026-01-09 13:15:00,0.34206653,True
2026-01-09 13:20:00,0.29419142,False
2026-01-09 13:25:00,0.0669315,False
2026-01-09 13:30:00,0.10356632,False
2026-01-09 13:35:00,0.12788917,False
2026-01-09 13:40:00,0.25202978,False
2026-01-09 13:45:00,0.28208,False
2026-01-09 13:50:00,0.10782719,False
2026-01-09 14:00:00,0.098088406,False
2026-01-09 14:05:00,0.15669873,False
2026-01-09 14:10:00,0.16334404,False
2026-01-09 14:15:00,0.054910827,False
2026-01-09 14:20:00,0.04046808,False
2026-01-09 14:25:00,0.09977599,False
2026-01-09 14:30:00,0.10031086,False
2026-01-09 14:35:00,0.44393846,True
2026-01-09 14:40:00,0.25166273,False
2026-01-09 14:45:00,0.39597154,True
2026-01-09 14:50:00,0.07255698,False
2026-01-09 14:55:00,0.28498322,False
2026-01-09 15:00:00,0.08475218,False
2026-01-09 15:05:00,0.20089014,False
2026-01-09 15:10:00,0.08978782,False
2026-01-09 15:15:00,0.1661462,False
2026-01-09 15:20:00,0.21937703,False
2026-01-09 15:25:00,0.074078,False
2026-01-09 15:30:00,0.496984,True
2026-01-09 15:35:00,0.31364307,False
2026-01-09 15:40:00,0.525447,True
2026-01-09 15:45:00,0.02395759,False
2026-01-09 15:50:00,0.14967428,False
2026-01-09 15:55:00,0.04981342,False
2026-01-09 16:00:00,0.27159718,False
2026-01-09 16:05:00,0.17888542,False
2026-01-09 16:10:00,0.11450147,False
2026-01-09 16:15:00,0.13645643,False
2026-01-09 16:20:00,0.2920358,False
2026-01-09 16:25:00,0.030330658,False
2026-01-09 16:30:00,0.07028777,False
2026-01-09 16:35:00,0.2398508,False
2026-01-09 16:40:00,0.12880464,False
2026-01-09 16:45:00,0.16229326,False
2026-01-09 16:50:00,0.136607,False
2026-01-09 16:55:00,0.050069124,False
2026-01-09 17:00:00,0.09648076,False
2026-01-09 17:05:00,0.23440497,False
2026-01-09 17:10:00,0.28572223,False
2026-01-09 17:15:00,0.13303782,False
2026-01-09 17:20:00,0.23049708,False
2026-01-09 17:25:00,0.18771887,False
2026-01-09 17:30:00,0.06439656,False
2026-01-09 17:40:00,0.06102347,False
2026-01-09 17:45:00,0.12053054,False
2026-01-09 17:50:00,0.12084844,False
2026-01-09 17:55:00,0.12449818,False
2026-01-09 18:05:00,0.15656011,False
2026-01-09 18:10:00,0.1485313,False
2026-01-09 18:20:00,0.07723125,False
2026-01-09 18:25:00,0.23768248,False
2026-01-09 18:30:00,0.04978318,False
2026-01-09 18:45:00,0.14018439,False
2026-01-09 18:50:00,0.45354268,True
2026-01-09 18:55:00,0.07901419,False
2026-01-09 19:05:00,0.08886722,False
2026-01-09 19:20:00,0.11932212,False
2026-01-09 19:25:00,0.0827857,False
2026-01-09 19:30:00,0.07219649,False
2026-01-09 19:35:00,0.15749037,False
2026-01-09 19:40:00,0.104608,False
2026-01-09 19:45:00,0.08864722,False
2026-01-09 19:50:00,0.20702858,False
2026-01-09 19:55:00,0.09880215,False
2026-01-09 20:00:00,0.042007897,False
2026-01-09 20:05:00,0.043339644,False
2026-01-09 20:10:00,0.0995839,False
2026-01-09 20:15:00,0.17504145,False
2026-01-09 20:20:00,0.20938726,False
2026-01-09 20:25:00,0.12585412,False
2026-01-09 20:30:00,0.21695139,False
2026-01-09 20:35:00,0.34087166,True
2026-01-09 20:40:00,0.10770557,False
2026-01-09 20:45:00,0.06314044,False
2026-01-09 20:50:00,0.42461362,True
2026-01-09 20:55:00,0.18220395,False
2026-01-09 21:00:00,0.08229417,False
2026-01-09 21:05:00,0.08371234,False
2026-01-09 21:10:00,0.08843696,False
2026-01-09 21:15:00,0.148331,False
2026-01-09 21:20:00,0.2396812,False
2026-01-09 21:25:00,0.1340358,False
2026-01-09 21:30:00,0.0730559,False
2026-01-09 21:35:00,0.17385143,False
2026-01-09 21:40:00,0.08860523,False
2026-01-09 21:45:00,0.09477431,False
2026-01-09 21:50:00,0.27598652,False
2026-01-09 21:55:00,0.17894675,False
2026-01-09 22:00:00,0.28591537,False
2026-01-09 22:05:00,0.08855298,False
2026-01-09 22:10:00,0.14676526,False
2026-01-09 22:15:00,0.03432963,False
2026-01-09 22:20:00,0.28842524,False
2026-01-09 22:25:00,0.3414379,True
2026-01-09 22:30:00,0.1135327,False
2026-01-09 22:35:00,0.15001677,False
2026-01-09 22:40:00,0.17081682,False
2026-01-09 22:45:00,0.16444106,False
2026-01-09 22:50:00,0.2309851,False
2026-01-09 22:55:00,0.2548997,False
2026-01-09 23:00:00,0.08881891,False
2026-01-09 23:05:00,0.112030394,False
2026-01-09 23:10:00,0.20915323,False
2026-01-09 23:15:00,0.062908016,False
2026-01-09 23:20:00,0.15282972,False
2026-01-09 23:25:00,0.08254863,False
2026-01-09 23:30:00,0.11628258,False
2026-01-09 23:35:00,0.24331003,False
2026-01-09 23:40:00,0.2960851,False
2026-01-09 23:45:00,0.12523234,False
2026-01-09 23:50:00,0.094020136,False
2026-01-09 23:55:00,0.06380132,False
2026-01-10 00:00:00,0.29632246,False
2026-01-10 00:05:00,0.14170487,False
2026-01-10 00:10:00,0.18105854,False
2026-01-10 00:15:00,0.030251415,False
2026-01-10 00:20:00,0.23957334,False
2026-01-10 00:25:00,0.027102573,False
2026-01-10 00:30:00,0.14271578,False
2026-01-10 00:35:00,0.20649971,False
2026-01-10 00:40:00,0.18616144,False
2026-01-10 00:45:00,0.07499758,False
2026-01-10 00:50:00,0.15282212,False
2026-01-10 00:55:00,0.09514675,False
2026-01-10 01:00:00,0.027356535,False
2026-01-10 01:05:00,0.3004033,False
2026-01-10 01:10:00,0.027126348,False
2026-01-10 01:15:00,0.07096722,False
2026-01-10 01:20:00,0.16638584,False
2026-01-10 01:25:00,0.1904523,False
2026-01-10 01:30:00,0.099945575,False
2026-01-10 01:35:00,0.1786316,False
2026-01-10 01:40:00,0.13346694,False
2026-01-10 01:45:00,0.009603767,False
2026-01-10 01:50:00,0.07365108,False
2026-01-10 01:55:00,0.07058295,False
2026-01-10 02:00:00,0.031443335,False
2026-01-10 02:05:00,0.06638514,False
2026-01-10 02:10:00,0.13869664,False
2026-01-10 02:20:00,0.2378702,False
2026-01-10 02:25:00,0.041281518,False
2026-01-10 02:30:00,0.041872323,False
2026-01-10 02:35:00,0.18227725,False
2026-01-10 02:40:00,0.18677218,False
2026-01-10 02:45:00,0.027097493,False
2026-01-10 02:50:00,0.14333044,False
2026-01-10 02:55:00,0.26086336,False
2026-01-10 03:00:00,0.12765302,False
2026-01-10 03:05:00,0.19160591,False
2026-01-10 03:10:00,0.10040017,False
2026-01-10 03:15:00,0.13357614,False
2026-01-10 03:20:00,0.14182834,False
2026-01-10 03:25:00,0.102450736,False
2026-01-10 03:35:00,0.065283515,False
2026-01-10 03:40:00,0.1397621,False
2026-01-10 03:45:00,0.014236458,False
2026-01-10 03:50:00,0.1663281,False
2026-01-10 03:55:00,0.12879755,False
2026-01-10 04:00:00,0.16600712,False
2026-01-10 04:05:00,0.100984685,False
2026-01-10 04:10:00,0.15685676,False
2026-01-10 04:15:00,0.24177998,False
2026-01-10 04:20:00,0.20159371,False
2026-01-10 04:25:00,0.13755047,False
2026-01-10 04:30:00,0.38948488,True
2026-01-10 04:35:00,0.07578825,False
2026-01-10 04:40:00,0.0692547,False
2026-01-10 04:45:00,0.065175034,False
2026-01-10 04:50:00,0.11402456,False
2026-01-10 04:55:00,0.18800302,False
2026-01-10 05:00:00,0.055250183,False
2026-01-10 05:05:00,0.1413637,False
2026-01-10 05:10:00,0.08370053,False
2026-01-10 05:15:00,0.058996785,False
2026-01-10 05:20:00,0.28041318,False
2026-01-10 05:25:00,0.09995306,False
2026-01-10 05:30:00,0.26753256,False
2026-01-10 05:35:00,0.18940152,False
2026-01-10 05:40:00,0.082489125,False
2026-01-10 05:45:00,0.040406663,False
2026-01-10 05:50:00,0.029775148,False
2026-01-10 05:55:00,0.08902887,False
2026-01-10 06:00:00,0.14908563,False
2026-01-10 06:05:00,0.13359268,False
2026-01-10 06:10:00,0.22848535,False
2026-01-10 06:15:00,0.1318725,False
2026-01-10 06:20:00,0.019790504,False
2026-01-10 06:25:00,0.15083517,False
2026-01-10 06:30:00,0.102051176,False
2026-01-10 06:35:00,0.15309781,False
2026-01-10 06:40:00,0.033981524,False
2026-01-10 06:45:00,0.13732864,False
2026-01-10 06:50:00,0.094512515,False
2026-01-10 06:55:00,0.046718955,False
2026-01-10 07:00:00,0.23457442,False
2026-01-10 07:05:00,0.08854004,False
2026-01-10 07:10:00,0.060715687,False
2026-01-10 07:15:00,0.015298626,False
2026-01-10 07:20:00,0.063023545,False
2026-01-10 07:25:00,0.16423063,False
2026-01-10 07:30:00,0.15454237,False
2026-01-10 07:35:00,0.060505774,False
2026-01-10 07:40:00,0.070635274,False
2026-01-10 07:45:00,0.09469849,False
2026-01-10 07:50:00,0.11829558,False
2026-01-10 07:55:00,0.07329878,False
2026-01-10 08:00:00,0.19034004,False
2026-01-10 08:05:00,0.026792703,False
2026-01-10 08:10:00,0.10283739,False
2026-01-10 08:15:00,0.13748248,False
2026-01-10 08:20:00,0.08038752,False
2026-01-10 08:25:00,0.07606729,False
2026-01-10 08:30:00,0.11933893,False
2026-01-10 08:35:00,0.12664028,False
2026-01-10 08:40:00,0.04756759,False
2026-01-10 08:45:00,0.015132576,False
2026-01-10 08:50:00,0.34108123,True
2026-01-10 08:55:00,0.3065131,False
2026-01-10 09:00:00,0.1976685,False
2026-01-10 09:05:00,0.14991887,False
2026-01-10 09:10:00,0.101255395,False
2026-01-10 09:15:00,0.6744998,True
2026-01-10 09:20:00,0.107768215,False
2026-01-10 09:25:00,0.18964182,False
2026-01-10 09:30:00,0.18328834,False
2026-01-10 09:40:00,0.026219698,False
2026-01-10 09:45:00,0.17622893,False
2026-01-10 09:50:00,0.09971521,False
2026-01-10 09:55:00,0.028815448,False
2026-01-10 10:00:00,0.5230146,True
2026-01-10 10:05:00,0.11439761,False
2026-01-10 10:10:00,0.2247466,False
2026-01-10 10:15:00,0.08597449,False
2026-01-10 10:20:00,0.23413529,False
2026-01-10 10:25:00,0.070787914,False
2026-01-10 10:30:00,0.31433508,False
2026-01-10 10:35:00,0.09115318,False
2026-01-10 10:40:00,0.13414873,False
2026-01-10 10:45:00,0.058513388,False
2026-01-10 10:50:00,0.18487376,False
2026-01-10 10:55:00,0.21265458,False
2026-01-10 11:00:00,0.1834002,False
2026-01-10 11:05:00,0.13569468,False
2026-01-10 11:10:00,0.27788433,False
2026-01-10 11:15:00,0.040427554,False
2026-01-10 11:20:00,0.1670685,False
2026-01-10 11:25:00,0.07718281,False
2026-01-10 11:30:00,0.107973754,False
2026-01-10 11:35:00,0.13652661,False
2026-01-10 11:40:00,0.04057132,False
2026-01-10 11:45:00,0.19057357,False
2026-01-10 11:50:00,0.37285575,True
2026-01-10 11:55:00,0.26232645,False
2026-01-10 12:00:00,0.062759966,False
2026-01-10 12:05:00,0.03322777,False
2026-01-10 12:10:00,0.33690557,True
2026-01-10 12:15:00,0.05702888,False
2026-01-10 12:20:00,0.053614784,False
2026-01-10 12:25:00,0.08738649,False
2026-01-10 12:30:00,0.08853519,False
2026-01-10 12:35:00,0.12821941,False
2026-01-10 12:40:00,0.08206118,False
2026-01-10 12:45:00,0.14948186,False
2026-01-10 12:50:00,0.3205328,False
2026-01-10 12:55:00,0.07097415,False
2026-01-10 13:00:00,0.04271121,False
2026-01-10 13:05:00,0.08145258,False
2026-01-10 13:10:00,0.04832831,False
2026-01-10 13:15:00,0.22168721,False
2026-01-10 13:20:00,0.19901593,False
2026-01-10 13:25:00,0.080038525,False
2026-01-10 13:30:00,0.2768037,False
2026-01-10 13:35:00,0.048381787,False
2026-01-10 13:40:00,0.13848938,False
2026-01-10 13:45:00,0.08211683,False
2026-01-10 13:50:00,0.2532049,False
2026-01-10 13:55:00,0.07828235,False
2026-01-10 14:00:00,0.16019113,False
2026-01-10 14:05:00,0.24266551,False
2026-01-10 14:10:00,0.026580468,False
2026-01-10 14:15:00,0.18361445,False
2026-01-10 14:20:00,0.044049952,False
2026-01-10 14:25:00,0.058331568,False
2026-01-10 14:30:00,0.11823682,False
2026-01-10 14:35:00,0.034316417,False
2026-01-10 14:40:00,0.046538245,False
2026-01-10 14:45:00,0.02023237,False
2026-01-10 14:50:00,0.23391093,False
2026-01-10 14:55:00,0.27624652,False
2026-01-10 15:00:00,0.0392298,False
2026-01-10 15:05:00,0.23112662,False
2026-01-10 15:10:00,0.12362248,False
2026-01-10 15:15:00,0.076937504,False
2026-01-10 15:20:00,0.081336476,False
2026-01-10 15:25:00,0.11163362,False
2026-01-10 15:30:00,0.21196425,False
2026-01-10 15:35:00,0.19101195,False
2026-01-10 15:40:00,0.057050128,False
2026-01-10 15:45:00,0.0143944165,False
2026-01-10 15:50:00,0.06011145,False
2026-01-10 15:55:00,0.20439593,False
2026-01-10 16:00:00,0.101772785,False
2026-01-10 16:05:00,0.10079075,False
2026-01-10 16:10:00,0.044072676,False
2026-01-10 16:15:00,0.23200516,False
2026-01-10 16:20:00,0.33706188,True
2026-01-10 16:25:00,0.08365056,False
2026-01-10 16:30:00,0.04009335,False
2026-01-10 16:35:00,0.11122789,False
2026-01-10 16:40:00,0.08693417,False
2026-01-10 16:45:00,0.15342562,False
2026-01-10 16:50:00,0.13868897,False
2026-01-10 16:55:00,0.019254558,False
2026-01-10 17:00:00,0.04963692,False
2026-01-10 17:05:00,0.037710536,False
2026-01-10 17:10:00,0.21489464,False
2026-01-10 17:15:00,0.048679367,False
2026-01-10 17:20:00,0.062819995,False
2026-01-10 17:25:00,0.17161931,False
2026-01-10 17:30:00,0.19305809,False
2026-01-10 17:35:00,0.035499137,False
2026-01-10 17:40:00,0.19142103,False
2026-01-10 17:45:00,0.094270475,False
2026-01-10 17:50:00,0.12346723,False
2026-01-10 18:00:00,0.239667,False
2026-01-10 18:05:00,0.14513265,False
2026-01-10 18:10:00,0.010026917,False
2026-01-10 18:15:00,0.23801316,False
2026-01-10 18:20:00,0.022913015,False
2026-01-10 18:25:00,0.12632039,False
2026-01-10 18:30:00,0.2796936,False
2026-01-10 18:35:00,0.22341293,False
2026-01-10 18:40:00,0.13010584,False
2026-01-10 18:45:00,0.25781795,False
2026-01-10 18:50:00,0.1825624,False
2026-01-10 18:55:00,0.18276252,False
2026-01-10 19:00:00,0.21757287,False
2026-01-10 19:05:00,0.112778634,False
2026-01-10 19:10:00,0.2670299,False
2026-01-10 19:15:00,0.027861208,False
2026-01-10 19:20:00,0.20218913,False
2026-01-10 19:25:00,0.11964888,False
2026-01-10 19:30:00,0.16717905,False
2026-01-10 19:35:00,0.07845164,False
2026-01-10 19:40:00,0.14476515,False
2026-01-10 19:45:00,0.16874522,False
2026-01-10 19:50:00,0.20104122,False
2026-01-10 19:55:00,0.38169172,True
2026-01-10 20:00:00,0.051977325,False
2026-01-10 20:05:00,0.35804704,True
2026-01-10 20:10:00,0.15565361,False
2026-01-10 20:15:00,0.12394274,False
2026-01-10 20:20:00,0.021385038,False
2026-01-10 20:25:00,0.19066077,False
2026-01-10 20:30:00,0.22611809,False
2026-01-10 20:35:00,0.095928855,False
2026-01-10 20:40:00,0.19145018,False
2026-01-10 20:45:00,0.14371194,False
2026-01-10 20:50:00,0.028003948,False
2026-01-10 20:55:00,0.18806829,False
2026-01-10 21:00:00,0.07320524,False
2026-01-10 21:05:00,0.1882277,False
2026-01-10 21:10:00,0.081576295,False
2026-01-10 21:15:00,0.10912744,False
2026-01-10 21:20:00,0.097630836,False
2026-01-10 21:25:00,0.23130214,False
2026-01-10 21:30:00,0.13447617,False
2026-01-10 21:35:00,0.12088516,False
2026-01-10 21:40:00,0.22693338,False
2026-01-10 21:45:00,0.27624488,False
2026-01-10 21:50:00,0.089000165,False
2026-01-10 21:55:00,0.03254843,False
2026-01-10 22:00:00,0.03214708,False
2026-01-10 22:05:00,0.012057544,False
2026-01-10 22:10:00,0.06774685,False
2026-01-10 22:15:00,0.21752767,False
2026-01-10 22:20:00,0.17893876,False
2026-01-10 22:25:00,0.09600059,False
2026-01-10 22:30:00,0.09360003,False
2026-01-10 22:35:00,0.17542475,False
2026-01-10 22:40:00,0.018824559,False
2026-01-10 22:45:00,0.2113034,False
2026-01-10 22:50:00,0.5079223,True
2026-01-10 22:55:00,0.07362787,False
2026-01-10 23:00:00,0.28335333,False
2026-01-10 23:05:00,0.05249572,False
2026-01-10 23:10:00,0.19052379,False
2026-01-10 23:15:00,0.05639836,False
2026-01-10 23:20:00,0.10617584,False
2026-01-10 23:25:00,0.13097379,False
2026-01-10 23:30:00,0.11297974,False
2026-01-10 23:40:00,0.13524917,False
2026-01-10 23:50:00,0.07952825,False
2026-01-10 23:55:00,0.26263914,False
2026-01-11 00:00:00,0.49927616,True
2026-01-11 00:05:00,0.09663478,False
2026-01-11 00:10:00,0.07976403,False
2026-01-11 00:15:00,0.16172168,False
2026-01-11 00:20:00,0.09744865,False
2026-01-11 00:25:00,0.18141203,False
2026-01-11 00:30:00,0.17266701,False
2026-01-11 00:35:00,0.48186395,True
2026-01-11 00:40:00,0.06414246,False
2026-01-11 00:45:00,0.37247273,True
2026-01-11 00:50:00,0.08253983,False
2026-01-11 00:55:00,0.14928126,False
2026-01-11 01:00:00,0.23984511,False
2026-01-11 01:05:00,0.19852114,False
2026-01-11 01:10:00,0.006754469,False
2026-01-11 01:20:00,0.056610003,False
2026-01-11 01:25:00,0.29494506,False
2026-01-11 01:30:00,0.08220352,False
2026-01-11 01:35:00,0.21459734,False
2026-01-11 01:40:00,0.12288523,False
2026-01-11 01:45:00,0.16823395,False
2026-01-11 01:50:00,0.058741834,False
2026-01-11 01:55:00,0.17101313,False
2026-01-11 02:00:00,0.3283358,False
2026-01-11 02:05:00,0.28414175,False
2026-01-11 02:10:00,0.22085278,False
2026-01-11 02:15:00,0.26473513,False
2026-01-11 02:20:00,0.045195747,False
2026-01-11 02:25:00,0.200235,False
2026-01-11 02:30:00,0.11914847,False
2026-01-11 02:35:00,0.06305611,False
2026-01-11 02:40:00,0.073294535,False
2026-01-11 02:45:00,0.05490684,False
2026-01-11 02:50:00,0.21071036,False
2026-01-11 02:55:00,0.15673736,False
2026-01-11 03:00:00,0.2932882,False
2026-01-11 03:05:00,0.19755322,False
2026-01-11 03:10:00,0.11286742,False
2026-01-11 03:15:00,0.14059597,False
2026-01-11 03:20:00,0.15890436,False
2026-01-11 03:25:00,0.10000635,False
2026-01-11 03:30:00,0.047782566,False
2026-01-11 03:35:00,0.10420003,False
2026-01-11 03:40:00,0.17857067,False
2026-01-11 03:45:00,0.28363767,False
2026-01-11 03:50:00,0.11068196,False
2026-01-11 03:55:00,0.07135217,False
2026-01-11 04:00:00,0.10312378,False
2026-01-11 04:05:00,0.11054388,False
2026-01-11 04:10:00,0.2046677,False
2026-01-11 04:15:00,0.2319712,False
2026-01-11 04:20:00,0.08001373,False
2026-01-11 04:25:00,0.14766549,False
2026-01-11 04:30:00,0.091701604,False
2026-01-11 04:35:00,0.07255679,False
2026-01-11 04:40:00,0.06123968,False
2026-01-11 04:45:00,0.0746162,False
2026-01-11 04:50:00,0.03489636,False
2026-01-11 04:55:00,0.071832016,False
2026-01-11 05:00:00,0.06453008,False
2026-01-11 05:05:00,0.22796237,False
2026-01-11 05:10:00,0.07219729,False
2026-01-11 05:15:00,0.085025154,False
2026-01-11 05:20:00,0.15039794,False
2026-01-11 05:25:00,0.045422155,False
2026-01-11 05:30:00,0.18570538,False
2026-01-11 05:35:00,0.07925894,False
2026-01-11 05:40:00,0.1516789,False
2026-01-11 05:45:00,0.09889857,False
2026-01-11 05:50:00,0.10011798,False
2026-01-11 05:55:00,0.114712685,False
2026-01-11 06:00:00,0.32101443,False
2026-01-11 06:05:00,0.098087996,False
2026-01-11 06:10:00,0.12092175,False
2026-01-11 06:15:00,0.094707005,False
2026-01-11 06:20:00,0.21610701,False
2026-01-11 06:25:00,0.096828766,False
2026-01-11 06:30:00,0.22848125,False
2026-01-11 06:35:00,0.13683829,False
2026-01-11 06:40:00,0.093545526,False
2026-01-11 06:45:00,0.19333988,False
2026-01-11 06:50:00,0.03767473,False
2026-01-11 06:55:00,0.087655306,False
2026-01-11 07:00:00,0.12311867,False
2026-01-11 07:05:00,0.046440035,False
2026-01-11 07:10:00,0.07183019,False
2026-01-11 07:15:00,0.053590756,False
2026-01-11 07:20:00,0.32441407,False
2026-01-11 07:25:00,0.05816002,False
2026-01-11 07:30:00,0.10639014,False
2026-01-11 07:35:00,0.07545865,False
2026-01-11 07:40:00,0.033822503,False
2026-01-11 07:45:00,0.05813105,False
2026-01-11 07:50:00,0.11181576,False
2026-01-11 07:55:00,0.06472512,False
2026-01-11 08:00:00,0.14733995,False
2026-01-11 08:05:00,0.05857861,False
2026-01-11 08:10:00,0.45260486,True
2026-01-11 08:15:00,0.18849118,False
2026-01-11 08:20:00,0.15152986,False
2026-01-11 08:30:00,0.11770042,False
2026-01-11 08:35:00,0.16129577,False
2026-01-11 08:40:00,0.13483188,False
2026-01-11 08:45:00,0.06816233,False
2026-01-11 08:50:00,0.0039913836,False
2026-01-11 08:55:00,0.068496235,False
2026-01-11 09:00:00,0.06413053,False
2026-01-11 09:05:00,0.046814572,False
2026-01-11 09:10:00,0.2983084,False
2026-01-11 09:15:00,0.23438728,False
2026-01-11 09:20:00,0.08478618,False
2026-01-11 09:25:00,0.17988555,False
2026-01-11 09:30:00,0.13420048,False
2026-01-11 09:35:00,0.113072135,False
2026-01-11 09:40:00,0.14022797,False
2026-01-11 09:45:00,0.10012349,False
2026-01-11 09:50:00,0.1204772,False
2026-01-11 09:55:00,0.2186753,False
2026-01-11 10:00:00,0.049621418,False
2026-01-11 10:10:00,0.39033613,True
2026-01-11 10:15:00,0.050394263,False
2026-01-11 10:20:00,0.08618801,False
2026-01-11 10:25:00,0.08952337,False
2026-01-11 10:30:00,0.06663182,False
2026-01-11 10:35:00,0.095167376,False
2026-01-11 10:40:00,0.09810544,False
2026-01-11 10:45:00,0.055340037,False
2026-01-11 10:50:00,0.21148126,False
2026-01-11 10:55:00,0.31121773,False
2026-01-11 11:00:00,0.08287847,False
2026-01-11 11:05:00,0.04856993,False
2026-01-11 11:10:00,0.23592372,False
2026-01-11 11:15:00,0.30820188,False
2026-01-11 11:20:00,0.09549115,False
2026-01-11 11:25:00,0.09921026,False
2026-01-11 11:30:00,0.080710866,False
2026-01-11 11:35:00,0.14929545,False
2026-01-11 11:40:00,0.2104698,False
2026-01-11 11:45:00,0.16454111,False
2026-01-11 11:50:00,0.13308187,False
2026-01-11 11:55:00,0.31479895,False
2026-01-11 12:00:00,0.015679082,False
2026-01-11 12:05:00,0.090801954,False
2026-01-11 12:10:00,0.12653893,False
2026-01-11 12:15:00,0.08577467,False
2026-01-11 12:20:00,0.2815545,False
2026-01-11 12:25:00,0.55074304,True
2026-01-11 12:30:00,0.10243797,False
2026-01-11 12:35:00,0.047218636,False
2026-01-11 12:40:00,0.28941223,False
2026-01-11 12:45:00,0.14357044,False
2026-01-11 12:50:00,0.15718317,False
2026-01-11 12:55:00,0.03742396,False
2026-01-11 13:00:00,0.18301749,False
2026-01-11 13:05:00,0.21970266,False
2026-01-11 13:10:00,0.0645564,False
2026-01-11 13:15:00,0.114900924,False
2026-01-11 13:20:00,0.036038052,False
2026-01-11 13:25:00,0.2063862,False
2026-01-11 13:30:00,0.10883546,False
2026-01-11 13:35:00,0.046653796,False
2026-01-11 13:40:00,0.085803814,False
2026-01-11 13:45:00,0.18762253,False
2026-01-11 13:50:00,0.11626288,False
2026-01-11 13:55:00,0.04932927,False
2026-01-11 14:00:00,0.2674247,False
2026-01-11 14:05:00,0.07467147,False
2026-01-11 14:10:00,0.33081508,True
2026-01-11 14:15:00,0.062778585,False
2026-01-11 14:20:00,0.09099695,False
2026-01-11 14:25:00,0.19556461,False
2026-01-11 14:30:00,0.05645488,False
2026-01-11 14:35:00,0.09765175,False
2026-01-11 14:40:00,0.13936676,False
2026-01-11 14:45:00,0.16795231,False
2026-01-11 14:50:00,0.06720804,False
2026-01-11 14:55:00,0.05632503,False
2026-01-11 15:00:00,0.06552536,False
2026-01-11 15:05:00,0.12976111,False
2026-01-11 15:10:00,0.29879466,False
2026-01-11 15:15:00,0.081655756,False
2026-01-11 15:20:00,0.1018551,False
2026-01-11 15:25:00,0.098935045,False
2026-01-11 15:30:00,0.20152496,False
2026-01-11 15:35:00,0.1569605,False
2026-01-11 15:40:00,0.3111491,False
2026-01-11 15:45:00,0.5269682,True
2026-01-11 15:50:00,0.09733494,False
2026-01-11 15:55:00,0.16993457,False
2026-01-11 16:00:00,0.024216726,False
2026-01-11 16:05:00,0.017994659,False
2026-01-11 16:10:00,0.15519391,False
2026-01-11 16:15:00,0.09431526,False
2026-01-11 16:20:00,0.14721231,False
2026-01-11 16:25:00,0.21476854,False
2026-01-11 16:30:00,0.17999075,False
2026-01-11 16:40:00,0.16416664,False
2026-01-11 16:45:00,0.12025318,False
2026-01-11 16:50:00,0.2095149,False
2026-01-11 17:00:00,0.24556507,False
2026-01-11 17:05:00,0.13526087,False
2026-01-11 17:10:00,0.039510597,False
2026-01-11 17:15:00,0.028627217,False
2026-01-11 17:20:00,0.049182296,False
2026-01-11 17:25:00,0.21867298,False
2026-01-11 17:30:00,0.02055933,False
2026-01-11 17:35:00,0.07067389,False
2026-01-11 17:40:00,0.09872726,False
2026-01-11 17:45:00,0.18221097,False
2026-01-11 17:50:00,0.06598675,False
2026-01-11 17:55:00,0.16909175,False
2026-01-11 18:00:00,0.19791083,False
2026-01-11 18:05:00,0.1539862,False
2026-01-11 18:10:00,0.03776734,False
2026-01-11 18:15:00,0.1267067,False
2026-01-11 18:20:00,0.08901898,False
2026-01-11 18:25:00,0.39355162,True
2026-01-11 18:30:00,0.16187723,False
2026-01-11 18:35:00,0.16151343,False
2026-01-11 18:40:00,0.12680982,False
2026-01-11 18:45:00,0.12007415,False
2026-01-11 18:50:00,0.05514987,False
2026-01-11 18:55:00,0.084269024,False
2026-01-11 19:05:00,0.06049196,False
2026-01-11 19:10:00,0.15299387,False
2026-01-11 19:15:00,0.12881172,False
2026-01-11 19:20:00,0.24087243,False
2026-01-11 19:25:00,0.12331811,False
2026-01-11 19:30:00,0.08735153,False
2026-01-11 19:35:00,0.12010995,False
2026-01-11 19:40:00,0.10611556,False
2026-01-11 19:45:00,0.14966486,False
2026-01-11 19:50:00,0.42069396,True
2026-01-11 19:55:00,0.04013035,False
2026-01-11 20:00:00,0.16060154,False
2026-01-11 20:05:00,0.22698687,False
2026-01-11 20:10:00,0.15331058,False
2026-01-11 20:15:00,0.109315544,False
2026-01-11 20:20:00,0.12924555,False
2026-01-11 20:25:00,0.34448853,True
2026-01-11 20:30:00,0.28504142,False
2026-01-11 20:35:00,0.15165536,False
2026-01-11 20:40:00,0.17086108,False
2026-01-11 20:45:00,0.12539613,False
2026-01-11 20:50:00,0.29698673,False
2026-01-11 20:55:00,0.43165305,True
2026-01-11 21:00:00,0.17363231,False
2026-01-11 21:05:00,0.5344691,True
2026-01-11 21:10:00,0.076840535,False
2026-01-11 21:15:00,0.058740273,False
2026-01-11 21:20:00,0.12840556,False
2026-01-11 21:25:00,0.13680623,False
2026-01-11 21:30:00,0.21220803,False
2026-01-11 21:35:00,0.052065566,False
2026-01-11 21:40:00,0.11686217,False
2026-01-11 21:45:00,0.02477122,False
2026-01-11 21:50:00,0.07546409,False
2026-01-11 21:55:00,0.27317593,False
2026-01-11 22:00:00,0.23073553,False
2026-01-11 22:05:00,0.11252575,False
2026-01-11 22:10:00,0.34015933,True
2026-01-11 22:15:00,0.18162785,False
2026-01-11 22:20:00,0.27626172,False
2026-01-11 22:25:00,0.12869458,False
2026-01-11 22:30:00,0.20819478,False
2026-01-11 22:35:00,0.14517008,False
2026-01-11 22:40:00,0.33330718,True
2026-01-11 22:45:00,0.09193098,False
2026-01-11 22:50:00,0.2866607,False
2026-01-11 22:55:00,0.18962644,False
2026-01-11 23:00:00,0.35501063,True
2026-01-11 23:05:00,0.18166232,False
2026-01-11 23:10:00,0.29249075,False
2026-01-11 23:15:00,0.14452794,False
2026-01-11 23:20:00,0.03878504,False
2026-01-11 23:25:00,0.29990196,False
2026-01-11 23:30:00,0.20583963,False
2026-01-11 23:35:00,0.31842047,False
2026-01-11 23:40:00,0.058205545,False
2026-01-11 23:45:00,0.11291499,False
2026-01-11 23:50:00,0.11805644,False
2026-01-11 23:55:00,0.15440333,False
2026-01-12 00:00:00,0.05487934,False
2026-01-12 00:05:00,0.16971312,False
2026-01-12 00:10:00,0.115717,False
2026-01-12 00:15:00,0.027841615,False
2026-01-12 00:20:00,0.13806833,False
2026-01-12 00:25:00,0.08793119,False
2026-01-12 00:30:00,0.1131086,False
2026-01-12 00:35:00,0.029051768,False
2026-01-12 00:40:00,0.26721153,False
2026-01-12 00:45:00,0.13022113,False
2026-01-12 00:50:00,0.027786525,False
2026-01-12 00:55:00,0.048804674,False
2026-01-12 01:00:00,0.17619665,False
2026-01-12 01:05:00,0.09868113,False
2026-01-12 01:10:00,0.0292159,False
2026-01-12 01:15:00,0.1710366,False
2026-01-12 01:20:00,0.058999654,False
2026-01-12 01:25:00,0.04412757,False
2026-01-12 01:30:00,0.47250023,True
2026-01-12 01:35:00,0.109195225,False
2026-01-12 01:40:00,0.041414108,False
2026-01-12 01:45:00,0.06477853,False
2026-01-12 01:50:00,0.12884317,False
2026-01-12 01:55:00,0.054760683,False
2026-01-12 02:00:00,0.18715538,False
2026-01-12 02:05:00,0.07804734,False
2026-01-12 02:10:00,0.079527356,False
2026-01-12 02:15:00,0.025663912,False
2026-01-12 02:20:00,0.09811419,False
2026-01-12 02:25:00,0.09982131,False
2026-01-12 02:30:00,0.028484354,False
2026-01-12 02:35:00,0.009137831,False
2026-01-12 02:40:00,0.066873364,False
2026-01-12 02:45:00,0.12083808,False
2026-01-12 02:50:00,0.08844009,False
2026-01-12 02:55:00,0.092844985,False
2026-01-12 03:00:00,0.08992093,False
2026-01-12 03:05:00,0.035227302,False
2026-01-12 03:10:00,0.0535517,False
2026-01-12 03:15:00,0.026089532,False
2026-01-12 03:20:00,0.11805615,False
2026-01-12 03:25:00,0.12127677,False
2026-01-12 03:30:00,0.013133879,False
2026-01-12 03:35:00,0.1421686,False
2026-01-12 03:40:00,0.03180587,False
2026-01-12 03:45:00,0.296594,False
2026-01-12 03:50:00,0.11301739,False
2026-01-12 03:55:00,0.03555176,False
2026-01-12 04:00:00,0.2747475,False
2026-01-12 04:05:00,0.42707863,True
2026-01-12 04:10:00,0.114091806,False
2026-01-12 04:15:00,0.33791864,True
2026-01-12 04:20:00,0.1802877,False
2026-01-12 04:25:00,0.13954876,False
2026-01-12 04:30:00,0.10102895,False
2026-01-12 04:35:00,0.16619383,False
2026-01-12 04:40:00,0.086752914,False
2026-01-12 04:45:00,0.0644292,False
2026-01-12 04:50:00,0.08019077,False
2026-01-12 04:55:00,0.075681284,False
2026-01-12 05:00:00,0.08547899,False
2026-01-12 05:05:00,0.13726795,False
2026-01-12 05:10:00,0.10401251,False
2026-01-12 05:15:00,0.0928833,False
2026-01-12 05:20:00,0.092219405,False
2026-01-12 05:25:00,0.08030359,False
2026-01-12 05:30:00,0.1257932,False
2026-01-12 05:35:00,0.12544987,False
2026-01-12 05:40:00,0.076395355,False
2026-01-12 05:45:00,0.13787334,False
2026-01-12 05:50:00,0.022968048,False
2026-01-12 05:55:00,0.049046557,False
2026-01-12 06:00:00,0.19256777,False
2026-01-12 06:05:00,0.023442617,False
2026-01-12 06:10:00,0.14483263,False
2026-01-12 06:15:00,0.06501384,False
2026-01-12 06:20:00,0.12516625,False
2026-01-12 06:25:00,0.25869352,False
2026-01-12 06:30:00,0.27936837,False
2026-01-12 06:35:00,0.4550562,True
2026-01-12 06:40:00,0.1450089,False
2026-01-12 06:45:00,0.070402674,False
2026-01-12 06:50:00,0.088930435,False
2026-01-12 06:55:00,0.09730491,False
2026-01-12 07:00:00,0.34568807,True
2026-01-12 07:05:00,0.10848678,False
2026-01-12 07:10:00,0.13521333,False
2026-01-12 07:15:00,0.12332475,False
2026-01-12 07:20:00,0.120496206,False
2026-01-12 07:25:00,0.10584193,False
2026-01-12 07:30:00,0.17147048,False
2026-01-12 07:35:00,0.12425687,False
2026-01-12 07:40:00,0.17756416,False
2026-01-12 07:45:00,0.21895583,False
2026-01-12 07:50:00,0.15994467,False
2026-01-12 07:55:00,0.09731304,False
2026-01-12 08:00:00,0.06445975,False
2026-01-12 08:05:00,0.1236414,False
2026-01-12 08:10:00,0.06705305,False
2026-01-12 08:15:00,0.069212414,False
2026-01-12 08:20:00,0.15681608,False
2026-01-12 08:25:00,0.19163603,False
2026-01-12 08:30:00,0.21290083,False
2026-01-12 08:35:00,0.19679624,False
2026-01-12 08:40:00,0.15256113,False
2026-01-12 08:45:00,0.11169747,False
2026-01-12 08:50:00,0.15754546,False
2026-01-12 08:55:00,0.10253548,False
2026-01-12 09:00:00,0.33871058,True
2026-01-12 09:05:00,0.122753106,False
2026-01-12 09:10:00,0.23544325,False
2026-01-12 09:15:00,0.08817563,False
2026-01-12 09:20:00,0.10230859,False
2026-01-12 09:25:00,0.07896481,False
2026-01-12 09:30:00,0.025695706,False
2026-01-12 09:35:00,0.025580687,False
2026-01-12 09:40:00,0.17631833,False
2026-01-12 09:45:00,0.043351486,False
2026-01-12 09:50:00,0.120972686,False
2026-01-12 09:55:00,0.18745184,False
2026-01-12 10:00:00,0.12021619,False
2026-01-12 10:05:00,0.1389385,False
2026-01-12 10:10:00,0.38043323,True
2026-01-12 10:15:00,0.18169892,False
2026-01-12 10:20:00,0.044482842,False
2026-01-12 10:25:00,0.13422835,False
2026-01-12 10:30:00,0.12720804,False
2026-01-12 10:35:00,0.38252667,True
2026-01-12 10:40:00,0.13045014,False
2026-01-12 10:45:00,0.054847438,False
2026-01-12 10:50:00,0.22837055,False
2026-01-12 10:55:00,0.35073295,True
2026-01-12 11:00:00,0.061694834,False
2026-01-12 11:05:00,0.118384324,False
2026-01-12 11:10:00,0.3214215,False
2026-01-12 11:15:00,0.0809579,False
2026-01-12 11:20:00,0.111838736,False
2026-01-12 11:25:00,0.09925067,False
2026-01-12 11:30:00,0.1749909,False
2026-01-12 11:35:00,0.12610511,False
2026-01-12 11:40:00,0.09290599,False
2026-01-12 11:45:00,0.06837187,False
2026-01-12 11:50:00,0.19109862,False
2026-01-12 11:55:00,0.06776665,False
2026-01-12 12:00:00,0.059459697,False
2026-01-12 12:05:00,0.027556261,False
2026-01-12 12:10:00,0.22642328,False
2026-01-12 12:15:00,0.25247368,False
2026-01-12 12:20:00,0.13146915,False
2026-01-12 12:25:00,0.115966104,False
2026-01-12 12:30:00,0.13804452,False
2026-01-12 12:35:00,0.069421954,False
2026-01-12 12:40:00,0.15155418,False
2026-01-12 12:45:00,0.09651252,False
2026-01-12 12:50:00,0.15238892,False
2026-01-12 12:55:00,0.1162278,False
2026-01-12 13:00:00,0.17702998,False
2026-01-12 13:05:00,0.08495543,False
2026-01-12 13:10:00,0.12042578,False
2026-01-12 13:15:00,0.09978384,False
2026-01-12 13:20:00,0.1602537,False
2026-01-12 13:25:00,0.12467221,False
2026-01-12 13:30:00,0.19586813,False
2026-01-12 13:35:00,0.17001309,False
2026-01-12 13:40:00,0.07363995,False
2026-01-12 13:45:00,0.24702115,False
2026-01-12 13:50:00,0.09174832,False
2026-01-12 13:55:00,0.10099652,False
2026-01-12 14:00:00,0.108505405,False
2026-01-12 14:05:00,0.19662382,False
2026-01-12 14:10:00,0.12297755,False
2026-01-12 14:15:00,0.06662601,False
2026-01-12 14:20:00,0.23513271,False
2026-01-12 14:30:00,0.045798797,False
2026-01-12 14:35:00,0.19181384,False
2026-01-12 14:40:00,0.24865197,False
2026-01-12 14:45:00,0.35065436,True
2026-01-12 14:50:00,0.3286827,False
2026-01-12 14:55:00,0.07943223,False
2026-01-12 15:00:00,0.2023456,False
2026-01-12 15:05:00,0.09185618,False
2026-01-12 15:10:00,0.10025027,False
2026-01-12 15:15:00,0.2459578,False
2026-01-12 15:20:00,0.19752203,False
2026-01-12 15:25:00,0.38150382,True
2026-01-12 15:30:00,0.07320387,False
2026-01-12 15:35:00,0.06296179,False
2026-01-12 15:40:00,0.118116595,False
2026-01-12 15:45:00,0.19788755,False
2026-01-12 15:50:00,0.060142744,False
2026-01-12 15:55:00,0.05610083,False
2026-01-12 16:00:00,0.061132576,False
2026-01-12 16:05:00,0.10327955,False
2026-01-12 16:10:00,0.23861164,False
2026-01-12 16:15:00,0.06961256,False
2026-01-12 16:20:00,0.09741444,False
2026-01-12 16:25:00,0.02459901,False
2026-01-12 16:35:00,0.21492392,False
2026-01-12 16:40:00,0.18845685,False
2026-01-12 16:45:00,0.25635868,False
2026-01-12 16:50:00,0.23041074,False
2026-01-12 16:55:00,0.36069956,True
2026-01-12 17:00:00,0.056233656,False
2026-01-12 17:05:00,0.15830952,False
2026-01-12 17:10:00,0.030593202,False
2026-01-12 17:15:00,0.46672675,True
2026-01-12 17:20:00,0.18855663,False
2026-01-12 17:25:00,0.08605067,False
2026-01-12 17:30:00,0.29516298,False
2026-01-12 17:35:00,0.14982474,False
2026-01-12 17:40:00,0.10781947,False
2026-01-12 17:45:00,0.083979525,False
2026-01-12 17:50:00,0.13615555,False
2026-01-12 17:55:00,0.1370769,False
2026-01-12 18:00:00,0.14626582,False
2026-01-12 18:05:00,0.07906011,False
2026-01-12 18:10:00,0.17169566,False
2026-01-12 18:15:00,0.14336409,False
2026-01-12 18:25:00,0.10874035,False
2026-01-12 18:30:00,0.28286004,False
2026-01-12 18:35:00,0.1291563,False
2026-01-12 18:40:00,0.2175975,False
2026-01-12 18:45:00,0.060496494,False
2026-01-12 19:00:00,0.2997033,False
2026-01-12 19:05:00,0.34198698,True
2026-01-12 19:10:00,0.19935207,False
2026-01-12 19:25:00,0.22149527,False
2026-01-12 19:30:00,0.16117977,False
2026-01-12 19:45:00,0.20632124,False
2026-01-12 19:55:00,0.07378442,False
2026-01-12 20:00:00,0.115059055,False
2026-01-12 20:05:00,0.13083582,False
2026-01-12 20:10:00,0.3958998,True
2026-01-12 20:15:00,0.04947209,False
2026-01-12 20:20:00,0.07748942,False
2026-01-12 20:25:00,0.33289957,True
2026-01-12 20:30:00,0.022885926,False
2026-01-12 20:35:00,0.12240925,False
2026-01-12 20:40:00,0.1102357,False
2026-01-12 20:45:00,0.11382541,False
2026-01-12 20:50:00,0.015429617,False
2026-01-12 21:00:00,0.09746606,False
2026-01-12 21:05:00,0.011682466,False
2026-01-12 21:10:00,0.21372844,False
2026-01-12 21:15:00,0.5083062,True
2026-01-12 21:20:00,0.13075864,False
2026-01-12 21:25:00,0.14268848,False
2026-01-12 21:30:00,0.0115746595,False
2026-01-12 21:35:00,0.15103307,False
2026-01-12 21:40:00,0.2158087,False
2026-01-12 21:45:00,0.087546766,False
2026-01-12 21:50:00,0.11680556,False
2026-01-12 21:55:00,0.3377305,True
2026-01-12 22:00:00,0.23916686,False
2026-01-12 22:05:00,0.02138701,False
2026-01-12 22:10:00,0.08323784,False
2026-01-12 22:20:00,0.06843837,False
2026-01-12 22:25:00,0.21380436,False
2026-01-12 22:30:00,0.16402592,False
2026-01-12 22:35:00,0.12633252,False
2026-01-12 22:40:00,0.088321716,False
2026-01-12 22:50:00,0.07497132,False
2026-01-12 22:55:00,0.06433461,False
2026-01-12 23:00:00,0.06535404,False
2026-01-12 23:05:00,0.013091847,False
2026-01-12 23:10:00,0.28079897,False
2026-01-12 23:15:00,0.019891275,False
2026-01-12 23:20:00,0.17579292,False
2026-01-12 23:25:00,0.15305065,False
2026-01-12 23:30:00,0.12025783,False
2026-01-12 23:35:00,0.048629012,False
2026-01-12 23:40:00,0.1008169,False
2026-01-12 23:45:00,0.03902421,False
2026-01-12 23:50:00,0.18356347,False
2026-01-12 23:55:00,0.067754425,False
2026-01-13 00:00:00,0.20867682,False
2026-01-13 00:05:00,0.2427542,False
2026-01-13 00:10:00,0.07729228,False
2026-01-13 00:15:00,0.051323816,False
2026-01-13 00:20:00,0.061520502,False
2026-01-13 00:25:00,0.042479753,False
2026-01-13 00:30:00,0.019040842,False
2026-01-13 00:35:00,0.13692936,False
2026-01-13 00:40:00,0.08650259,False
2026-01-13 00:45:00,0.13730358,False
2026-01-13 00:50:00,0.0123821,False
2026-01-13 00:55:00,0.23358388,False
2026-01-13 01:00:00,0.022393027,False
2026-01-13 01:05:00,0.08856538,False
2026-01-13 01:10:00,0.15384908,False
2026-01-13 01:15:00,0.092601925,False
2026-01-13 01:20:00,0.13370144,False
2026-01-13 01:25:00,0.1218473,False
2026-01-13 01:30:00,0.17891304,False
2026-01-13 01:35:00,0.15114328,False
2026-01-13 01:40:00,0.10997351,False
2026-01-13 01:45:00,0.072711244,False
2026-01-13 01:50:00,0.21000844,False
2026-01-13 01:55:00,0.037090346,False
2026-01-13 02:00:00,0.095121086,False
2026-01-13 02:05:00,0.045853645,False
2026-01-13 02:10:00,0.005690291,False
2026-01-13 02:15:00,0.11053849,False
2026-01-13 02:20:00,0.13083188,False
2026-01-13 02:25:00,0.031532217,False
2026-01-13 02:30:00,0.111319065,False
2026-01-13 02:35:00,0.29361948,False
2026-01-13 02:40:00,0.086096175,False
2026-01-13 02:45:00,0.070162706,False
2026-01-13 02:50:00,0.031318404,False
2026-01-13 02:55:00,0.0682134,False
2026-01-13 03:00:00,0.08314371,False
2026-01-13 03:05:00,0.27531663,False
2026-01-13 03:10:00,0.14738224,False
2026-01-13 03:15:00,0.059332296,False
2026-01-13 03:20:00,0.18906128,False
2026-01-13 03:25:00,0.11783585,False
2026-01-13 03:30:00,0.4619384,True
2026-01-13 03:35:00,0.33747995,True
2026-01-13 03:40:00,0.0680762,False
2026-01-13 03:45:00,0.1709115,False
2026-01-13 03:50:00,0.18412991,False
2026-01-13 03:55:00,0.24626155,False
2026-01-13 04:00:00,0.051956937,False
2026-01-13 04:05:00,0.07354204,False
2026-01-13 04:10:00,0.0728716,False
2026-01-13 04:15:00,0.03738868,False
2026-01-13 04:20:00,0.33084294,True
2026-01-13 04:25:00,0.3929995,True
2026-01-13 04:30:00,0.05847911,False
2026-01-13 04:35:00,0.086940795,False
2026-01-13 04:40:00,0.13487063,False
2026-01-13 04:45:00,0.03086687,False
2026-01-13 04:50:00,0.071142025,False
2026-01-13 04:55:00,0.24983741,False
2026-01-13 05:00:00,0.0634094,False
2026-01-13 05:05:00,0.41129878,True
2026-01-13 05:10:00,0.10914681,False
2026-01-13 05:15:00,0.024817863,False
2026-01-13 05:20:00,0.17550553,False
2026-01-13 05:25:00,0.3293793,False
2026-01-13 05:30:00,0.100734316,False
2026-01-13 05:35:00,0.15599991,False
2026-01-13 05:40:00,0.08798418,False
2026-01-13 05:45:00,0.05096267,False
2026-01-13 05:50:00,0.12620105,False
2026-01-13 05:55:00,0.32635614,False
2026-01-13 06:00:00,0.09156602,False
2026-01-13 06:05:00,0.03800713,False
2026-01-13 06:10:00,0.1388203,False
2026-01-13 06:15:00,0.12988041,False
2026-01-13 06:20:00,0.48649943,True
2026-01-13 06:25:00,0.16463633,False
2026-01-13 06:30:00,0.25407127,False
2026-01-13 06:35:00,0.03976084,False
2026-01-13 06:40:00,0.3701897,True
2026-01-13 06:45:00,0.32759824,False
2026-01-13 06:50:00,0.12794657,False
2026-01-13 06:55:00,0.47946355,True
2026-01-13 07:00:00,0.123684645,False
2026-01-13 07:05:00,0.2518222,False
2026-01-13 07:10:00,0.056813642,False
2026-01-13 07:15:00,0.045693204,False
2026-01-13 07:20:00,0.15116324,False
2026-01-13 07:25:00,0.28051087,False
2026-01-13 07:30:00,0.03461431,False
2026-01-13 07:35:00,0.0950753,False
2026-01-13 07:40:00,0.18542711,False
2026-01-13 07:45:00,0.08688017,False
2026-01-13 07:50:00,0.09459599,False
2026-01-13 07:55:00,0.10684217,False
2026-01-13 08:00:00,0.17092443,False
2026-01-13 08:05:00,0.20585275,False
2026-01-13 08:10:00,0.024515241,False
2026-01-13 08:15:00,0.020156538,False
2026-01-13 08:20:00,0.0938843,False
2026-01-13 08:25:00,0.11547142,False
2026-01-13 08:30:00,0.15966068,False
2026-01-13 08:35:00,0.3290229,False
2026-01-13 08:40:00,0.13915735,False
2026-01-13 08:45:00,0.23623596,False
2026-01-13 08:50:00,0.06663457,False
2026-01-13 08:55:00,0.015636612,False
2026-01-13 09:00:00,0.034006886,False
2026-01-13 09:05:00,0.10454609,False
2026-01-13 09:10:00,0.18072586,False
2026-01-13 09:15:00,0.042934824,False
2026-01-13 09:20:00,0.1700328,False
2026-01-13 09:25:00,0.19293426,False
2026-01-13 09:30:00,0.26737887,False
2026-01-13 09:35:00,0.3233005,False
2026-01-13 09:40:00,0.07065936,False
2026-01-13 09:45:00,0.16482039,False
2026-01-13 09:50:00,0.52816725,True
2026-01-13 09:55:00,0.044393633,False
2026-01-13 10:00:00,0.050006766,False
2026-01-13 10:05:00,0.25276694,False
2026-01-13 10:10:00,0.1280882,False
2026-01-13 10:20:00,0.09031439,False
2026-01-13 10:25:00,0.17735724,False
2026-01-13 10:30:00,0.048994735,False
2026-01-13 10:35:00,0.20354848,False
2026-01-13 10:40:00,0.14363857,False
2026-01-13 10:45:00,0.1942138,False
2026-01-13 10:50:00,0.120334126,False
2026-01-13 10:55:00,0.16287132,False
2026-01-13 11:00:00,0.060425308,False
2026-01-13 11:05:00,0.14692074,False
2026-01-13 11:10:00,0.089831494,False
2026-01-13 11:15:00,0.0426355,False
2026-01-13 11:20:00,0.09732559,False
2026-01-13 11:25:00,0.08188742,False
2026-01-13 11:30:00,0.047055762,False
2026-01-13 11:35:00,0.12071419,False
2026-01-13 11:40:00,0.115537524,False
2026-01-13 11:45:00,0.2670761,False
2026-01-13 11:55:00,0.1520359,False
2026-01-13 12:00:00,0.12558983,False
2026-01-13 12:05:00,0.0181768,False
2026-01-13 12:10:00,0.028237373,False
2026-01-13 12:15:00,0.028635234,False
2026-01-13 12:20:00,0.099069886,False
2026-01-13 12:25:00,0.051966023,False
2026-01-13 12:30:00,0.01791575,False
2026-01-13 12:35:00,0.090116344,False
2026-01-13 12:40:00,0.09524939,False
2026-01-13 12:45:00,0.1454014,False
2026-01-13 12:50:00,0.041243102,False
2026-01-13 12:55:00,0.16670738,False
2026-01-13 13:00:00,0.23694365,False
2026-01-13 13:05:00,0.21104972,False
2026-01-13 13:10:00,0.07107004,False
2026-01-13 13:15:00,0.25061986,False
2026-01-13 13:20:00,0.11621469,False
2026-01-13 13:25:00,0.1615368,False
2026-01-13 13:30:00,0.07765227,False
2026-01-13 13:35:00,0.18935339,False
2026-01-13 13:40:00,0.18286808,False
2026-01-13 13:45:00,0.10513019,False
2026-01-13 13:50:00,0.09080002,False
2026-01-13 14:00:00,0.032692466,False
2026-01-13 14:05:00,0.22536284,False
2026-01-13 14:10:00,0.114325054,False
2026-01-13 14:15:00,0.15453173,False
2026-01-13 14:20:00,0.14936976,False
2026-01-13 14:25:00,0.30756435,False
2026-01-13 14:30:00,0.056732565,False
2026-01-13 14:35:00,0.100833714,False
2026-01-13 14:40:00,0.059482235,False
2026-01-13 14:45:00,0.3449796,True
2026-01-13 14:50:00,0.024426525,False
2026-01-13 14:55:00,0.07042556,False
2026-01-13 15:00:00,0.033178404,False
2026-01-13 15:05:00,0.13682309,False
2026-01-13 15:10:00,0.05744713,False
2026-01-13 15:15:00,0.13078724,False
2026-01-13 15:20:00,0.015551,False
2026-01-13 15:25:00,0.15771368,False
2026-01-13 15:30:00,0.20971626,False
2026-01-13 15:35:00,0.21150823,False
2026-01-13 15:40:00,0.1092464,False
2026-01-13 15:45:00,0.21021844,False
2026-01-13 15:50:00,0.07174927,False
2026-01-13 15:55:00,0.42989346,True
2026-01-13 16:00:00,0.056529332,False
2026-01-13 16:05:00,0.10913145,False
2026-01-13 16:10:00,0.028288981,False
2026-01-13 16:15:00,0.1889577,False
2026-01-13 16:20:00,0.128058,False
2026-01-13 16:25:00,0.080756895,False
2026-01-13 16:30:00,0.04698697,False
2026-01-13 16:35:00,0.14318414,False
2026-01-13 16:45:00,0.098082565,False
2026-01-13 16:50:00,0.09806795,False
2026-01-13 16:55:00,0.16507308,False
2026-01-13 17:00:00,0.12536003,False
2026-01-13 17:05:00,0.25337544,False
2026-01-13 17:10:00,0.07080007,False
2026-01-13 17:15:00,0.3892051,True
2026-01-13 17:20:00,0.10446147,False
2026-01-13 17:25:00,0.19147247,False
2026-01-13 17:30:00,0.24492168,False
2026-01-13 17:35:00,0.15639722,False
2026-01-13 17:40:00,0.05166674,False
2026-01-13 17:45:00,0.16551729,False
2026-01-13 17:55:00,0.13142519,False
2026-01-13 18:00:00,0.38855267,True
2026-01-13 18:05:00,0.13652034,False
2026-01-13 18:10:00,0.064484954,False
2026-01-13 18:15:00,0.08031719,False
2026-01-13 18:20:00,0.08449619,False
2026-01-13 18:25:00,0.26508388,False
2026-01-13 18:35:00,0.102849536,False
2026-01-13 18:40:00,0.16258512,False
2026-01-13 18:50:00,0.043143466,False
2026-01-13 18:55:00,0.35827878,True
2026-01-13 19:00:00,0.11644969,False
2026-01-13 19:05:00,0.10328584,False
2026-01-13 19:20:00,0.16371188,False
2026-01-13 19:25:00,0.29084697,False
2026-01-13 19:40:00,0.0897167,False
2026-01-13 19:45:00,0.101524286,False
2026-01-13 19:50:00,0.087901704,False
2026-01-13 20:00:00,0.22843973,False
2026-01-13 20:05:00,0.07511665,False
2026-01-13 20:15:00,0.29821652,False
2026-01-13 20:20:00,0.058857873,False
2026-01-13 20:25:00,0.18516453,False
2026-01-13 20:30:00,0.12858991,False
2026-01-13 20:35:00,0.060412463,False
2026-01-13 20:40:00,0.077183865,False
2026-01-13 20:45:00,0.21616697,False
2026-01-13 20:50:00,0.20378171,False
2026-01-13 20:55:00,0.12604265,False
2026-01-13 21:00:00,0.45179272,True
2026-01-13 21:05:00,0.18369712,False
2026-01-13 21:15:00,0.11065661,False
2026-01-13 21:20:00,0.32947296,False
2026-01-13 21:25:00,0.2303974,False
2026-01-13 21:30:00,0.32474095,False
2026-01-13 21:35:00,0.023522906,False
2026-01-13 21:40:00,0.08154183,False
2026-01-13 21:45:00,0.2533206,False
2026-01-13 21:50:00,0.11216236,False
2026-01-13 21:55:00,0.119301766,False
2026-01-13 22:00:00,0.144933,False
2026-01-13 22:05:00,0.26780543,False
2026-01-13 22:10:00,0.2270881,False
2026-01-13 22:15:00,0.20101666,False
2026-01-13 22:20:00,0.06481201,False
2026-01-13 22:25:00,0.10986667,False
2026-01-13 22:30:00,0.13483156,False
2026-01-13 22:35:00,0.18289423,False
2026-01-13 22:40:00,0.25460532,False
2026-01-13 22:45:00,0.1889056,False
2026-01-13 22:50:00,0.053240195,False
2026-01-13 22:55:00,0.26171887,False
2026-01-13 23:00:00,0.06485575,False
2026-01-13 23:05:00,0.023133779,False
2026-01-13 23:10:00,0.3850954,True
2026-01-13 23:15:00,0.05656742,False
2026-01-13 23:20:00,0.0693221,False
2026-01-13 23:25:00,0.113304295,False
2026-01-13 23:30:00,0.05954802,False
2026-01-13 23:35:00,0.34615842,True
2026-01-13 23:40:00,0.17791872,False
2026-01-13 23:45:00,0.07935189,False
2026-01-13 23:50:00,0.2130121,False
2026-01-13 23:55:00,0.06209056,False
2026-01-14 00:00:00,0.28099036,False
2026-01-14 00:05:00,0.038556147,False
2026-01-14 00:10:00,0.15583964,False
2026-01-14 00:15:00,0.3290663,False
2026-01-14 00:20:00,0.048129242,False
2026-01-14 00:25:00,0.2800079,False
2026-01-14 00:30:00,0.10023218,False
2026-01-14 00:40:00,0.051853254,False
2026-01-14 00:45:00,0.20612384,False
2026-01-14 00:50:00,0.046501875,False
2026-01-14 00:55:00,0.06353806,False
2026-01-14 01:00:00,0.13076597,False
2026-01-14 01:05:00,0.089556724,False
2026-01-14 01:10:00,0.1982088,False
2026-01-14 01:15:00,0.24679147,False
2026-01-14 01:20:00,0.15874012,False
2026-01-14 01:25:00,0.1643372,False
2026-01-14 01:30:00,0.06346677,False
2026-01-14 01:35:00,0.11310605,False
2026-01-14 01:40:00,0.04339239,False
2026-01-14 01:45:00,0.06940599,False
2026-01-14 01:50:00,0.16520192,False
2026-01-14 01:55:00,0.08282898,False
2026-01-14 02:00:00,0.30255792,False
2026-01-14 02:05:00,0.11519673,False
2026-01-14 02:10:00,0.09078639,False
2026-01-14 02:15:00,0.05418122,False
2026-01-14 02:20:00,0.20523185,False
2026-01-14 02:25:00,0.05332819,False
2026-01-14 02:30:00,0.027761186,False
2026-01-14 02:35:00,0.1337544,False
2026-01-14 02:40:00,0.08842506,False
2026-01-14 02:45:00,0.4355445,True
2026-01-14 02:50:00,0.13669956,False
2026-01-14 02:55:00,0.13681187,False
2026-01-14 03:00:00,0.16375168,False
2026-01-14 03:05:00,0.12436214,False
2026-01-14 03:10:00,0.21731585,False
2026-01-14 03:15:00,0.18122856,False
2026-01-14 03:20:00,0.27538556,False
2026-01-14 03:25:00,0.14041099,False
2026-01-14 03:30:00,0.16187184,False
2026-01-14 03:35:00,0.17010236,False
2026-01-14 03:40:00,0.16154377,False
2026-01-14 03:45:00,0.013094517,False
2026-01-14 03:50:00,0.16911119,False
2026-01-14 03:55:00,0.18324693,False
2026-01-14 04:00:00,0.07702743,False
2026-01-14 04:05:00,0.030648584,False
2026-01-14 04:10:00,0.1379175,False
2026-01-14 04:15:00,0.12558553,False
2026-01-14 04:20:00,0.09854481,False
2026-01-14 04:25:00,0.15986742,False
2026-01-14 04:30:00,0.088143826,False
2026-01-14 04:35:00,0.04528861,False
2026-01-14 04:40:00,0.048237074,False
2026-01-14 04:45:00,0.06092423,False
2026-01-14 04:50:00,0.03917485,False
2026-01-14 04:55:00,0.09752706,False
2026-01-14 05:00:00,0.083904296,False
2026-01-14 05:05:00,0.27570078,False
2026-01-14 05:10:00,0.1389388,False
2026-01-14 05:15:00,0.089198105,False
2026-01-14 05:20:00,0.1669917,False
2026-01-14 05:25:00,0.34102413,True
2026-01-14 05:30:00,0.027955271,False
2026-01-14 05:35:00,0.1714803,False
2026-01-14 05:40:00,0.022372065,False
2026-01-14 05:45:00,0.059954528,False
2026-01-14 05:50:00,0.090454645,False
2026-01-14 05:55:00,0.17306368,False
2026-01-14 06:00:00,0.0091625275,False
2026-01-14 06:10:00,0.08097575,False
2026-01-14 06:15:00,0.1051807,False
2026-01-14 06:20:00,0.18892543,False
2026-01-14 06:25:00,0.15106605,False
2026-01-14 06:30:00,0.068534516,False
2026-01-14 06:35:00,0.105987765,False
2026-01-14 06:40:00,0.28501332,False
2026-01-14 06:45:00,0.054806143,False
2026-01-14 06:50:00,0.05602337,False
2026-01-14 06:55:00,0.2666962,False
2026-01-14 07:00:00,0.045155317,False
2026-01-14 07:05:00,0.111361004,False
2026-01-14 07:10:00,0.05592842,False
2026-01-14 07:15:00,0.25836173,False
2026-01-14 07:20:00,0.36452332,True
2026-01-14 07:25:00,0.09931034,False
2026-01-14 07:30:00,0.04009829,False
2026-01-14 07:35:00,0.032878306,False
2026-01-14 07:40:00,0.12137121,False
2026-01-14 07:45:00,0.052992273,False
2026-01-14 07:50:00,0.14777628,False
2026-01-14 07:55:00,0.14020671,False
2026-01-14 08:00:00,0.06972132,False
2026-01-14 08:05:00,0.15720977,False
2026-01-14 08:10:00,0.14470875,False
2026-01-14 08:15:00,0.042923946,False
2026-01-14 08:20:00,0.570445,True
2026-01-14 08:25:00,0.28937855,False
2026-01-14 08:30:00,0.03798676,False
2026-01-14 08:35:00,0.18356849,False
2026-01-14 08:40:00,0.037339583,False
2026-01-14 08:45:00,0.4518621,True
2026-01-14 08:50:00,0.3974488,True
2026-01-14 08:55:00,0.15612708,False
2026-01-14 09:00:00,0.35223913,True
2026-01-14 09:05:00,0.12594263,False
2026-01-14 09:10:00,0.13940607,False
2026-01-14 09:15:00,0.15018581,False
2026-01-14 09:20:00,0.1288199,False
2026-01-14 09:25:00,0.2731112,False
2026-01-14 09:30:00,0.11078364,False
2026-01-14 09:35:00,0.236057,False
2026-01-14 09:40:00,0.26503843,False
2026-01-14 09:45:00,0.08044263,False
2026-01-14 09:50:00,0.45095405,True
2026-01-14 09:55:00,0.35999522,True
2026-01-14 10:00:00,0.0662384,False
2026-01-14 10:05:00,0.53533566,True
2026-01-14 10:10:00,0.08242565,False
2026-01-14 10:15:00,0.1462645,False
2026-01-14 10:20:00,0.0974566,False
2026-01-14 10:25:00,0.07288099,False
2026-01-14 10:30:00,0.055672497,False
2026-01-14 10:35:00,0.20895167,False
2026-01-14 10:40:00,0.30714008,False
2026-01-14 10:50:00,0.13735236,False
2026-01-14 10:55:00,0.19806199,False
2026-01-14 11:00:00,0.21793622,False
2026-01-14 11:05:00,0.13249351,False
2026-01-14 11:10:00,0.18487959,False
2026-01-14 11:15:00,0.11919391,False
2026-01-14 11:20:00,0.4307795,True
2026-01-14 11:25:00,0.195414,False
2026-01-14 11:30:00,0.06257958,False
2026-01-14 11:35:00,0.04726943,False
2026-01-14 11:40:00,0.10830045,False
2026-01-14 11:45:00,0.15418379,False
2026-01-14 11:50:00,0.025547272,False
2026-01-14 11:55:00,0.36684227,True
2026-01-14 12:00:00,0.017908765,False
2026-01-14 12:05:00,0.29345375,False
2026-01-14 12:10:00,0.06982175,False
2026-01-14 12:15:00,0.028612502,False
2026-01-14 12:20:00,0.35312632,True
2026-01-14 12:25:00,0.27518618,False
2026-01-14 12:30:00,0.14318,False
2026-01-14 12:35:00,0.15951297,False
2026-01-14 12:40:00,0.0180625,False
2026-01-14 12:45:00,0.1451353,False
2026-01-14 12:50:00,0.35126767,True
2026-01-14 12:55:00,0.19620478,False
2026-01-14 13:00:00,0.24251902,False
2026-01-14 13:05:00,0.021681802,False
2026-01-14 13:10:00,0.10189033,False
2026-01-14 13:15:00,0.026037233,False
2026-01-14 13:20:00,0.08830798,False
2026-01-14 13:25:00,0.18046682,False
2026-01-14 13:30:00,0.13067524,False
2026-01-14 13:35:00,0.24928558,False
2026-01-14 13:40:00,0.14427112,False
2026-01-14 13:45:00,0.063184924,False
2026-01-14 13:50:00,0.049275402,False
2026-01-14 13:55:00,0.086191416,False
2026-01-14 14:00:00,0.21354096,False
2026-01-14 14:05:00,0.15776266,False
2026-01-14 14:10:00,0.13501067,False
2026-01-14 14:15:00,0.32328996,False
2026-01-14 14:20:00,0.056391567,False
2026-01-14 14:25:00,0.18148285,False
2026-01-14 14:30:00,0.09697163,False
2026-01-14 14:35:00,0.060427353,False
2026-01-14 14:40:00,0.13056147,False
2026-01-14 14:45:00,0.42593715,True
2026-01-14 14:50:00,0.50013834,True
2026-01-14 14:55:00,0.11334697,False
2026-01-14 15:00:00,0.15355854,False
2026-01-14 15:05:00,0.07603449,False
2026-01-14 15:10:00,0.17898114,False
2026-01-14 15:15:00,0.2252018,False
2026-01-14 15:20:00,0.10626445,False
2026-01-14 15:25:00,0.021306971,False
2026-01-14 15:30:00,0.5397626,True
2026-01-14 15:35:00,0.16470142,False
2026-01-14 15:40:00,0.14871879,False
2026-01-14 15:45:00,0.03997401,False
2026-01-14 15:50:00,0.18903959,False
2026-01-14 15:55:00,0.026988143,False
2026-01-14 16:00:00,0.08822315,False
2026-01-14 16:05:00,0.24347146,False
2026-01-14 16:10:00,0.10678625,False
2026-01-14 16:15:00,0.25433823,False
2026-01-14 16:20:00,0.26206383,False
2026-01-14 16:25:00,0.33523726,True
2026-01-14 16:30:00,0.10577831,False
2026-01-14 16:35:00,0.018117022,False
2026-01-14 16:40:00,0.04431914,False
2026-01-14 16:45:00,0.046303254,False
2026-01-14 16:50:00,0.20389849,False
2026-01-14 16:55:00,0.13656332,False
2026-01-14 17:00:00,0.3533697,True
2026-01-14 17:05:00,0.2114257,False
2026-01-14 17:10:00,0.35295773,True
2026-01-14 17:15:00,0.014919999,False
2026-01-14 17:20:00,0.09810061,False
2026-01-14 17:25:00,0.105682015,False
2026-01-14 17:30:00,0.1951192,False
2026-01-14 17:35:00,0.08672139,False
2026-01-14 17:40:00,0.18741195,False
2026-01-14 17:45:00,0.2191645,False
2026-01-14 17:50:00,0.05263179,False
2026-01-14 17:55:00,0.23847304,False
2026-01-14 18:05:00,0.056983728,False
2026-01-14 18:15:00,0.085710436,False
2026-01-14 18:20:00,0.1538897,False
2026-01-14 18:30:00,0.2056431,False
2026-01-14 18:35:00,0.05818224,False
2026-01-14 18:40:00,0.07528729,False
2026-01-14 18:50:00,0.08292287,False
2026-01-14 19:00:00,0.20511107,False
2026-01-14 19:05:00,0.0917554,False
2026-01-14 19:10:00,0.17395969,False
2026-01-14 19:25:00,0.47313416,True
2026-01-14 19:35:00,0.17573,False
2026-01-14 19:40:00,0.1524036,False
2026-01-14 19:45:00,0.30063817,False
2026-01-14 19:55:00,0.10360172,False
2026-01-14 20:10:00,0.056557503,False
2026-01-14 20:20:00,0.11343505,False
2026-01-14 20:25:00,0.19114237,False
2026-01-14 20:30:00,0.08631513,False
2026-01-14 20:35:00,0.03689127,False
2026-01-14 20:40:00,0.057129994,False
2026-01-14 20:45:00,0.13326223,False
2026-01-14 20:50:00,0.08006502,False
2026-01-14 20:55:00,0.03285859,False
2026-01-14 21:00:00,0.15675938,False
2026-01-14 21:05:00,0.13815944,False
2026-01-14 21:10:00,0.03125393,False
2026-01-14 21:15:00,0.028003149,False
2026-01-14 21:20:00,0.016545413,False
2026-01-14 21:25:00,0.20784365,False
2026-01-14 21:30:00,0.02821508,False
2026-01-14 21:35:00,0.14582813,False
2026-01-14 21:40:00,0.17337668,False
2026-01-14 21:45:00,0.15590583,False
2026-01-14 21:50:00,0.14232072,False
2026-01-14 21:55:00,0.19823466,False
2026-01-14 22:00:00,0.2053169,False
2026-01-14 22:05:00,0.059220027,False
2026-01-14 22:10:00,0.22232561,False
2026-01-14 22:15:00,0.18621618,False
2026-01-14 22:20:00,0.26723644,False
2026-01-14 22:25:00,0.03029626,False
2026-01-14 22:30:00,0.03452837,False
2026-01-14 22:35:00,0.030757854,False
2026-01-14 22:40:00,0.047025878,False
2026-01-14 22:45:00,0.16007608,False
2026-01-14 22:50:00,0.19405426,False
2026-01-14 22:55:00,0.07198068,False
2026-01-14 23:00:00,0.067726925,False
2026-01-14 23:05:00,0.20108192,False
2026-01-14 23:10:00,0.12249038,False
2026-01-14 23:15:00,0.13447337,False
2026-01-14 23:20:00,0.30266863,False
2026-01-14 23:25:00,0.054401636,False
2026-01-14 23:30:00,0.10150658,False
2026-01-14 23:35:00,0.17074008,False
2026-01-14 23:40:00,0.0769589,False
2026-01-14 23:45:00,0.15291171,False
2026-01-14 23:50:00,0.09550149,False
2026-01-14 23:55:00,0.16642226,False
2026-01-15 00:00:00,0.21671282,False
2026-01-15 00:05:00,0.30862555,False
2026-01-15 00:10:00,0.07753409,False
2026-01-15 00:15:00,0.6743961,True
2026-01-15 00:20:00,0.073992826,False
2026-01-15 00:25:00,0.08718916,False
2026-01-15 00:30:00,0.08030394,False
2026-01-15 00:35:00,0.10306641,False
2026-01-15 00:40:00,0.16808595,False
2026-01-15 00:45:00,0.06411813,False
2026-01-15 00:50:00,0.15872063,False
2026-01-15 00:55:00,0.038154364,False
2026-01-15 01:00:00,0.07947489,False
2026-01-15 01:05:00,0.15121938,False
2026-01-15 01:10:00,0.03134802,False
2026-01-15 01:15:00,0.16672379,False
2026-01-15 01:25:00,0.020195728,False
2026-01-15 01:30:00,0.07742805,False
2026-01-15 01:35:00,0.06266764,False
2026-01-15 01:40:00,0.09579608,False
2026-01-15 01:45:00,0.04901055,False
2026-01-15 01:50:00,0.14378609,False
2026-01-15 01:55:00,0.16089231,False
2026-01-15 02:00:00,0.07917524,False
2026-01-15 02:05:00,0.19223376,False
2026-01-15 02:10:00,0.08012504,False
2026-01-15 02:15:00,0.13369279,False
2026-01-15 02:20:00,0.35462335,True
2026-01-15 02:25:00,0.09503305,False
2026-01-15 02:30:00,0.18895161,False
2026-01-15 02:35:00,0.17532893,False
2026-01-15 02:40:00,0.031064464,False
2026-01-15 02:45:00,0.2312579,False
2026-01-15 02:50:00,0.091496766,False
2026-01-15 02:55:00,0.05928333,False
2026-01-15 03:00:00,0.2619318,False
2026-01-15 03:05:00,0.1035187,False
2026-01-15 03:10:00,0.10079185,False
2026-01-15 03:15:00,0.101709686,False
2026-01-15 03:20:00,0.09178848,False
2026-01-15 03:25:00,0.031366866,False
2026-01-15 03:30:00,0.07298953,False
2026-01-15 03:35:00,0.033978805,False
2026-01-15 03:40:00,0.14979641,False
2026-01-15 03:45:00,0.23206,False
2026-01-15 03:50:00,0.17747019,False
2026-01-15 03:55:00,0.04109894,False
2026-01-15 04:00:00,0.14190386,False
2026-01-15 04:05:00,0.049341913,False
2026-01-15 04:10:00,0.12385879,False
2026-01-15 04:15:00,0.11499382,False
2026-01-15 04:20:00,0.14508143,False
2026-01-15 04:25:00,0.055298608,False
2026-01-15 04:30:00,0.06271786,False
2026-01-15 04:35:00,0.13456427,False
2026-01-15 04:40:00,0.036124624,False
2026-01-15 04:45:00,0.041594494,False
2026-01-15 04:50:00,0.04212374,False
2026-01-15 04:55:00,0.057080377,False
2026-01-15 05:00:00,0.17027633,False
2026-01-15 05:05:00,0.117703386,False
2026-01-15 05:10:00,0.18794285,False
2026-01-15 05:15:00,0.23981166,False
2026-01-15 05:20:00,0.036547355,False
2026-01-15 05:25:00,0.047749788,False
2026-01-15 05:30:00,0.12895803,False
2026-01-15 05:35:00,0.033688884,False
2026-01-15 05:40:00,0.09520262,False
2026-01-15 05:45:00,0.18405652,False
2026-01-15 05:50:00,0.33276364,True
2026-01-15 05:55:00,0.3033738,False
2026-01-15 06:00:00,0.15398957,False
2026-01-15 06:05:00,0.08885023,False
2026-01-15 06:10:00,0.085557975,False
2026-01-15 06:15:00,0.49940404,True
2026-01-15 06:20:00,0.13592274,False
2026-01-15 06:25:00,0.12962382,False
2026-01-15 06:30:00,0.05094543,False
2026-01-15 06:35:00,0.15130739,False
2026-01-15 06:40:00,0.07202328,False
2026-01-15 06:45:00,0.13236673,False
2026-01-15 06:50:00,0.18932138,False
2026-01-15 06:55:00,0.22324407,False
2026-01-15 07:00:00,0.14522475,False
2026-01-15 07:05:00,0.20457925,False
2026-01-15 07:10:00,0.105321735,False
2026-01-15 07:15:00,0.17124224,False
2026-01-15 07:20:00,0.05037925,False
2026-01-15 07:25:00,0.2771363,False
2026-01-15 07:30:00,0.1846907,False
2026-01-15 07:35:00,0.056398448,False
2026-01-15 07:40:00,0.06188676,False
2026-01-15 07:45:00,0.14578965,False
2026-01-15 07:50:00,0.08609679,False
2026-01-15 07:55:00,0.10853166,False
2026-01-15 08:00:00,0.11353626,False
2026-01-15 08:05:00,0.07756906,False
2026-01-15 08:10:00,0.1141136,False
2026-01-15 08:15:00,0.18640321,False
2026-01-15 08:20:00,0.2090532,False
2026-01-15 08:25:00,0.111995794,False
2026-01-15 08:30:00,0.32491973,False
2026-01-15 08:35:00,0.17463249,False
2026-01-15 08:40:00,0.17022789,False
2026-01-15 08:45:00,0.28833637,False
2026-01-15 08:50:00,0.21245973,False
2026-01-15 08:55:00,0.09788612,False
2026-01-15 09:00:00,0.046036974,False
2026-01-15 09:05:00,0.09079299,False
2026-01-15 09:15:00,0.097979724,False
2026-01-15 09:20:00,0.2708029,False
2026-01-15 09:25:00,0.11943937,False
2026-01-15 09:30:00,0.19870396,False
2026-01-15 09:35:00,0.1573091,False
2026-01-15 09:40:00,0.10543256,False
2026-01-15 09:45:00,0.041590724,False
2026-01-15 09:50:00,0.16519092,False
2026-01-15 09:55:00,0.13234006,False
2026-01-15 10:00:00,0.14686315,False
2026-01-15 10:05:00,0.18282562,False
2026-01-15 10:10:00,0.45273837,True
2026-01-15 10:15:00,0.07451502,False
2026-01-15 10:20:00,0.13386868,False
2026-01-15 10:25:00,0.11982926,False
2026-01-15 10:30:00,0.1519048,False
2026-01-15 10:35:00,0.073875345,False
2026-01-15 10:40:00,0.024981106,False
2026-01-15 10:45:00,0.12304026,False
2026-01-15 10:50:00,0.034865927,False
2026-01-15 10:55:00,0.27223176,False
2026-01-15 11:00:00,0.18211253,False
2026-01-15 11:05:00,0.19014035,False
2026-01-15 11:10:00,0.19134314,False
2026-01-15 11:15:00,0.02809891,False
2026-01-15 11:20:00,0.12181986,False
2026-01-15 11:25:00,0.14335006,False
2026-01-15 11:30:00,0.06210925,False
2026-01-15 11:35:00,0.054939773,False
2026-01-15 11:40:00,0.10736728,False
2026-01-15 11:45:00,0.3071193,False
2026-01-15 11:50:00,0.05294231,False
2026-01-15 11:55:00,0.39855924,True
2026-01-15 12:00:00,0.0802456,False
2026-01-15 12:05:00,0.15518045,False
2026-01-15 12:10:00,0.04509234,False
2026-01-15 12:15:00,0.07056672,False
2026-01-15 12:20:00,0.09324903,False
2026-01-15 12:25:00,0.36251894,True
2026-01-15 12:30:00,0.11522933,False
2026-01-15 12:35:00,0.15355697,False
2026-01-15 12:40:00,0.069088675,False
2026-01-15 12:45:00,0.17396344,False
2026-01-15 12:50:00,0.3503665,True
2026-01-15 12:55:00,0.17693444,False
2026-01-15 13:00:00,0.3848016,True
2026-01-15 13:05:00,0.03259814,False
2026-01-15 13:10:00,0.15460072,False
2026-01-15 13:15:00,0.04722148,False
2026-01-15 13:20:00,0.21583343,False
2026-01-15 13:25:00,0.42902014,True
2026-01-15 13:30:00,0.18673785,False
2026-01-15 13:35:00,0.019255633,False
2026-01-15 13:40:00,0.1965313,False
2026-01-15 13:45:00,0.17380156,False
2026-01-15 13:50:00,0.12295481,False
2026-01-15 13:55:00,0.15715745,False
2026-01-15 14:00:00,0.2217534,False
2026-01-15 14:05:00,0.07639646,False
2026-01-15 14:10:00,0.18072617,False
2026-01-15 14:15:00,0.27656713,False
2026-01-15 14:20:00,0.13105805,False
2026-01-15 14:25:00,0.14103518,False
2026-01-15 14:30:00,0.031023292,False
2026-01-15 14:35:00,0.13050117,False
2026-01-15 14:40:00,0.045713123,False
2026-01-15 14:45:00,0.2050234,False
2026-01-15 14:50:00,0.06007707,False
2026-01-15 14:55:00,0.18412578,False
2026-01-15 15:00:00,0.18118544,False
2026-01-15 15:10:00,0.34436595,True
2026-01-15 15:15:00,0.16331173,False
2026-01-15 15:20:00,0.065034576,False
2026-01-15 15:25:00,0.08298731,False
2026-01-15 15:30:00,0.085294716,False
2026-01-15 15:35:00,0.11364504,False
2026-01-15 15:40:00,0.130468,False
2026-01-15 15:45:00,0.098638795,False
2026-01-15 15:50:00,0.11233436,False
2026-01-15 15:55:00,0.06670443,False
2026-01-15 16:00:00,0.07366165,False
2026-01-15 16:05:00,0.043055385,False
2026-01-15 16:10:00,0.04299748,False
2026-01-15 16:15:00,0.04320101,False
2026-01-15 16:20:00,0.18710065,False
2026-01-15 16:25:00,0.12144208,False
2026-01-15 16:30:00,0.44095597,True
2026-01-15 16:35:00,0.34647012,True
2026-01-15 16:40:00,0.28094116,False
2026-01-15 16:45:00,0.11438098,False
2026-01-15 16:50:00,0.17385828,False
2026-01-15 16:55:00,0.07968373,False
2026-01-15 17:00:00,0.27471483,False
2026-01-15 17:05:00,0.18201746,False
2026-01-15 17:10:00,0.053321335,False
2026-01-15 17:15:00,0.034384657,False
2026-01-15 17:20:00,0.11656147,False
2026-01-15 17:25:00,0.18003201,False
2026-01-15 17:30:00,0.23969382,False
2026-01-15 17:35:00,0.15834077,False
2026-01-15 17:40:00,0.09837549,False
2026-01-15 17:45:00,0.14741601,False
2026-01-15 17:50:00,0.08457959,False
2026-01-15 17:55:00,0.28055176,False
2026-01-15 18:00:00,0.08500302,False
2026-01-15 18:05:00,0.09316409,False
2026-01-15 18:10:00,0.017485818,False
2026-01-15 18:15:00,0.076607235,False
2026-01-15 18:20:00,0.1719218,False
2026-01-15 18:25:00,0.2333682,False
2026-01-15 18:35:00,0.12749012,False
2026-01-15 18:45:00,0.24825585,False
2026-01-15 19:00:00,0.11983784,False
2026-01-15 19:05:00,0.07893645,False
2026-01-15 19:10:00,0.09070164,False
2026-01-15 19:50:00,0.28500238,False
2026-01-15 19:55:00,0.16032843,False
2026-01-15 20:00:00,0.07185546,False
2026-01-15 20:05:00,0.22169425,False
2026-01-15 20:10:00,0.14232764,False
2026-01-15 20:15:00,0.22315753,False
2026-01-15 20:20:00,0.12670833,False
2026-01-15 20:25:00,0.18765514,False
2026-01-15 20:30:00,0.094696015,False
2026-01-15 20:35:00,0.14300713,False
2026-01-15 20:40:00,0.17303526,False
2026-01-15 20:45:00,0.07059946,False
2026-01-15 20:50:00,0.045469794,False
2026-01-15 20:55:00,0.12117398,False
2026-01-15 21:00:00,0.3775014,True
2026-01-15 21:05:00,0.15035224,False
2026-01-15 21:10:00,0.04344352,False
2026-01-15 21:15:00,0.08799655,False
2026-01-15 21:20:00,0.11639806,False
2026-01-15 21:25:00,0.1463552,False
2026-01-15 21:30:00,0.2726183,False
2026-01-15 21:35:00,0.028581254,False
2026-01-15 21:40:00,0.3458583,True
2026-01-15 21:45:00,0.18823631,False
2026-01-15 21:50:00,0.18681698,False
2026-01-15 21:55:00,0.31756052,False
2026-01-15 22:00:00,0.089713596,False
2026-01-15 22:05:00,0.109541446,False
2026-01-15 22:10:00,0.086661965,False
2026-01-15 22:15:00,0.09909064,False
2026-01-15 22:20:00,0.124511145,False
2026-01-15 22:25:00,0.30325386,False
2026-01-15 22:30:00,0.17731728,False
2026-01-15 22:35:00,0.09579557,False
2026-01-15 22:40:00,0.103690095,False
2026-01-15 22:45:00,0.16251707,False
2026-01-15 22:50:00,0.08264328,False
2026-01-15 22:55:00,0.086817004,False
2026-01-15 23:00:00,0.08475065,False
2026-01-15 23:05:00,0.1511873,False
2026-01-15 23:10:00,0.2571615,False
2026-01-15 23:15:00,0.27221113,False
2026-01-15 23:20:00,0.19214611,False
2026-01-15 23:25:00,0.14128543,False
2026-01-15 23:30:00,0.38812688,True
2026-01-15 23:35:00,0.122572325,False
2026-01-15 23:40:00,0.012918074,False
2026-01-15 23:45:00,0.14125505,False
2026-01-15 23:50:00,0.15493959,False
2026-01-15 23:55:00,0.053975523,False
2026-01-16 00:00:00,0.090333976,False
2026-01-16 00:05:00,0.24046807,False
2026-01-16 00:10:00,0.03314878,False
2026-01-16 00:15:00,0.3160536,False
2026-01-16 00:20:00,0.17313157,False
2026-01-16 00:25:00,0.06962953,False
2026-01-16 00:30:00,0.16850728,False
2026-01-16 00:35:00,0.19408377,False
2026-01-16 00:40:00,0.15843447,False
2026-01-16 00:45:00,0.06844985,False
2026-01-16 00:50:00,0.12832762,False
2026-01-16 01:00:00,0.071405955,False
2026-01-16 01:05:00,0.16288044,False
2026-01-16 01:10:00,0.24371098,False
2026-01-16 01:15:00,0.13612588,False
2026-01-16 01:20:00,0.052514393,False
2026-01-16 01:25:00,0.07747893,False
2026-01-16 01:30:00,0.093944736,False
2026-01-16 01:35:00,0.052773137,False
2026-01-16 01:40:00,0.14004928,False
2026-01-16 01:45:00,0.06233943,False
2026-01-16 01:50:00,0.13285352,False
2026-01-16 01:55:00,0.16327663,False
2026-01-16 02:00:00,0.06573297,False
2026-01-16 02:05:00,0.35599402,True
2026-01-16 02:10:00,0.24733846,False
2026-01-16 02:15:00,0.14322278,False
2026-01-16 02:20:00,0.07532946,False
2026-01-16 02:25:00,0.043566868,False
2026-01-16 02:30:00,0.15451981,False
2026-01-16 02:35:00,0.16665237,False
2026-01-16 02:40:00,0.13647522,False
2026-01-16 02:45:00,0.3216433,False
2026-01-16 02:50:00,0.057501063,False
2026-01-16 02:55:00,0.108596735,False
2026-01-16 03:00:00,0.07180032,False
2026-01-16 03:05:00,0.07774983,False
2026-01-16 03:10:00,0.023690792,False
2026-01-16 03:15:00,0.054661486,False
2026-01-16 03:20:00,0.2445063,False
2026-01-16 03:25:00,0.20250858,False
2026-01-16 03:30:00,0.044628743,False
2026-01-16 03:35:00,0.20995706,False
2026-01-16 03:40:00,0.11563942,False
2026-01-16 03:45:00,0.11029625,False
2026-01-16 03:50:00,0.07001493,False
2026-01-16 03:55:00,0.06181829,False
2026-01-16 04:00:00,0.111408085,False
2026-01-16 04:05:00,0.13392837,False
2026-01-16 04:10:00,0.066591255,False
2026-01-16 04:15:00,0.040860526,False
2026-01-16 04:25:00,0.098815046,False
2026-01-16 04:30:00,0.13199902,False
2026-01-16 04:35:00,0.1249508,False
2026-01-16 04:40:00,0.09823781,False
2026-01-16 04:45:00,0.04594679,False
2026-01-16 04:50:00,0.17969672,False
2026-01-16 04:55:00,0.11323562,False
2026-01-16 05:00:00,0.0372741,False
2026-01-16 05:05:00,0.06888189,False
2026-01-16 05:10:00,0.043425336,False
2026-01-16 05:15:00,0.14947374,False
2026-01-16 05:20:00,0.007237748,False
2026-01-16 05:25:00,0.12173358,False
2026-01-16 05:30:00,0.16364636,False
2026-01-16 05:35:00,0.032678183,False
2026-01-16 05:40:00,0.05670753,False
2026-01-16 05:45:00,0.07053637,False
2026-01-16 05:50:00,0.43033823,True
2026-01-16 05:55:00,0.09165573,False
2026-01-16 06:00:00,0.06927951,False
2026-01-16 06:05:00,0.09332796,False
2026-01-16 06:10:00,0.07488068,False
2026-01-16 06:15:00,0.11135689,False
2026-01-16 06:20:00,0.23480813,False
2026-01-16 06:30:00,0.119643144,False
2026-01-16 06:35:00,0.11270341,False
2026-01-16 06:40:00,0.09894729,False
2026-01-16 06:45:00,0.076795645,False
2026-01-16 06:50:00,0.112832874,False
2026-01-16 06:55:00,0.22790436,False
2026-01-16 07:00:00,0.17842834,False
2026-01-16 07:05:00,0.032215267,False
2026-01-16 07:10:00,0.15188931,False
2026-01-16 07:15:00,0.051592942,False
2026-01-16 07:20:00,0.21577822,False
2026-01-16 07:25:00,0.060720116,False
2026-01-16 07:30:00,0.2028838,False
2026-01-16 07:35:00,0.09669725,False
2026-01-16 07:40:00,0.1359464,False
2026-01-16 07:45:00,0.0774471,False
2026-01-16 07:50:00,0.03608296,False
2026-01-16 07:55:00,0.080940776,False
2026-01-16 08:00:00,0.15704688,False
2026-01-16 08:05:00,0.123562664,False
2026-01-16 08:10:00,0.14398225,False
2026-01-16 08:15:00,0.21006589,False
2026-01-16 08:20:00,0.019009124,False
2026-01-16 08:25:00,0.056806777,False
2026-01-16 08:30:00,0.24958438,False
2026-01-16 08:35:00,0.09267194,False
2026-01-16 08:40:00,0.018653197,False
2026-01-16 08:45:00,0.03213198,False
2026-01-16 08:50:00,0.48608652,True
2026-01-16 08:55:00,0.14861041,False
2026-01-16 09:05:00,0.10621703,False
2026-01-16 09:10:00,0.098469615,False
2026-01-16 09:15:00,0.18312891,False
2026-01-16 09:20:00,0.18770967,False
2026-01-16 09:25:00,0.10848898,False
2026-01-16 09:30:00,0.15733139,False
2026-01-16 09:35:00,0.21324825,False
2026-01-16 09:40:00,0.11812995,False
2026-01-16 09:45:00,0.3073709,False
2026-01-16 09:50:00,0.24315639,False
2026-01-16 09:55:00,0.21044718,False
2026-01-16 10:00:00,0.09729882,False
2026-01-16 10:05:00,0.063923344,False
2026-01-16 10:10:00,0.0953523,False
2026-01-16 10:15:00,0.092639565,False
2026-01-16 10:20:00,0.13230327,False
2026-01-16 10:25:00,0.3138002,False
2026-01-16 10:30:00,0.13245933,False
2026-01-16 10:35:00,0.09739843,False
2026-01-16 10:40:00,0.24343437,False
2026-01-16 10:45:00,0.10315931,False
2026-01-16 10:50:00,0.13289838,False
2026-01-16 10:55:00,0.46685967,True
2026-01-16 11:00:00,0.1836435,False
2026-01-16 11:05:00,0.14070083,False
2026-01-16 11:10:00,0.11522761,False
2026-01-16 11:15:00,0.06476993,False
2026-01-16 11:20:00,0.09265614,False
2026-01-16 11:25:00,0.26457366,False
2026-01-16 11:30:00,0.24526095,False
2026-01-16 11:35:00,0.036218595,False
2026-01-16 11:40:00,0.43286702,True
2026-01-16 11:45:00,0.10626897,False
2026-01-16 11:50:00,0.058713436,False
2026-01-16 11:55:00,0.15284698,False
2026-01-16 12:00:00,0.24227464,False
2026-01-16 12:05:00,0.053719934,False
2026-01-16 12:10:00,0.09276813,False
2026-01-16 12:15:00,0.18695314,False
2026-01-16 12:20:00,0.16212742,False
2026-01-16 12:25:00,0.045425788,False
2026-01-16 12:30:00,0.17687237,False
2026-01-16 12:35:00,0.09387208,False
2026-01-16 12:40:00,0.03579374,False
2026-01-16 12:45:00,0.17701323,False
2026-01-16 12:50:00,0.21895075,False
2026-01-16 12:55:00,0.2050674,False
2026-01-16 13:00:00,0.16886826,False
2026-01-16 13:05:00,0.06452406,False
2026-01-16 13:10:00,0.41401693,True
2026-01-16 13:15:00,0.061819583,False
2026-01-16 13:20:00,0.11653146,False
2026-01-16 13:25:00,0.15855227,False
2026-01-16 13:30:00,0.30940273,False
2026-01-16 13:35:00,0.09792629,False
2026-01-16 13:40:00,0.21771772,False
2026-01-16 13:45:00,0.08567462,False
2026-01-16 13:50:00,0.06824265,False
2026-01-16 13:55:00,0.26383093,False
2026-01-16 14:00:00,0.06888973,False
2026-01-16 14:05:00,0.05002949,False
2026-01-16 14:10:00,0.35825458,True
2026-01-16 14:15:00,0.21021612,False
2026-01-16 14:20:00,0.09545764,False
2026-01-16 14:25:00,0.021556668,False
2026-01-16 14:30:00,0.5296578,True
2026-01-16 14:35:00,0.06441892,False
2026-01-16 14:40:00,0.12665755,False
2026-01-16 14:45:00,0.08405165,False
2026-01-16 14:50:00,0.084858336,False
2026-01-16 14:55:00,0.18776865,False
2026-01-16 15:00:00,0.18587081,False
2026-01-16 15:05:00,0.048792835,False
2026-01-16 15:10:00,0.052649364,False
2026-01-16 15:15:00,0.057976272,False
2026-01-16 15:20:00,0.06980046,False
2026-01-16 15:25:00,0.17807114,False
2026-01-16 15:30:00,0.061127264,False
2026-01-16 15:35:00,0.47812852,True
2026-01-16 15:40:00,0.06548281,False
2026-01-16 15:45:00,0.12989338,False
2026-01-16 15:50:00,0.11110062,False
2026-01-16 15:55:00,0.37015247,True
2026-01-16 16:00:00,0.07273147,False
2026-01-16 16:05:00,0.2196695,False
2026-01-16 16:10:00,0.035521608,False
2026-01-16 16:15:00,0.11794084,False
2026-01-16 16:20:00,0.060006063,False
2026-01-16 16:25:00,0.14008923,False
2026-01-16 16:30:00,0.22499792,False
2026-01-16 16:35:00,0.2584132,False
2026-01-16 16:40:00,0.33034727,False
2026-01-16 16:45:00,0.17464621,False
2026-01-16 16:50:00,0.26300177,False
2026-01-16 16:55:00,0.019297414,False
2026-01-16 17:00:00,0.1007356,False
2026-01-16 17:05:00,0.18958186,False
2026-01-16 17:10:00,0.26966968,False
2026-01-16 17:15:00,0.11966083,False
2026-01-16 17:20:00,0.34455323,True
2026-01-16 17:25:00,0.30498657,False
2026-01-16 17:30:00,0.05893919,False
2026-01-16 17:35:00,0.45175293,True
2026-01-16 17:40:00,0.042353507,False
2026-01-16 17:45:00,0.21188478,False
2026-01-16 17:50:00,0.48108986,True
2026-01-16 17:55:00,0.22383451,False
2026-01-16 18:00:00,0.20045698,False
2026-01-16 18:05:00,0.2687066,False
2026-01-16 18:10:00,0.111771315,False
2026-01-16 18:15:00,0.053638596,False
2026-01-16 18:20:00,0.10341508,False
2026-01-16 18:25:00,0.06290176,False
2026-01-16 18:30:00,0.05228557,False
2026-01-16 18:35:00,0.110661894,False
2026-01-16 18:40:00,0.09838679,False
2026-01-16 18:55:00,0.09711694,False
2026-01-16 19:00:00,0.08310698,False
2026-01-16 19:05:00,0.1437176,False
2026-01-16 19:10:00,0.12998646,False
2026-01-16 19:20:00,0.026177222,False
2026-01-16 19:30:00,0.4540821,True
2026-01-16 19:35:00,0.2629296,False
2026-01-16 19:40:00,0.094453245,False
2026-01-16 19:45:00,0.12055802,False
2026-01-16 19:50:00,0.19230658,False
2026-01-16 19:55:00,0.0709024,False
2026-01-16 20:00:00,0.29172322,False
2026-01-16 20:05:00,0.15570514,False
2026-01-16 20:10:00,0.08521617,False
2026-01-16 20:15:00,0.124019824,False
2026-01-16 20:20:00,0.099202506,False
2026-01-16 20:25:00,0.10919506,False
2026-01-16 20:30:00,0.1422429,False
2026-01-16 20:35:00,0.13143837,False
2026-01-16 20:40:00,0.15907894,False
2026-01-16 20:45:00,0.17043598,False
2026-01-16 20:50:00,0.1475024,False
2026-01-16 20:55:00,0.08559952,False
2026-01-16 21:00:00,0.046714466,False
2026-01-16 21:05:00,0.11578619,False
2026-01-16 21:10:00,0.19492878,False
2026-01-16 21:15:00,0.29424506,False
2026-01-16 21:20:00,0.2283706,False
2026-01-16 21:25:00,0.03544991,False
2026-01-16 21:30:00,0.15219803,False
2026-01-16 21:35:00,0.31740305,False
2026-01-16 21:40:00,0.11902239,False
2026-01-16 21:45:00,0.149675,False
2026-01-16 21:50:00,0.08417552,False
2026-01-16 21:55:00,0.098185055,False
2026-01-16 22:00:00,0.112345405,False
2026-01-16 22:05:00,0.17197496,False
2026-01-16 22:10:00,0.15323985,False
2026-01-16 22:20:00,0.188709,False
2026-01-16 22:25:00,0.13812703,False
2026-01-16 22:30:00,0.09256405,False
2026-01-16 22:35:00,0.22988547,False
2026-01-16 22:40:00,0.2569893,False
2026-01-16 22:45:00,0.030755572,False
2026-01-16 22:50:00,0.02868472,False
2026-01-16 22:55:00,0.028348384,False
2026-01-16 23:00:00,0.08926729,False
2026-01-16 23:05:00,0.089581124,False
2026-01-16 23:10:00,0.20159452,False
2026-01-16 23:15:00,0.03347123,False
2026-01-16 23:20:00,0.17852862,False
2026-01-16 23:25:00,0.102323495,False
2026-01-16 23:30:00,0.13650396,False
2026-01-16 23:35:00,0.24543524,False
2026-01-16 23:40:00,0.07366582,False
2026-01-16 23:45:00,0.20094228,False
2026-01-16 23:50:00,0.08922946,False
2026-01-16 23:55:00,0.033540387,False
2026-01-17 00:00:00,0.14767723,False
2026-01-17 00:05:00,0.33114156,True
2026-01-17 00:10:00,0.17357387,False
2026-01-17 00:15:00,0.10811085,False
2026-01-17 00:20:00,0.10065047,False
2026-01-17 00:25:00,0.18849955,False
2026-01-17 00:30:00,0.3481083,True
2026-01-17 00:35:00,0.0481196,False
2026-01-17 00:40:00,0.10449781,False
2026-01-17 00:45:00,0.13506742,False
2026-01-17 00:50:00,0.091298014,False
2026-01-17 00:55:00,0.16606343,False
2026-01-17 01:00:00,0.13783233,False
2026-01-17 01:05:00,0.15637285,False
2026-01-17 01:10:00,0.17056517,False
2026-01-17 01:15:00,0.29945126,False
2026-01-17 01:20:00,0.11820867,False
2026-01-17 01:30:00,0.17642117,False
2026-01-17 01:35:00,0.2091363,False
2026-01-17 01:40:00,0.18443143,False
2026-01-17 01:45:00,0.06851349,False
2026-01-17 01:50:00,0.051250592,False
2026-01-17 01:55:00,0.060847893,False
2026-01-17 02:00:00,0.047486126,False
2026-01-17 02:05:00,0.10610243,False
2026-01-17 02:15:00,0.261267,False
2026-01-17 02:20:00,0.040063504,False
2026-01-17 02:30:00,0.08095402,False
2026-01-17 02:35:00,0.04600213,False
2026-01-17 02:40:00,0.13450621,False
2026-01-17 02:45:00,0.078165285,False
2026-01-17 02:50:00,0.18223776,False
2026-01-17 02:55:00,0.29555696,False
2026-01-17 03:00:00,0.09444585,False
2026-01-17 03:10:00,0.0984827,False
2026-01-17 03:15:00,0.20354633,False
2026-01-17 03:20:00,0.17283823,False
2026-01-17 03:25:00,0.02596795,False
2026-01-17 03:30:00,0.026173586,False
2026-01-17 03:35:00,0.10348198,False
2026-01-17 03:40:00,0.07792383,False
2026-01-17 03:45:00,0.07598867,False
2026-01-17 03:50:00,0.12085136,False
2026-01-17 03:55:00,0.059394453,False
2026-01-17 04:00:00,0.081720866,False
2026-01-17 04:05:00,0.08711246,False
2026-01-17 04:10:00,0.094742276,False
2026-01-17 04:15:00,0.106108844,False
2026-01-17 04:20:00,0.14401235,False
2026-01-17 04:25:00,0.25080967,False
2026-01-17 04:30:00,0.0912587,False
2026-01-17 04:35:00,0.13281846,False
2026-01-17 04:40:00,0.46589985,True
2026-01-17 04:45:00,0.20900182,False
2026-01-17 04:50:00,0.10085856,False
2026-01-17 04:55:00,0.14281695,False
2026-01-17 05:00:00,0.06916726,False
2026-01-17 05:05:00,0.097130895,False
2026-01-17 05:10:00,0.104453325,False
2026-01-17 05:15:00,0.048866656,False
2026-01-17 05:20:00,0.045116138,False
2026-01-17 05:25:00,0.14055948,False
2026-01-17 05:30:00,0.031430975,False
2026-01-17 05:35:00,0.22155905,False
2026-01-17 05:40:00,0.1625502,False
2026-01-17 05:45:00,0.022893408,False
2026-01-17 05:50:00,0.006458748,False
2026-01-17 05:55:00,0.099912874,False
2026-01-17 06:00:00,0.14298722,False
2026-01-17 06:05:00,0.28416327,False
2026-01-17 06:10:00,0.27931875,False
2026-01-17 06:20:00,0.23814394,False
2026-01-17 06:25:00,0.049440462,False
2026-01-17 06:30:00,0.19955002,False
2026-01-17 06:35:00,0.2639957,False
2026-01-17 06:40:00,0.13143492,False
2026-01-17 06:45:00,0.049836714,False
2026-01-17 06:50:00,0.16424383,False
2026-01-17 07:00:00,0.023932846,False
2026-01-17 07:05:00,0.082849376,False
2026-01-17 07:10:00,0.10118359,False
2026-01-17 07:15:00,0.14262299,False
2026-01-17 07:20:00,0.109883696,False
2026-01-17 07:25:00,0.078794,False
2026-01-17 07:30:00,0.2231365,False
2026-01-17 07:35:00,0.14574732,False
2026-01-17 07:40:00,0.36964443,True
2026-01-17 07:45:00,0.24832986,False
2026-01-17 07:50:00,0.11293169,False
2026-01-17 07:55:00,0.15836309,False
2026-01-17 08:00:00,0.13127832,False
2026-01-17 08:05:00,0.20753795,False
2026-01-17 08:10:00,0.14652121,False
2026-01-17 08:15:00,0.040895056,False
2026-01-17 08:20:00,0.12113007,False
2026-01-17 08:25:00,0.21380055,False
2026-01-17 08:35:00,0.07650379,False
2026-01-17 08:40:00,0.12565543,False
2026-01-17 08:45:00,0.20680684,False
2026-01-17 08:50:00,0.24315137,False
2026-01-17 08:55:00,0.06406417,False
2026-01-17 09:00:00,0.17958635,False
2026-01-17 09:05:00,0.1548607,False
2026-01-17 09:10:00,0.09753421,False
2026-01-17 09:15:00,0.12958911,False
2026-01-17 09:20:00,0.24405022,False
2026-01-17 09:25:00,0.19180511,False
2026-01-17 09:30:00,0.20896761,False
2026-01-17 09:35:00,0.123194635,False
2026-01-17 09:40:00,0.08866791,False
2026-01-17 09:45:00,0.0972959,False
2026-01-17 09:50:00,0.11438489,False
2026-01-17 09:55:00,0.19326366,False
2026-01-17 10:00:00,0.047912616,False
2026-01-17 10:05:00,0.17819001,False
2026-01-17 10:10:00,0.16375124,False
2026-01-17 10:15:00,0.6685684,True
2026-01-17 10:20:00,0.16216321,False
2026-01-17 10:25:00,0.14888716,False
2026-01-17 10:30:00,0.22441049,False
2026-01-17 10:35:00,0.15938982,False
2026-01-17 10:40:00,0.1062449,False
2026-01-17 10:45:00,0.058794573,False
2026-01-17 10:50:00,0.2001558,False
2026-01-17 10:55:00,0.0076361974,False
2026-01-17 11:00:00,0.06678518,False
2026-01-17 11:05:00,0.092622615,False
2026-01-17 11:10:00,0.026493073,False
2026-01-17 11:15:00,0.18711509,False
2026-01-17 11:20:00,0.40553173,True
2026-01-17 11:25:00,0.20900834,False
2026-01-17 11:30:00,0.08173489,False
2026-01-17 11:35:00,0.04563694,False
2026-01-17 11:40:00,0.026619583,False
2026-01-17 11:45:00,0.0888398,False
2026-01-17 11:50:00,0.049444523,False
2026-01-17 11:55:00,0.021268072,False
2026-01-17 12:00:00,0.055779446,False
2026-01-17 12:05:00,0.17122944,False
2026-01-17 12:10:00,0.09175835,False
2026-01-17 12:15:00,0.038584087,False
2026-01-17 12:20:00,0.35894552,True
2026-01-17 12:25:00,0.13385667,False
2026-01-17 12:30:00,0.1538538,False
2026-01-17 12:35:00,0.06662037,False
2026-01-17 12:40:00,0.045510292,False
2026-01-17 12:45:00,0.08202533,False
2026-01-17 12:50:00,0.17369406,False
2026-01-17 12:55:00,0.07159109,False
2026-01-17 13:00:00,0.14803672,False
2026-01-17 13:05:00,0.16980338,False
2026-01-17 13:10:00,0.17838609,False
2026-01-17 13:15:00,0.17533703,False
2026-01-17 13:20:00,0.16296029,False
2026-01-17 13:25:00,0.24219383,False
2026-01-17 13:30:00,0.2956026,False
2026-01-17 13:35:00,0.062083755,False
2026-01-17 13:40:00,0.3541427,True
2026-01-17 13:45:00,0.06728753,False
2026-01-17 13:50:00,0.08384341,False
2026-01-17 13:55:00,0.013260368,False
2026-01-17 14:00:00,0.03296389,False
2026-01-17 14:05:00,0.18854891,False
2026-01-17 14:10:00,0.0980032,False
2026-01-17 14:15:00,0.09507686,False
2026-01-17 14:20:00,0.02323466,False
2026-01-17 14:25:00,0.24655157,False
2026-01-17 14:30:00,0.11878478,False
2026-01-17 14:35:00,0.19651927,False
2026-01-17 14:40:00,0.04290526,False
2026-01-17 14:45:00,0.0272234,False
2026-01-17 14:50:00,0.07725961,False
2026-01-17 14:55:00,0.032925036,False
2026-01-17 15:00:00,0.16237009,False
2026-01-17 15:05:00,0.20822747,False
2026-01-17 15:10:00,0.21383499,False
2026-01-17 15:15:00,0.18346691,False
2026-01-17 15:20:00,0.07808549,False
2026-01-17 15:25:00,0.19859086,False
2026-01-17 15:30:00,0.14999707,False
2026-01-17 15:35:00,0.13019757,False
2026-01-17 15:40:00,0.18794475,False
2026-01-17 15:45:00,0.04008201,False
2026-01-17 15:55:00,0.19255906,False
2026-01-17 16:00:00,0.21843447,False
2026-01-17 16:05:00,0.08461591,False
2026-01-17 16:10:00,0.39720467,True
2026-01-17 16:15:00,0.23754273,False
2026-01-17 16:20:00,0.027966054,False
2026-01-17 16:25:00,0.18840857,False
2026-01-17 16:30:00,0.0679461,False
2026-01-17 16:35:00,0.28429776,False
2026-01-17 16:40:00,0.12798291,False
2026-01-17 16:45:00,0.061635975,False
2026-01-17 16:50:00,0.20202215,False
2026-01-17 16:55:00,0.10728064,False
2026-01-17 17:00:00,0.027797943,False
2026-01-17 17:05:00,0.119707406,False
2026-01-17 17:10:00,0.07960555,False
2026-01-17 17:15:00,0.217557,False
2026-01-17 17:20:00,0.28692308,False
2026-01-17 17:25:00,0.24670625,False
2026-01-17 17:30:00,0.23028976,False
2026-01-17 17:35:00,0.091912866,False
2026-01-17 17:40:00,0.091159694,False
2026-01-17 17:45:00,0.048453767,False
2026-01-17 17:50:00,0.21071179,False
2026-01-17 17:55:00,0.07878786,False
2026-01-17 18:00:00,0.1502071,False
2026-01-17 18:05:00,0.20219779,False
2026-01-17 18:10:00,0.15875755,False
2026-01-17 18:15:00,0.07286916,False
2026-01-17 18:20:00,0.04890764,False
2026-01-17 18:25:00,0.32083786,False
2026-01-17 18:30:00,0.1906545,False
2026-01-17 18:35:00,0.18032394,False
2026-01-17 18:40:00,0.06278612,False
2026-01-17 18:45:00,0.022377832,False
2026-01-17 18:50:00,0.050297067,False
2026-01-17 18:55:00,0.17699681,False
2026-01-17 19:00:00,0.06667771,False
2026-01-17 19:05:00,0.13059498,False
2026-01-17 19:10:00,0.26849195,False
2026-01-17 19:15:00,0.36682746,True
2026-01-17 19:20:00,0.45158425,True
2026-01-17 19:25:00,0.037147783,False
2026-01-17 19:30:00,0.04790005,False
2026-01-17 19:35:00,0.0045145275,False
2026-01-17 19:40:00,0.4936554,True
2026-01-17 19:45:00,0.3128544,False
2026-01-17 19:50:00,0.04374389,False
2026-01-17 19:55:00,0.2450993,False
2026-01-17 20:00:00,0.14903791,False
2026-01-17 20:05:00,0.09061273,False
2026-01-17 20:10:00,0.03788967,False
2026-01-17 20:15:00,0.21845388,False
2026-01-17 20:20:00,0.20966949,False
2026-01-17 20:25:00,0.027274283,False
2026-01-17 20:30:00,0.3633019,True
2026-01-17 20:35:00,0.20890687,False
2026-01-17 20:40:00,0.25162232,False
2026-01-17 20:45:00,0.057669923,False
2026-01-17 20:50:00,0.028369829,False
2026-01-17 20:55:00,0.05782561,False
2026-01-17 21:00:00,0.21280326,False
2026-01-17 21:05:00,0.034861874,False
2026-01-17 21:10:00,0.12671638,False
2026-01-17 21:15:00,0.09937853,False
2026-01-17 21:20:00,0.26636228,False
2026-01-17 21:25:00,0.114748575,False
2026-01-17 21:30:00,0.19447434,False
2026-01-17 21:35:00,0.18311572,False
2026-01-17 21:40:00,0.110998474,False
2026-01-17 21:45:00,0.21904713,False
2026-01-17 21:50:00,0.21431889,False
2026-01-17 21:55:00,0.10624098,False
2026-01-17 22:00:00,0.06873741,False
2026-01-17 22:05:00,0.19874693,False
2026-01-17 22:10:00,0.08438358,False
2026-01-17 22:15:00,0.1672424,False
2026-01-17 22:20:00,0.07063832,False
2026-01-17 22:25:00,0.088315845,False
2026-01-17 22:30:00,0.121476986,False
2026-01-17 22:35:00,0.0869597,False
2026-01-17 22:40:00,0.15780604,False
2026-01-17 22:45:00,0.12631132,False
2026-01-17 22:50:00,0.15687536,False
2026-01-17 22:55:00,0.17620699,False
2026-01-17 23:00:00,0.080089666,False
2026-01-17 23:05:00,0.06829,False
2026-01-17 23:10:00,0.15504575,False
2026-01-17 23:15:00,0.01786792,False
2026-01-17 23:20:00,0.15847544,False
2026-01-17 23:25:00,0.035966903,False
2026-01-17 23:30:00,0.21553469,False
2026-01-17 23:35:00,0.043941293,False
2026-01-17 23:40:00,0.12299945,False
2026-01-17 23:45:00,0.18819469,False
2026-01-17 23:50:00,0.1361706,False
2026-01-17 23:55:00,0.0710145,False
2026-01-18 00:05:00,0.12236128,False
2026-01-18 00:10:00,0.31634614,False
2026-01-18 00:15:00,0.10817809,False
2026-01-18 00:20:00,0.065787874,False
2026-01-18 00:25:00,0.037429247,False
2026-01-18 00:30:00,0.20372212,False
2026-01-18 00:35:00,0.12670887,False
2026-01-18 00:40:00,0.069222234,False
2026-01-18 00:45:00,0.058987338,False
2026-01-18 00:50:00,0.16027533,False
2026-01-18 00:55:00,0.072900794,False
2026-01-18 01:00:00,0.055484455,False
2026-01-18 01:05:00,0.15477587,False
2026-01-18 01:10:00,0.21020906,False
2026-01-18 01:15:00,0.12035663,False
2026-01-18 01:20:00,0.062278587,False
2026-01-18 01:25:00,0.06782564,False
2026-01-18 01:30:00,0.22734119,False
2026-01-18 01:35:00,0.11416378,False
2026-01-18 01:40:00,0.14332491,False
2026-01-18 01:45:00,0.10250935,False
2026-01-18 01:50:00,0.104401685,False
2026-01-18 01:55:00,0.10103472,False
2026-01-18 02:00:00,0.119072706,False
2026-01-18 02:05:00,0.11723108,False
2026-01-18 02:10:00,0.03641243,False
2026-01-18 02:15:00,0.0716928,False
2026-01-18 02:20:00,0.32564124,False
2026-01-18 02:25:00,0.13767315,False
2026-01-18 02:30:00,0.067437194,False
2026-01-18 02:35:00,0.11888444,False
2026-01-18 02:40:00,0.01899317,False
2026-01-18 02:45:00,0.13303033,False
2026-01-18 02:50:00,0.16045585,False
2026-01-18 02:55:00,0.031321123,False
2026-01-18 03:00:00,0.10538936,False
2026-01-18 03:05:00,0.10316814,False
2026-01-18 03:15:00,0.038681258,False
2026-01-18 03:20:00,0.055551037,False
2026-01-18 03:25:00,0.056484595,False
2026-01-18 03:35:00,0.033314936,False
2026-01-18 03:40:00,0.040023576,False
2026-01-18 03:45:00,0.0761567,False
2026-01-18 03:50:00,0.043334067,False
2026-01-18 03:55:00,0.16572298,False
2026-01-18 04:00:00,0.045024697,False
2026-01-18 04:05:00,0.052388716,False
2026-01-18 04:10:00,0.16231264,False
2026-01-18 04:20:00,0.27654,False
2026-01-18 04:25:00,0.16932978,False
2026-01-18 04:30:00,0.017033702,False
2026-01-18 04:35:00,0.13810016,False
2026-01-18 04:40:00,0.17823257,False
2026-01-18 04:50:00,0.1800164,False
2026-01-18 04:55:00,0.12529981,False
2026-01-18 05:00:00,0.028856762,False
2026-01-18 05:05:00,0.11892313,False
2026-01-18 05:10:00,0.1784694,False
2026-01-18 05:15:00,0.09492705,False
2026-01-18 05:20:00,0.18525247,False
2026-01-18 05:25:00,0.116208285,False
2026-01-18 05:30:00,0.15401165,False
2026-01-18 05:35:00,0.052224044,False
2026-01-18 05:40:00,0.071499296,False
2026-01-18 05:45:00,0.13566852,False
2026-01-18 05:50:00,0.049404766,False
2026-01-18 05:55:00,0.068629816,False
2026-01-18 06:00:00,0.26165503,False
2026-01-18 06:05:00,0.07035515,False
2026-01-18 06:10:00,0.081662424,False
2026-01-18 06:15:00,0.059286356,False
2026-01-18 06:20:00,0.20646705,False
2026-01-18 06:25:00,0.04120105,False
2026-01-18 06:30:00,0.04356764,False
2026-01-18 06:35:00,0.37959334,True
2026-01-18 06:40:00,0.03414754,False
2026-01-18 06:45:00,0.24762519,False
2026-01-18 06:50:00,0.07824058,False
2026-01-18 06:55:00,0.08562868,False
2026-01-18 07:05:00,0.20027697,False
2026-01-18 07:10:00,0.19669382,False
2026-01-18 07:15:00,0.22898181,False
2026-01-18 07:20:00,0.10988101,False
2026-01-18 07:25:00,0.14291984,False
2026-01-18 07:30:00,0.116872944,False
2026-01-18 07:35:00,0.044772085,False
2026-01-18 07:40:00,0.113726,False
2026-01-18 07:45:00,0.11986839,False
2026-01-18 07:50:00,0.09805732,False
2026-01-18 07:55:00,0.1487961,False
2026-01-18 08:00:00,0.073448,False
2026-01-18 08:05:00,0.1669782,False
2026-01-18 08:10:00,0.1724938,False
2026-01-18 08:15:00,0.13055643,False
2026-01-18 08:20:00,0.35032824,True
2026-01-18 08:25:00,0.2175831,False
2026-01-18 08:30:00,0.24419747,False
2026-01-18 08:35:00,0.09612762,False
2026-01-18 08:40:00,0.09000402,False
2026-01-18 08:45:00,0.072651505,False
2026-01-18 08:50:00,0.15160938,False
2026-01-18 08:55:00,0.101815976,False
2026-01-18 09:00:00,0.018596271,False
2026-01-18 09:05:00,0.083291434,False
2026-01-18 09:10:00,0.058996137,False
2026-01-18 09:15:00,0.0884115,False
2026-01-18 09:20:00,0.09610462,False
2026-01-18 09:25:00,0.29897055,False
2026-01-18 09:30:00,0.09525588,False
2026-01-18 09:35:00,0.047740918,False
2026-01-18 09:40:00,0.12287062,False
2026-01-18 09:45:00,0.04116107,False
2026-01-18 09:50:00,0.042560015,False
2026-01-18 09:55:00,0.19069707,False
2026-01-18 10:00:00,0.1517088,False
2026-01-18 10:05:00,0.34382012,True
2026-01-18 10:10:00,0.28206944,False
2026-01-18 10:15:00,0.115394354,False
2026-01-18 10:20:00,0.25414172,False
2026-01-18 10:25:00,0.03300245,False
2026-01-18 10:30:00,0.1813633,False
2026-01-18 10:35:00,0.26644194,False
2026-01-18 10:40:00,0.110277586,False
2026-01-18 10:45:00,0.06807632,False
2026-01-18 10:50:00,0.1804172,False
2026-01-18 10:55:00,0.10050712,False
2026-01-18 11:00:00,0.63042974,True
2026-01-18 11:05:00,0.22068994,False
2026-01-18 11:10:00,0.07667143,False
2026-01-18 11:15:00,0.45009187,True
2026-01-18 11:20:00,0.26985595,False
2026-01-18 11:25:00,0.19174165,False
2026-01-18 11:30:00,0.20724046,False
2026-01-18 11:35:00,0.14439426,False
2026-01-18 11:40:00,0.21277423,False
2026-01-18 11:45:00,0.20607454,False
2026-01-18 11:50:00,0.03210913,False
2026-01-18 11:55:00,0.2810731,False
2026-01-18 12:00:00,0.20989048,False
2026-01-18 12:05:00,0.09288562,False
2026-01-18 12:10:00,0.19270943,False
2026-01-18 12:15:00,0.104139395,False
2026-01-18 12:20:00,0.08210368,False
2026-01-18 12:25:00,0.34688377,True
2026-01-18 12:30:00,0.13466041,False
2026-01-18 12:35:00,0.10136943,False
2026-01-18 12:40:00,0.11480882,False
2026-01-18 12:45:00,0.35969332,True
2026-01-18 12:50:00,0.1392097,False
2026-01-18 12:55:00,0.14366722,False
2026-01-18 13:00:00,0.10875312,False
2026-01-18 13:05:00,0.12938367,False
2026-01-18 13:10:00,0.06095146,False
2026-01-18 13:15:00,0.2531435,False
2026-01-18 13:20:00,0.26390532,False
2026-01-18 13:25:00,0.081809945,False
2026-01-18 13:30:00,0.10034724,False
2026-01-18 13:35:00,0.0918394,False
2026-01-18 13:40:00,0.12835748,False
2026-01-18 13:45:00,0.051192045,False
2026-01-18 13:50:00,0.059443895,False
2026-01-18 13:55:00,0.056234334,False
2026-01-18 14:00:00,0.045048844,False
2026-01-18 14:05:00,0.38342413,True
2026-01-18 14:10:00,0.1566695,False
2026-01-18 14:15:00,0.09746457,False
2026-01-18 14:20:00,0.16457115,False
2026-01-18 14:25:00,0.18439823,False
2026-01-18 14:30:00,0.14090587,False
2026-01-18 14:35:00,0.031057835,False
2026-01-18 14:40:00,0.117855944,False
2026-01-18 14:45:00,0.07891076,False
2026-01-18 14:50:00,0.21549393,False
2026-01-18 14:55:00,0.24312766,False
2026-01-18 15:00:00,0.11802832,False
2026-01-18 15:05:00,0.20379545,False
2026-01-18 15:10:00,0.008934387,False
2026-01-18 15:15:00,0.13709342,False
2026-01-18 15:20:00,0.21965206,False
2026-01-18 15:25:00,0.040195614,False
2026-01-18 15:30:00,0.14634031,False
2026-01-18 15:35:00,0.53907776,True
2026-01-18 15:40:00,0.21089965,False
2026-01-18 15:45:00,0.12670754,False
2026-01-18 15:50:00,0.06732226,False
2026-01-18 15:55:00,0.008942901,False
2026-01-18 16:00:00,0.021061325,False
2026-01-18 16:05:00,0.21001448,False
2026-01-18 16:10:00,0.078466736,False
2026-01-18 16:15:00,0.1779692,False
2026-01-18 16:20:00,0.19349289,False
2026-01-18 16:25:00,0.025335103,False
2026-01-18 16:30:00,0.04282395,False
2026-01-18 16:35:00,0.08070491,False
2026-01-18 16:40:00,0.11316851,False
2026-01-18 16:45:00,0.21394859,False
2026-01-18 16:50:00,0.09852991,False
2026-01-18 16:55:00,0.16600004,False
2026-01-18 17:00:00,0.018471181,False
2026-01-18 17:05:00,0.051414877,False
2026-01-18 17:10:00,0.25621736,False
2026-01-18 17:15:00,0.21376638,False
2026-01-18 17:20:00,0.039355982,False
2026-01-18 17:25:00,0.11143551,False
2026-01-18 17:30:00,0.1578518,False
2026-01-18 17:35:00,0.2261589,False
2026-01-18 17:40:00,0.1939615,False
2026-01-18 17:45:00,0.19522943,False
2026-01-18 17:50:00,0.04830493,False
2026-01-18 17:55:00,0.12664121,False
2026-01-18 18:00:00,0.089694686,False
2026-01-18 18:05:00,0.024425285,False
2026-01-18 18:10:00,0.07427198,False
2026-01-18 18:15:00,0.023942508,False
2026-01-18 18:20:00,0.09339655,False
2026-01-18 18:25:00,0.10986925,False
2026-01-18 18:30:00,0.21157832,False
2026-01-18 18:35:00,0.052465096,False
2026-01-18 18:40:00,0.08139861,False
2026-01-18 18:45:00,0.20128685,False
2026-01-18 18:50:00,0.055456262,False
2026-01-18 18:55:00,0.06469226,False
2026-01-18 19:00:00,0.24804962,False
2026-01-18 19:05:00,0.1964299,False
2026-01-18 19:10:00,0.2891832,False
2026-01-18 19:15:00,0.09052942,False
2026-01-18 19:20:00,0.16307333,False
2026-01-18 19:25:00,0.13125552,False
2026-01-18 19:30:00,0.06329792,False
2026-01-18 19:35:00,0.09721402,False
2026-01-18 19:40:00,0.07838681,False
2026-01-18 19:45:00,0.274819,False
2026-01-18 19:50:00,0.08922484,False
2026-01-18 19:55:00,0.12299413,False
2026-01-18 20:00:00,0.14090641,False
2026-01-18 20:05:00,0.116545685,False
2026-01-18 20:10:00,0.15168403,False
2026-01-18 20:15:00,0.06170549,False
2026-01-18 20:20:00,0.036983863,False
2026-01-18 20:25:00,0.08513117,False
2026-01-18 20:30:00,0.5258983,True
2026-01-18 20:35:00,0.117782004,False
2026-01-18 20:40:00,0.07788778,False
2026-01-18 20:45:00,0.04326852,False
2026-01-18 20:50:00,0.28352562,False
2026-01-18 20:55:00,0.25740093,False
2026-01-18 21:00:00,0.16340908,False
2026-01-18 21:05:00,0.046659186,False
2026-01-18 21:10:00,0.14585727,False
2026-01-18 21:15:00,0.15406935,False
2026-01-18 21:20:00,0.032600738,False
2026-01-18 21:25:00,0.3003285,False
2026-01-18 21:30:00,0.2183718,False
2026-01-18 21:35:00,0.3381392,True
2026-01-18 21:40:00,0.078983836,False
2026-01-18 21:45:00,0.113762386,False
2026-01-18 21:50:00,0.075510345,False
2026-01-18 21:55:00,0.040992435,False
2026-01-18 22:00:00,0.061274927,False
2026-01-18 22:05:00,0.3347731,True
2026-01-18 22:10:00,0.06024836,False
2026-01-18 22:15:00,0.050657656,False
2026-01-18 22:20:00,0.083438806,False
2026-01-18 22:25:00,0.10313595,False
2026-01-18 22:30:00,0.010560202,False
2026-01-18 22:35:00,0.06293188,False
2026-01-18 22:40:00,0.10014405,False
2026-01-18 22:45:00,0.0855301,False
2026-01-18 22:50:00,0.22606926,False
2026-01-18 22:55:00,0.23789698,False
2026-01-18 23:00:00,0.19808467,False
2026-01-18 23:05:00,0.2299579,False
2026-01-18 23:10:00,0.07485526,False
2026-01-18 23:15:00,0.026059737,False
2026-01-18 23:20:00,0.120532565,False
2026-01-18 23:25:00,0.41668752,True
2026-01-18 23:30:00,0.51495045,True
2026-01-18 23:35:00,0.022958765,False
2026-01-18 23:40:00,0.22763272,False
2026-01-18 23:45:00,0.09906659,False
2026-01-18 23:50:00,0.3702338,True
2026-01-18 23:55:00,0.020146234,False
2026-01-19 00:00:00,0.20930164,False
2026-01-19 00:05:00,0.12819849,False
2026-01-19 00:10:00,0.12198904,False
2026-01-19 00:15:00,0.21542723,False
2026-01-19 00:20:00,0.117139935,False
2026-01-19 00:25:00,0.101964466,False
2026-01-19 00:30:00,0.017946303,False
2026-01-19 00:35:00,0.04960506,False
2026-01-19 00:40:00,0.10726894,False
2026-01-19 00:45:00,0.07129564,False
2026-01-19 00:50:00,0.07815053,False
2026-01-19 00:55:00,0.0758039,False
2026-01-19 01:00:00,0.16657664,False
2026-01-19 01:05:00,0.114993684,False
2026-01-19 01:10:00,0.103220254,False
2026-01-19 01:15:00,0.12156305,False
2026-01-19 01:20:00,0.011715155,False
2026-01-19 01:25:00,0.26725817,False
2026-01-19 01:30:00,0.1565522,False
2026-01-19 01:35:00,0.18618424,False
2026-01-19 01:40:00,0.033308033,False
2026-01-19 01:45:00,0.048575714,False
2026-01-19 01:50:00,0.113014705,False
2026-01-19 01:55:00,0.023743622,False
2026-01-19 02:00:00,0.16568112,False
2026-01-19 02:05:00,0.06390294,False
2026-01-19 02:15:00,0.3579755,True
2026-01-19 02:20:00,0.20387173,False
2026-01-19 02:25:00,0.092674576,False
2026-01-19 02:30:00,0.24936938,False
2026-01-19 02:35:00,0.12275045,False
2026-01-19 02:40:00,0.037539188,False
2026-01-19 02:45:00,0.16930957,False
2026-01-19 02:50:00,0.08730129,False
2026-01-19 02:55:00,0.09340643,False
2026-01-19 03:00:00,0.274599,False
2026-01-19 03:05:00,0.21794672,False
2026-01-19 03:10:00,0.083129235,False
2026-01-19 03:15:00,0.22710758,False
2026-01-19 03:20:00,0.024603,False
2026-01-19 03:25:00,0.10032705,False
2026-01-19 03:30:00,0.12630293,False
2026-01-19 03:35:00,0.049701188,False
2026-01-19 03:40:00,0.25062406,False
2026-01-19 03:45:00,0.08851886,False
2026-01-19 03:50:00,0.06985172,False
2026-01-19 03:55:00,0.13835582,False
2026-01-19 04:00:00,0.16083561,False
2026-01-19 04:05:00,0.023619244,False
2026-01-19 04:10:00,0.12541647,False
2026-01-19 04:15:00,0.029782316,False
2026-01-19 04:20:00,0.12315474,False
2026-01-19 04:25:00,0.23497753,False
2026-01-19 04:30:00,0.16038027,False
2026-01-19 04:35:00,0.057419512,False
2026-01-19 04:40:00,0.14629267,False
2026-01-19 04:45:00,0.22267808,False
2026-01-19 04:50:00,0.01664663,False
2026-01-19 04:55:00,0.15505765,False
2026-01-19 05:00:00,0.18095239,False
2026-01-19 05:05:00,0.095122606,False
2026-01-19 05:10:00,0.24794956,False
2026-01-19 05:15:00,0.17401089,False
2026-01-19 05:20:00,0.096291296,False
2026-01-19 05:25:00,0.10321057,False
2026-01-19 05:30:00,0.07607785,False
2026-01-19 05:35:00,0.05702482,False
2026-01-19 05:40:00,0.19968021,False
2026-01-19 05:45:00,0.16305812,False
2026-01-19 05:50:00,0.037215065,False
2026-01-19 05:55:00,0.024132704,False
2026-01-19 06:00:00,0.09532126,False
2026-01-19 06:05:00,0.23247863,False
2026-01-19 06:10:00,0.063189216,False
2026-01-19 06:15:00,0.21146871,False
2026-01-19 06:20:00,0.04975309,False
2026-01-19 06:25:00,0.058334906,False
2026-01-19 06:30:00,0.06058234,False
2026-01-19 06:35:00,0.071358375,False
2026-01-19 06:40:00,0.18323775,False
2026-01-19 06:45:00,0.17677413,False
2026-01-19 06:50:00,0.1081643,False
2026-01-19 06:55:00,0.15552768,False
2026-01-19 07:00:00,0.17682111,False
2026-01-19 07:05:00,0.34088942,True
2026-01-19 07:10:00,0.21444504,False
2026-01-19 07:15:00,0.031751424,False
2026-01-19 07:20:00,0.102966726,False
2026-01-19 07:25:00,0.16171683,False
2026-01-19 07:30:00,0.1302353,False
2026-01-19 07:35:00,0.10868627,False
2026-01-19 07:40:00,0.7332702,True
2026-01-19 07:45:00,0.120373376,False
2026-01-19 07:50:00,0.04368909,False
2026-01-19 07:55:00,0.10634566,False
2026-01-19 08:00:00,0.1332068,False
2026-01-19 08:05:00,0.1049431,False
2026-01-19 08:10:00,0.026491202,False
2026-01-19 08:15:00,0.121585995,False
2026-01-19 08:20:00,0.089386426,False
2026-01-19 08:25:00,0.15244637,False
2026-01-19 08:30:00,0.17398591,False
2026-01-19 08:35:00,0.35442433,True
2026-01-19 08:40:00,0.09301465,False
2026-01-19 08:45:00,0.16847904,False
2026-01-19 08:50:00,0.17712711,False
2026-01-19 08:55:00,0.04878892,False
2026-01-19 09:00:00,0.046666596,False
2026-01-19 09:05:00,0.05462445,False
2026-01-19 09:10:00,0.19754554,False
2026-01-19 09:15:00,0.11076903,False
2026-01-19 09:20:00,0.15043847,False
2026-01-19 09:25:00,0.19657765,False
2026-01-19 09:30:00,0.094287425,False
2026-01-19 09:35:00,0.25601292,False
2026-01-19 09:40:00,0.23754193,False
2026-01-19 09:45:00,0.039393228,False
2026-01-19 09:50:00,0.18919958,False
2026-01-19 09:55:00,0.1262983,False
2026-01-19 10:00:00,0.02309388,False
2026-01-19 10:05:00,0.13150562,False
2026-01-19 10:10:00,0.032631222,False
2026-01-19 10:15:00,0.2921157,False
2026-01-19 10:20:00,0.42241514,True
2026-01-19 10:25:00,0.10611057,False
2026-01-19 10:30:00,0.4225001,True
2026-01-19 10:35:00,0.1563261,False
2026-01-19 10:40:00,0.31318107,False
2026-01-19 10:45:00,0.41171822,True
2026-01-19 10:50:00,0.10682362,False
2026-01-19 10:55:00,0.23866294,False
2026-01-19 11:00:00,0.17978013,False
2026-01-19 11:05:00,0.20674051,False
2026-01-19 11:10:00,0.0959393,False
2026-01-19 11:15:00,0.06008591,False
2026-01-19 11:20:00,0.12906761,False
2026-01-19 11:25:00,0.1158157,False
2026-01-19 11:30:00,0.080930285,False
2026-01-19 11:35:00,0.28711653,False
2026-01-19 11:40:00,0.124012075,False
2026-01-19 11:45:00,0.20260511,False
2026-01-19 11:50:00,0.098600805,False
2026-01-19 11:55:00,0.04920384,False
2026-01-19 12:00:00,0.13821481,False
2026-01-19 12:05:00,0.10608727,False
2026-01-19 12:10:00,0.33154434,True
2026-01-19 12:15:00,0.08466387,False
2026-01-19 12:20:00,0.11753418,False
2026-01-19 12:25:00,0.04761005,False
2026-01-19 12:30:00,0.07894809,False
2026-01-19 12:35:00,0.17038107,False
2026-01-19 12:40:00,0.08050646,False
2026-01-19 12:45:00,0.30824548,False
2026-01-19 12:50:00,0.18664367,False
2026-01-19 12:55:00,0.24581917,False
2026-01-19 13:00:00,0.08034744,False
2026-01-19 13:05:00,0.08822909,False
2026-01-19 13:10:00,0.21780668,False
2026-01-19 13:15:00,0.16009547,False
2026-01-19 13:20:00,0.049811903,False
2026-01-19 13:25:00,0.14971143,False
2026-01-19 13:30:00,0.073968515,False
2026-01-19 13:35:00,0.04108765,False
2026-01-19 13:40:00,0.098804235,False
2026-01-19 13:45:00,0.12925142,False
2026-01-19 13:50:00,0.04405581,False
2026-01-19 13:55:00,0.09320835,False
2026-01-19 14:00:00,0.09908488,False
2026-01-19 14:05:00,0.13281995,False
2026-01-19 14:10:00,0.16047397,False
2026-01-19 14:15:00,0.12983072,False
2026-01-19 14:20:00,0.16271465,False
2026-01-19 14:25:00,0.16981582,False
2026-01-19 14:30:00,0.28013495,False
2026-01-19 14:35:00,0.26848522,False
2026-01-19 14:40:00,0.055717528,False
2026-01-19 14:45:00,0.036315907,False
2026-01-19 14:50:00,0.09611056,False
2026-01-19 14:55:00,0.063464366,False
2026-01-19 15:00:00,0.33819818,True
2026-01-19 15:05:00,0.2186479,False
2026-01-19 15:10:00,0.14203945,False
2026-01-19 15:15:00,0.07555127,False
2026-01-19 15:20:00,0.25040075,False
2026-01-19 15:25:00,0.2111993,False
2026-01-19 15:30:00,0.082063615,False
2026-01-19 15:35:00,0.23265399,False
2026-01-19 15:40:00,0.32234806,False
2026-01-19 15:45:00,0.005162619,False
2026-01-19 15:50:00,0.30973154,False
2026-01-19 15:55:00,0.15634523,False
2026-01-19 16:00:00,0.06985053,False
2026-01-19 16:05:00,0.14592005,False
2026-01-19 16:10:00,0.07886053,False
2026-01-19 16:15:00,0.072673075,False
2026-01-19 16:20:00,0.38911322,True
2026-01-19 16:25:00,0.2136485,False
2026-01-19 16:30:00,0.223122,False
2026-01-19 16:35:00,0.10528078,False
2026-01-19 16:40:00,0.2866127,False
2026-01-19 16:45:00,0.10610736,False
2026-01-19 16:50:00,0.2312407,False
2026-01-19 16:55:00,0.08249279,False
2026-01-19 17:00:00,0.08224553,False
2026-01-19 17:05:00,0.2584198,False
2026-01-19 17:10:00,0.32682726,False
2026-01-19 17:15:00,0.09621796,False
2026-01-19 17:20:00,0.09538669,False
2026-01-19 17:25:00,0.05801637,False
2026-01-19 17:30:00,0.27915055,False
2026-01-19 17:35:00,0.13282345,False
2026-01-19 17:40:00,0.46483365,True
2026-01-19 17:45:00,0.20446117,False
2026-01-19 17:50:00,0.075452186,False
2026-01-19 17:55:00,0.05912088,False
2026-01-19 18:00:00,0.28109097,False
2026-01-19 18:20:00,0.09147805,False
2026-01-19 18:25:00,0.09009341,False
2026-01-19 18:30:00,0.1178867,False
2026-01-19 18:40:00,0.4644707,True
2026-01-19 19:00:00,0.27132687,False
2026-01-19 19:05:00,0.038551882,False
2026-01-19 19:15:00,0.12551238,False
2026-01-19 19:20:00,0.12434175,False
2026-01-19 19:25:00,0.22742659,False
2026-01-19 19:40:00,0.15051092,False
2026-01-19 19:45:00,0.18186873,False
2026-01-19 19:50:00,0.072584234,False
2026-01-19 19:55:00,0.0971361,False
2026-01-19 20:00:00,0.16881324,False
2026-01-19 20:05:00,0.082256354,False
2026-01-19 20:10:00,0.121697485,False
2026-01-19 20:15:00,0.22448893,False
2026-01-19 20:20:00,0.25440428,False
2026-01-19 20:25:00,0.18017139,False
2026-01-19 20:30:00,0.0897784,False
2026-01-19 20:35:00,0.034499615,False
2026-01-19 20:40:00,0.32083723,False
2026-01-19 20:45:00,0.13919458,False
2026-01-19 20:50:00,0.047260523,False
2026-01-19 20:55:00,0.04048888,False
2026-01-19 21:00:00,0.08589477,False
2026-01-19 21:05:00,0.036323678,False
2026-01-19 21:10:00,0.24364756,False
2026-01-19 21:15:00,0.22513998,False
2026-01-19 21:20:00,0.110548794,False
2026-01-19 21:25:00,0.08875219,False
2026-01-19 21:30:00,0.06820696,False
2026-01-19 21:35:00,0.08500794,False
2026-01-19 21:40:00,0.25582197,False
2026-01-19 21:45:00,0.20346592,False
2026-01-19 21:50:00,0.09616024,False
2026-01-19 21:55:00,0.035716426,False
2026-01-19 22:00:00,0.09312213,False
2026-01-19 22:05:00,0.1490238,False
2026-01-19 22:10:00,0.021641603,False
2026-01-19 22:15:00,0.052372936,False
2026-01-19 22:20:00,0.17067407,False
2026-01-19 22:25:00,0.049951147,False
2026-01-19 22:30:00,0.24581988,False
2026-01-19 22:35:00,0.19788052,False
2026-01-19 22:40:00,0.16501914,False
2026-01-19 22:45:00,0.14510855,False
2026-01-19 22:50:00,0.1359322,False
2026-01-19 22:55:00,0.05174558,False
2026-01-19 23:00:00,0.111771815,False
2026-01-19 23:05:00,0.03812242,False
2026-01-19 23:10:00,0.05737981,False
2026-01-19 23:15:00,0.09518715,False
2026-01-19 23:20:00,0.14261495,False
2026-01-19 23:25:00,0.23441233,False
2026-01-19 23:30:00,0.033227097,False
2026-01-19 23:35:00,0.14430083,False
2026-01-19 23:40:00,0.018416753,False
2026-01-19 23:45:00,0.25650448,False
2026-01-19 23:50:00,0.08528188,False
2026-01-19 23:55:00,0.2446699,False
2026-01-20 00:00:00,0.28164122,False
2026-01-20 00:05:00,0.023175688,False
2026-01-20 00:10:00,0.022890909,False
2026-01-20 00:15:00,0.08904138,False
2026-01-20 00:20:00,0.014398339,False
2026-01-20 00:25:00,0.0779978,False
2026-01-20 00:30:00,0.076772295,False
2026-01-20 00:35:00,0.0998196,False
2026-01-20 00:40:00,0.23023765,False
2026-01-20 00:45:00,0.028385602,False
2026-01-20 00:50:00,0.12888099,False
2026-01-20 00:55:00,0.0708452,False
2026-01-20 01:00:00,0.09945839,False
2026-01-20 01:05:00,0.43882108,True
2026-01-20 01:10:00,0.43422613,True
2026-01-20 01:15:00,0.19677116,False
2026-01-20 01:20:00,0.07830138,False
2026-01-20 01:25:00,0.080945455,False
2026-01-20 01:30:00,0.045093507,False
2026-01-20 01:35:00,0.061079502,False
2026-01-20 01:40:00,0.07223921,False
2026-01-20 01:45:00,0.11080339,False
2026-01-20 01:50:00,0.10963509,False
2026-01-20 01:55:00,0.14284937,False
2026-01-20 02:00:00,0.08321975,False
2026-01-20 02:05:00,0.078232236,False
2026-01-20 02:10:00,0.10991635,False
2026-01-20 02:15:00,0.034646373,False
2026-01-20 02:20:00,0.090515874,False
2026-01-20 02:25:00,0.030421682,False
2026-01-20 02:30:00,0.093707524,False
2026-01-20 02:35:00,0.03002324,False
2026-01-20 02:40:00,0.12517644,False
2026-01-20 02:45:00,0.16008964,False
2026-01-20 02:50:00,0.03344784,False
2026-01-20 02:55:00,0.14817125,False
2026-01-20 03:00:00,0.10781073,False
2026-01-20 03:05:00,0.063357316,False
2026-01-20 03:10:00,0.05911824,False
2026-01-20 03:15:00,0.061317474,False
2026-01-20 03:25:00,0.48010406,True
2026-01-20 03:30:00,0.07043657,False
2026-01-20 03:40:00,0.3137235,False
2026-01-20 03:45:00,0.102422886,False
2026-01-20 03:55:00,0.094781436,False
2026-01-20 04:00:00,0.052149463,False
2026-01-20 04:05:00,0.043272898,False
2026-01-20 04:10:00,0.050517265,False
2026-01-20 04:15:00,0.12781994,False
2026-01-20 04:20:00,0.14168768,False
2026-01-20 04:25:00,0.030099565,False
2026-01-20 04:30:00,0.13746193,False
2026-01-20 04:35:00,0.13184015,False
2026-01-20 04:40:00,0.10755199,False
2026-01-20 04:45:00,0.21305273,False
2026-01-20 04:50:00,0.16303287,False
2026-01-20 04:55:00,0.14113308,False
2026-01-20 05:00:00,0.07953055,False
2026-01-20 05:05:00,0.21693005,False
2026-01-20 05:10:00,0.0597749,False
2026-01-20 05:15:00,0.41524813,True
2026-01-20 05:20:00,0.25626215,False
2026-01-20 05:25:00,0.09803707,False
2026-01-20 05:30:00,0.42580137,True
2026-01-20 05:35:00,0.57441247,True
2026-01-20 05:40:00,0.12987795,False
2026-01-20 05:45:00,0.079911105,False
2026-01-20 05:50:00,0.08979636,False
2026-01-20 05:55:00,0.046431404,False
2026-01-20 06:00:00,0.11176374,False
2026-01-20 06:05:00,0.27472588,False
2026-01-20 06:10:00,0.026480736,False
2026-01-20 06:15:00,0.1271774,False
2026-01-20 06:20:00,0.25005698,False
2026-01-20 06:25:00,0.05622371,False
2026-01-20 06:30:00,0.23745334,False
2026-01-20 06:35:00,0.256991,False
2026-01-20 06:40:00,0.14808999,False
2026-01-20 06:45:00,0.06475023,False
2026-01-20 06:50:00,0.22924341,False
2026-01-20 06:55:00,0.07248053,False
2026-01-20 07:00:00,0.30788568,False
2026-01-20 07:05:00,0.19830342,False
2026-01-20 07:10:00,0.19280668,False
2026-01-20 07:15:00,0.2865788,False
2026-01-20 07:20:00,0.10807097,False
2026-01-20 07:25:00,0.11750135,False
2026-01-20 07:30:00,0.059117526,False
2026-01-20 07:35:00,0.17575572,False
2026-01-20 07:40:00,0.06547595,False
2026-01-20 07:45:00,0.04689246,False
2026-01-20 07:50:00,0.08042116,False
2026-01-20 07:55:00,0.045181215,False
2026-01-20 08:00:00,0.2104845,False
2026-01-20 08:05:00,0.11396014,False
2026-01-20 08:10:00,0.10095653,False
2026-01-20 08:15:00,0.061362382,False
2026-01-20 08:20:00,0.17182519,False
2026-01-20 08:25:00,0.213472,False
2026-01-20 08:30:00,0.07750491,False
2026-01-20 08:35:00,0.11044965,False
2026-01-20 08:40:00,0.16004603,False
2026-01-20 08:45:00,0.1583492,False
2026-01-20 08:50:00,0.08924422,False
2026-01-20 09:00:00,0.23283418,False
2026-01-20 09:05:00,0.2108875,False
2026-01-20 09:10:00,0.22215988,False
2026-01-20 09:15:00,0.14257371,False
2026-01-20 09:20:00,0.06831206,False
2026-01-20 09:25:00,0.25700405,False
2026-01-20 09:30:00,0.29506955,False
2026-01-20 09:35:00,0.026060177,False
2026-01-20 09:40:00,0.18271564,False
2026-01-20 09:45:00,0.0624374,False
2026-01-20 09:50:00,0.030877301,False
2026-01-20 09:55:00,0.090265356,False
2026-01-20 10:00:00,0.22669058,False
2026-01-20 10:05:00,0.17778145,False
2026-01-20 10:10:00,0.12628217,False
2026-01-20 10:15:00,0.21630146,False
2026-01-20 10:20:00,0.14426419,False
2026-01-20 10:25:00,0.05293381,False
2026-01-20 10:30:00,0.04301536,False
2026-01-20 10:35:00,0.119799316,False
2026-01-20 10:40:00,0.08273756,False
2026-01-20 10:45:00,0.09765968,False
2026-01-20 10:50:00,0.034479473,False
2026-01-20 10:55:00,0.17853333,False
2026-01-20 11:00:00,0.16550452,False
2026-01-20 11:05:00,0.1259992,False
2026-01-20 11:10:00,0.031087348,False
2026-01-20 11:15:00,0.23909168,False
2026-01-20 11:20:00,0.011786316,False
2026-01-20 11:25:00,0.4102323,True
2026-01-20 11:30:00,0.03487807,False
2026-01-20 11:35:00,0.0811137,False
2026-01-20 11:40:00,0.03243534,False
2026-01-20 11:45:00,0.11350685,False
2026-01-20 11:50:00,0.13900122,False
2026-01-20 11:55:00,0.32164338,False
2026-01-20 12:00:00,0.15887879,False
2026-01-20 12:05:00,0.16896142,False
2026-01-20 12:10:00,0.07225085,False
2026-01-20 12:15:00,0.07960089,False
2026-01-20 12:20:00,0.15137915,False
2026-01-20 12:25:00,0.042737905,False
2026-01-20 12:30:00,0.039520483,False
2026-01-20 12:35:00,0.026395813,False
2026-01-20 12:40:00,0.022969952,False
2026-01-20 12:45:00,0.33366892,True
2026-01-20 12:50:00,0.14813021,False
2026-01-20 12:55:00,0.10892195,False
2026-01-20 13:00:00,0.14405058,False
2026-01-20 13:05:00,0.17381747,False
2026-01-20 13:10:00,0.28006634,False
2026-01-20 13:15:00,0.1027768,False
2026-01-20 13:20:00,0.411469,True
2026-01-20 13:25:00,0.14952932,False
2026-01-20 13:30:00,0.15141957,False
2026-01-20 13:35:00,0.18624906,False
2026-01-20 13:40:00,0.33181253,True
2026-01-20 13:45:00,0.051398072,False
2026-01-20 13:50:00,0.05019638,False
2026-01-20 13:55:00,0.08101783,False
2026-01-20 14:00:00,0.049635712,False
2026-01-20 14:05:00,0.28358102,False
2026-01-20 14:10:00,0.1667351,False
2026-01-20 14:15:00,0.14202857,False
2026-01-20 14:20:00,0.105217755,False
2026-01-20 14:25:00,0.07718718,False
2026-01-20 14:30:00,0.028756825,False
2026-01-20 14:35:00,0.1709664,False
2026-01-20 14:40:00,0.22022313,False
2026-01-20 14:45:00,0.18130861,False
2026-01-20 14:50:00,0.040910315,False
2026-01-20 14:55:00,0.45271525,True
2026-01-20 15:00:00,0.43844512,True
2026-01-20 15:05:00,0.11458734,False
2026-01-20 15:10:00,0.09845346,False
2026-01-20 15:15:00,0.038432516,False
2026-01-20 15:20:00,0.10085535,False
2026-01-20 15:25:00,0.10970717,False
2026-01-20 15:30:00,0.14500724,False
2026-01-20 15:35:00,0.09945563,False
2026-01-20 15:40:00,0.022361627,False
2026-01-20 15:45:00,0.2300877,False
2026-01-20 15:50:00,0.35754064,True
2026-01-20 15:55:00,0.22623348,False
2026-01-20 16:00:00,0.33677793,True
2026-01-20 16:05:00,0.22226322,False
2026-01-20 16:10:00,0.08061287,False
2026-01-20 16:15:00,0.05725832,False
2026-01-20 16:20:00,0.1786431,False
2026-01-20 16:25:00,0.14136398,False
2026-01-20 16:30:00,0.09286042,False
2026-01-20 16:35:00,0.14874671,False
2026-01-20 16:40:00,0.09774479,False
2026-01-20 16:45:00,0.141221,False
2026-01-20 16:50:00,0.11598604,False
2026-01-20 16:55:00,0.25565243,False
2026-01-20 17:00:00,0.06482412,False
2026-01-20 17:05:00,0.10529896,False
2026-01-20 17:10:00,0.16049899,False
2026-01-20 17:15:00,0.28348288,False
2026-01-20 17:20:00,0.029793011,False
2026-01-20 17:25:00,0.43308783,True
2026-01-20 17:30:00,0.085462846,False
2026-01-20 17:35:00,0.3889463,True
2026-01-20 17:40:00,0.16077258,False
2026-01-20 17:45:00,0.30319524,False
2026-01-20 17:50:00,0.28974733,False
2026-01-20 17:55:00,0.061031315,False
2026-01-20 18:00:00,0.12546594,False
2026-01-20 18:05:00,0.087581895,False
2026-01-20 18:10:00,0.021128468,False
2026-01-20 18:15:00,0.10025516,False
2026-01-20 18:25:00,0.1285727,False
2026-01-20 18:30:00,0.1564602,False
2026-01-20 18:40:00,0.15981777,False
2026-01-20 18:45:00,0.01525925,False
2026-01-20 18:55:00,0.30013466,False
2026-01-20 19:05:00,0.20389628,False
2026-01-20 19:15:00,0.19932087,False
2026-01-20 19:30:00,0.14006606,False
2026-01-20 19:40:00,0.21886331,False
2026-01-20 19:45:00,0.18102558,False
2026-01-20 19:55:00,0.1840496,False
2026-01-20 20:00:00,0.09075853,False
2026-01-20 20:05:00,0.13626058,False
2026-01-20 20:10:00,0.18376666,False
2026-01-20 20:15:00,0.37269226,True
2026-01-20 20:20:00,0.19406222,False
2026-01-20 20:25:00,0.07458243,False
2026-01-20 20:30:00,0.095541365,False
2026-01-20 20:35:00,0.18419486,False
2026-01-20 20:40:00,0.031190507,False
2026-01-20 20:45:00,0.10322019,False
2026-01-20 20:50:00,0.20114952,False
2026-01-20 20:55:00,0.29334015,False
2026-01-20 21:00:00,0.1861922,False
2026-01-20 21:05:00,0.17548485,False
2026-01-20 21:10:00,0.09083215,False
2026-01-20 21:15:00,0.14050855,False
2026-01-20 21:20:00,0.051699948,False
2026-01-20 21:25:00,0.09727042,False
2026-01-20 21:30:00,0.08789566,False
2026-01-20 21:35:00,0.15535156,False
2026-01-20 21:40:00,0.12337201,False
2026-01-20 21:45:00,0.17804511,False
2026-01-20 21:50:00,0.15252139,False
2026-01-20 21:55:00,0.04310457,False
2026-01-20 22:00:00,0.10013344,False
2026-01-20 22:05:00,0.31585243,False
2026-01-20 22:10:00,0.14333887,False
2026-01-20 22:15:00,0.08791933,False
2026-01-20 22:20:00,0.09779746,False
2026-01-20 22:25:00,0.051601052,False
2026-01-20 22:30:00,0.09412683,False
2026-01-20 22:35:00,0.3391148,True
2026-01-20 22:40:00,0.32440656,False
2026-01-20 22:45:00,0.10019964,False
2026-01-20 22:50:00,0.049623873,False
2026-01-20 22:55:00,0.09547713,False
2026-01-20 23:00:00,0.06966057,False
2026-01-20 23:05:00,0.024695432,False
2026-01-20 23:10:00,0.56932956,True
2026-01-20 23:15:00,0.08145843,False
2026-01-20 23:20:00,0.1298709,False
2026-01-20 23:25:00,0.29618055,False
2026-01-20 23:30:00,0.028198084,False
2026-01-20 23:35:00,0.06013808,False
2026-01-20 23:40:00,0.13463415,False
2026-01-20 23:45:00,0.119357675,False
2026-01-20 23:50:00,0.318843,False
2026-01-20 23:55:00,0.24159469,False
2026-01-21 00:00:00,0.2842107,False
2026-01-21 00:05:00,0.102484666,False
2026-01-21 00:10:00,0.08833632,False
2026-01-21 00:15:00,0.18860699,False
2026-01-21 00:20:00,0.3120869,False
2026-01-21 00:25:00,0.091377825,False
2026-01-21 00:30:00,0.046862572,False
2026-01-21 00:35:00,0.07807443,False
2026-01-21 00:40:00,0.28821102,False
2026-01-21 00:45:00,0.047396332,False
2026-01-21 00:55:00,0.048037097,False
2026-01-21 01:00:00,0.17016776,False
2026-01-21 01:05:00,0.07919247,False
2026-01-21 01:10:00,0.03663135,False
2026-01-21 01:15:00,0.10690337,False
2026-01-21 01:20:00,0.08253632,False
2026-01-21 01:25:00,0.06278281,False
2026-01-21 01:30:00,0.19000976,False
2026-01-21 01:35:00,0.071008086,False
2026-01-21 01:40:00,0.1767533,False
2026-01-21 01:45:00,0.03789449,False
2026-01-21 01:50:00,0.15989903,False
2026-01-21 01:55:00,0.28325984,False
2026-01-21 02:00:00,0.14705017,False
2026-01-21 02:05:00,0.08751556,False
2026-01-21 02:10:00,0.06936536,False
2026-01-21 02:15:00,0.32014397,False
2026-01-21 02:20:00,0.04366368,False
2026-01-21 02:25:00,0.23299551,False
2026-01-21 02:30:00,0.046219885,False
2026-01-21 02:35:00,0.13589795,False
2026-01-21 02:40:00,0.04879531,False
2026-01-21 02:45:00,0.07511938,False
2026-01-21 02:50:00,0.3665434,True
2026-01-21 02:55:00,0.08117482,False
2026-01-21 03:00:00,0.06444263,False
2026-01-21 03:05:00,0.08376506,False
2026-01-21 03:10:00,0.19703539,False
2026-01-21 03:15:00,0.05568591,False
2026-01-21 03:20:00,0.1324232,False
2026-01-21 03:25:00,0.088470854,False
2026-01-21 03:30:00,0.13071148,False
2026-01-21 03:35:00,0.14634566,False
2026-01-21 03:40:00,0.1370896,False
2026-01-21 03:45:00,0.15441288,False
2026-01-21 03:50:00,0.098565966,False
2026-01-21 03:55:00,0.057014287,False
2026-01-21 04:00:00,0.15138914,False
2026-01-21 04:05:00,0.23872714,False
2026-01-21 04:10:00,0.13093652,False
2026-01-21 04:15:00,0.086794585,False
2026-01-21 04:20:00,0.109219916,False
2026-01-21 04:25:00,0.07730449,False
2026-01-21 04:30:00,0.0095679,False
2026-01-21 04:35:00,0.050574284,False
2026-01-21 04:40:00,0.24791121,False
2026-01-21 04:45:00,0.18226331,False
2026-01-21 04:50:00,0.22074473,False
2026-01-21 04:55:00,0.16006474,False
2026-01-21 05:00:00,0.044954956,False
2026-01-21 05:05:00,0.1599075,False
2026-01-21 05:10:00,0.138165,False
2026-01-21 05:15:00,0.19335578,False
2026-01-21 05:20:00,0.009301736,False
2026-01-21 05:25:00,0.045907695,False
2026-01-21 05:30:00,0.026292503,False
2026-01-21 05:35:00,0.11885852,False
2026-01-21 05:40:00,0.10248139,False
2026-01-21 05:45:00,0.105383374,False
2026-01-21 05:50:00,0.008175253,False
2026-01-21 05:55:00,0.22595704,False
2026-01-21 06:00:00,0.19656627,False
2026-01-21 06:05:00,0.21342689,False
2026-01-21 06:10:00,0.162535,False
2026-01-21 06:15:00,0.17696112,False
2026-01-21 06:20:00,0.06504262,False
2026-01-21 06:25:00,0.03486159,False
2026-01-21 06:30:00,0.123511754,False
2026-01-21 06:35:00,0.040543526,False
2026-01-21 06:40:00,0.42791936,True
2026-01-21 06:45:00,0.32609814,False
2026-01-21 06:50:00,0.035426762,False
2026-01-21 06:55:00,0.14975679,False
2026-01-21 07:00:00,0.16806237,False
2026-01-21 07:05:00,0.11013765,False
2026-01-21 07:10:00,0.13204093,False
2026-01-21 07:15:00,0.123766094,False
2026-01-21 07:20:00,0.14530973,False
2026-01-21 07:25:00,0.03941376,False
2026-01-21 07:30:00,0.055000383,False
2026-01-21 07:35:00,0.21571694,False
2026-01-21 07:40:00,0.16925763,False
2026-01-21 07:45:00,0.11885158,False
2026-01-21 07:50:00,0.20110583,False
2026-01-21 07:55:00,0.0313056,False
2026-01-21 08:00:00,0.017691275,False
2026-01-21 08:05:00,0.07041869,False
2026-01-21 08:10:00,0.31396273,False
2026-01-21 08:15:00,0.075130574,False
2026-01-21 08:20:00,0.03130685,False
2026-01-21 08:25:00,0.32758328,False
2026-01-21 08:30:00,0.18592255,False
2026-01-21 08:35:00,0.38088432,True
2026-01-21 08:40:00,0.10266142,False
2026-01-21 08:45:00,0.2586042,False
2026-01-21 08:50:00,0.07339137,False
2026-01-21 08:55:00,0.16219534,False
2026-01-21 09:00:00,0.4478124,True
2026-01-21 09:05:00,0.10985757,False
2026-01-21 09:10:00,0.1112461,False
2026-01-21 09:15:00,0.12839954,False
2026-01-21 09:20:00,0.06817245,False
2026-01-21 09:25:00,0.043788817,False
2026-01-21 09:30:00,0.1605062,False
2026-01-21 09:35:00,0.33635274,True
2026-01-21 09:40:00,0.17460613,False
2026-01-21 09:45:00,0.25005648,False
2026-01-21 09:55:00,0.07746437,False
2026-01-21 10:00:00,0.03551426,False
2026-01-21 10:05:00,0.27215174,False
2026-01-21 10:10:00,0.09495107,False
2026-01-21 10:15:00,0.30047995,False
2026-01-21 10:20:00,0.15533963,False
2026-01-21 10:25:00,0.090337485,False
2026-01-21 10:30:00,0.22359101,False
2026-01-21 10:35:00,0.38800693,True
2026-01-21 10:40:00,0.11868886,False
2026-01-21 10:45:00,0.0849596,False
2026-01-21 10:50:00,0.11687654,False
2026-01-21 10:55:00,0.11319057,False
2026-01-21 11:00:00,0.11764126,False
2026-01-21 11:05:00,0.047626544,False
2026-01-21 11:10:00,0.06678822,False
2026-01-21 11:15:00,0.12286067,False
2026-01-21 11:20:00,0.060091276,False
2026-01-21 11:25:00,0.10429675,False
2026-01-21 11:30:00,0.16454451,False
2026-01-21 11:35:00,0.08288651,False
2026-01-21 11:40:00,0.06445274,False
2026-01-21 11:45:00,0.09086443,False
2026-01-21 11:50:00,0.1360884,False
2026-01-21 11:55:00,0.08486897,False
2026-01-21 12:00:00,0.15640312,False
2026-01-21 12:05:00,0.109366424,False
2026-01-21 12:10:00,0.09654298,False
2026-01-21 12:15:00,0.17152928,False
2026-01-21 12:20:00,0.09912836,False
2026-01-21 12:25:00,0.13270111,False
2026-01-21 12:30:00,0.05771717,False
2026-01-21 12:35:00,0.119262,False
2026-01-21 12:40:00,0.13638632,False
2026-01-21 12:45:00,0.038620517,False
2026-01-21 12:50:00,0.11814177,False
2026-01-21 12:55:00,0.104762666,False
2026-01-21 13:00:00,0.19786692,False
2026-01-21 13:05:00,0.07962277,False
2026-01-21 13:10:00,0.06792923,False
2026-01-21 13:15:00,0.14817517,False
2026-01-21 13:20:00,0.05815621,False
2026-01-21 13:25:00,0.23006117,False
2026-01-21 13:30:00,0.15289499,False
2026-01-21 13:35:00,0.14002652,False
2026-01-21 13:40:00,0.6281111,True
2026-01-21 13:45:00,0.3169516,False
2026-01-21 13:50:00,0.06093436,False
2026-01-21 14:00:00,0.028265579,False
2026-01-21 14:05:00,0.16274802,False
2026-01-21 14:10:00,0.065327205,False
2026-01-21 14:15:00,0.10015931,False
2026-01-21 14:20:00,0.024626499,False
2026-01-21 14:25:00,0.17495042,False
2026-01-21 14:30:00,0.18872939,False
2026-01-21 14:35:00,0.08986509,False
2026-01-21 14:40:00,0.13032152,False
2026-01-21 14:45:00,0.18106407,False
2026-01-21 14:50:00,0.1748296,False
2026-01-21 14:55:00,0.07785357,False
2026-01-21 15:00:00,0.03400011,False
2026-01-21 15:05:00,0.03739961,False
2026-01-21 15:10:00,0.14750873,False
2026-01-21 15:15:00,0.16090685,False
2026-01-21 15:20:00,0.11355544,False
2026-01-21 15:25:00,0.109889306,False
2026-01-21 15:30:00,0.22143061,False
2026-01-21 15:35:00,0.09776201,False
2026-01-21 15:40:00,0.19703263,False
2026-01-21 15:45:00,0.14117031,False
2026-01-21 15:50:00,0.06625495,False
2026-01-21 15:55:00,0.18627466,False
2026-01-21 16:00:00,0.06910889,False
2026-01-21 16:05:00,0.30479953,False
2026-01-21 16:10:00,0.23619163,False
2026-01-21 16:15:00,0.28815332,False
2026-01-21 16:20:00,0.065938406,False
2026-01-21 16:25:00,0.08408004,False
2026-01-21 16:30:00,0.18207455,False
2026-01-21 16:35:00,0.48196363,True
2026-01-21 16:40:00,0.08110818,False
2026-01-21 16:45:00,0.10902968,False
2026-01-21 16:50:00,0.08551972,False
2026-01-21 16:55:00,0.013621102,False
2026-01-21 17:00:00,0.18350692,False
2026-01-21 17:05:00,0.23023392,False
2026-01-21 17:10:00,0.11758412,False
2026-01-21 17:15:00,0.22780482,False
2026-01-21 17:20:00,0.08356335,False
2026-01-21 17:25:00,0.3184307,False
2026-01-21 17:30:00,0.18998986,False
2026-01-21 17:35:00,0.11646665,False
2026-01-21 17:40:00,0.14827336,False
2026-01-21 17:45:00,0.42132506,True
2026-01-21 17:50:00,0.15115273,False
2026-01-21 17:55:00,0.14363347,False
2026-01-21 18:05:00,0.13557296,False
2026-01-21 18:15:00,0.15636653,False
2026-01-21 18:20:00,0.2707944,False
2026-01-21 18:25:00,0.12977986,False
2026-01-21 18:30:00,0.18104672,False
2026-01-21 18:35:00,0.02255476,False
2026-01-21 18:45:00,0.07261471,False
2026-01-21 18:55:00,0.10074965,False
2026-01-21 19:00:00,0.101309545,False
2026-01-21 19:10:00,0.16336012,False
2026-01-21 19:15:00,0.2359732,False
2026-01-21 19:35:00,0.03170404,False
2026-01-21 19:45:00,0.112746,False
2026-01-21 20:00:00,0.12517676,False
2026-01-21 20:05:00,0.20309569,False
2026-01-21 20:10:00,0.21467547,False
2026-01-21 20:15:00,0.12996031,False
2026-01-21 20:20:00,0.08198273,False
2026-01-21 20:25:00,0.034658294,False
2026-01-21 20:30:00,0.13097806,False
2026-01-21 20:35:00,0.07303219,False
2026-01-21 20:40:00,0.35557437,True
2026-01-21 20:45:00,0.24055009,False
2026-01-21 20:50:00,0.23633324,False
2026-01-21 20:55:00,0.055433184,False
2026-01-21 21:00:00,0.05848377,False
2026-01-21 21:05:00,0.18168713,False
2026-01-21 21:10:00,0.07176059,False
2026-01-21 21:15:00,0.0603023,False
2026-01-21 21:20:00,0.16545106,False
2026-01-21 21:25:00,0.120720536,False
2026-01-21 21:30:00,0.20239042,False
2026-01-21 21:35:00,0.011286744,False
2026-01-21 21:40:00,0.092412956,False
2026-01-21 21:45:00,0.048382964,False
2026-01-21 21:50:00,0.099165656,False
2026-01-21 21:55:00,0.03348175,False
2026-01-21 22:00:00,0.015391334,False
2026-01-21 22:05:00,0.06484594,False
2026-01-21 22:10:00,0.07619941,False
2026-01-21 22:15:00,0.13527755,False
2026-01-21 22:20:00,0.3278621,False
2026-01-21 22:25:00,0.1782795,False
2026-01-21 22:30:00,0.33736098,True
2026-01-21 22:35:00,0.06621038,False
2026-01-21 22:40:00,0.091064304,False
2026-01-21 22:45:00,0.12253506,False
2026-01-21 22:55:00,0.15012868,False
2026-01-21 23:00:00,0.1361963,False
2026-01-21 23:05:00,0.09596155,False
2026-01-21 23:10:00,0.13650967,False
2026-01-21 23:15:00,0.019041887,False
2026-01-21 23:20:00,0.025996283,False
2026-01-21 23:25:00,0.11799932,False
2026-01-21 23:30:00,0.05894656,False
2026-01-21 23:35:00,0.019788934,False
2026-01-21 23:40:00,0.09484503,False
2026-01-21 23:45:00,0.16027637,False
2026-01-21 23:50:00,0.22729318,False
2026-01-21 23:55:00,0.17820986,False
2026-01-22 00:00:00,0.117118694,False
2026-01-22 00:05:00,0.09609917,False
2026-01-22 00:10:00,0.13938683,False
2026-01-22 00:15:00,0.18169701,False
2026-01-22 00:20:00,0.08943838,False
2026-01-22 00:25:00,0.0780791,False
2026-01-22 00:30:00,0.059585866,False
2026-01-22 00:40:00,0.12700932,False
2026-01-22 00:45:00,0.114750594,False
2026-01-22 00:50:00,0.07285715,False
2026-01-22 00:55:00,0.14281301,False
2026-01-22 01:00:00,0.20903505,False
2026-01-22 01:05:00,0.16903996,False
2026-01-22 01:10:00,0.08943227,False
2026-01-22 01:15:00,0.095954776,False
2026-01-22 01:20:00,0.09335508,False
2026-01-22 01:25:00,0.07822614,False
2026-01-22 01:30:00,0.08566486,False
2026-01-22 01:35:00,0.2824122,False
2026-01-22 01:40:00,0.020808859,False
2026-01-22 01:45:00,0.011473621,False
2026-01-22 01:50:00,0.09361527,False
2026-01-22 01:55:00,0.040613916,False
2026-01-22 02:00:00,0.040635504,False
2026-01-22 02:05:00,0.18383558,False
2026-01-22 02:10:00,0.279278,False
2026-01-22 02:15:00,0.22861469,False
2026-01-22 02:20:00,0.08911856,False
2026-01-22 02:25:00,0.052704915,False
2026-01-22 02:30:00,0.03750884,False
2026-01-22 02:35:00,0.0992086,False
2026-01-22 02:40:00,0.121372886,False
2026-01-22 02:45:00,0.1313878,False
2026-01-22 02:50:00,0.05745636,False
2026-01-22 02:55:00,0.13073741,False
2026-01-22 03:00:00,0.047751736,False
2026-01-22 03:05:00,0.074694395,False
2026-01-22 03:10:00,0.12029814,False
2026-01-22 03:15:00,0.046277102,False
2026-01-22 03:20:00,0.1617805,False
2026-01-22 03:25:00,0.07979134,False
2026-01-22 03:30:00,0.1647217,False
2026-01-22 03:35:00,0.09492219,False
2026-01-22 03:40:00,0.056872427,False
2026-01-22 03:45:00,0.030483464,False
2026-01-22 03:50:00,0.20863153,False
2026-01-22 03:55:00,0.028886199,False
2026-01-22 04:00:00,0.2803199,False
2026-01-22 04:05:00,0.09420183,False
2026-01-22 04:10:00,0.03830348,False
2026-01-22 04:15:00,0.11299678,False
2026-01-22 04:20:00,0.2436638,False
2026-01-22 04:25:00,0.20051749,False
2026-01-22 04:30:00,0.20768867,False
2026-01-22 04:35:00,0.0912892,False
2026-01-22 04:40:00,0.18648243,False
2026-01-22 04:45:00,0.3512207,True
2026-01-22 04:50:00,0.0544527,False
2026-01-22 04:55:00,0.048274834,False
2026-01-22 05:00:00,0.07496929,False
2026-01-22 05:05:00,0.38270226,True
2026-01-22 05:10:00,0.019246776,False
2026-01-22 05:15:00,0.07307675,False
2026-01-22 05:20:00,0.0204228,False
2026-01-22 05:25:00,0.03799125,False
2026-01-22 05:30:00,0.09614322,False
2026-01-22 05:35:00,0.13114457,False
2026-01-22 05:40:00,0.21195413,False
2026-01-22 05:45:00,0.30197772,False
2026-01-22 05:50:00,0.3057429,False
2026-01-22 05:55:00,0.06289052,False
2026-01-22 06:00:00,0.07850749,False
2026-01-22 06:05:00,0.15280215,False
2026-01-22 06:10:00,0.06845476,False
2026-01-22 06:15:00,0.19018398,False
2026-01-22 06:20:00,0.1570689,False
2026-01-22 06:25:00,0.10464739,False
2026-01-22 06:30:00,0.08217458,False
2026-01-22 06:35:00,0.08271421,False
2026-01-22 06:40:00,0.23221101,False
2026-01-22 06:45:00,0.05897512,False
2026-01-22 06:50:00,0.33284697,True
2026-01-22 06:55:00,0.21891712,False
2026-01-22 07:00:00,0.04217008,False
2026-01-22 07:05:00,0.30098495,False
2026-01-22 07:10:00,0.09024323,False
2026-01-22 07:15:00,0.07919203,False
2026-01-22 07:20:00,0.05448064,False
2026-01-22 07:25:00,0.25995326,False
2026-01-22 07:30:00,0.074295685,False
2026-01-22 07:35:00,0.15778339,False
2026-01-22 07:40:00,0.14944072,False
2026-01-22 07:45:00,0.16952364,False
2026-01-22 07:50:00,0.22122854,False
2026-01-22 07:55:00,0.074241675,False
2026-01-22 08:00:00,0.13536166,False
2026-01-22 08:05:00,0.040887024,False
2026-01-22 08:10:00,0.14724481,False
2026-01-22 08:15:00,0.12493187,False
2026-01-22 08:20:00,0.09630558,False
2026-01-22 08:25:00,0.07812459,False
2026-01-22 08:30:00,0.05904277,False
2026-01-22 08:35:00,0.16812958,False
2026-01-22 08:40:00,0.05545294,False
2026-01-22 08:45:00,0.23171026,False
2026-01-22 08:50:00,0.084539294,False
2026-01-22 08:55:00,0.32964417,False
2026-01-22 09:00:00,0.21706595,False
2026-01-22 09:05:00,0.06653941,False
2026-01-22 09:10:00,0.045049727,False
2026-01-22 09:15:00,0.11351266,False
2026-01-22 09:20:00,0.05024612,False
2026-01-22 09:25:00,0.10275206,False
2026-01-22 09:30:00,0.1588153,False
2026-01-22 09:35:00,0.1396832,False
2026-01-22 09:40:00,0.20536721,False
2026-01-22 09:45:00,0.23181553,False
2026-01-22 09:50:00,0.07258066,False
2026-01-22 09:55:00,0.1462914,False
2026-01-22 10:00:00,0.14945129,False
2026-01-22 10:05:00,0.15098724,False
2026-01-22 10:10:00,0.13309939,False
2026-01-22 10:15:00,0.11424503,False
2026-01-22 10:20:00,0.13742304,False
2026-01-22 10:25:00,0.042464603,False
2026-01-22 10:30:00,0.09176365,False
2026-01-22 10:35:00,0.3504555,True
2026-01-22 10:40:00,0.20491916,False
2026-01-22 10:45:00,0.090575844,False
2026-01-22 10:50:00,0.07603386,False
2026-01-22 10:55:00,0.036381282,False
2026-01-22 11:00:00,0.090593964,False
2026-01-22 11:05:00,0.14735898,False
2026-01-22 11:10:00,0.049851183,False
2026-01-22 11:15:00,0.10927031,False
2026-01-22 11:20:00,0.0437624,False
2026-01-22 11:25:00,0.31015858,False
2026-01-22 11:30:00,0.2777461,False
2026-01-22 11:35:00,0.19452454,False
2026-01-22 11:40:00,0.06380392,False
2026-01-22 11:45:00,0.03853522,False
2026-01-22 11:50:00,0.16692825,False
2026-01-22 11:55:00,0.10724968,False
2026-01-22 12:00:00,0.10510003,False
2026-01-22 12:05:00,0.32730028,False
2026-01-22 12:10:00,0.15679531,False
2026-01-22 12:15:00,0.26146796,False
2026-01-22 12:20:00,0.2075748,False
2026-01-22 12:25:00,0.17122889,False
2026-01-22 12:30:00,0.11419002,False
2026-01-22 12:35:00,0.0852985,False
2026-01-22 12:40:00,0.1608389,False
2026-01-22 12:45:00,0.10440526,False
2026-01-22 12:50:00,0.18513678,False
2026-01-22 12:55:00,0.08786108,False
2026-01-22 13:05:00,0.03747378,False
2026-01-22 13:10:00,0.008694715,False
2026-01-22 13:15:00,0.13284798,False
2026-01-22 13:20:00,0.10390986,False
2026-01-22 13:25:00,0.057199094,False
2026-01-22 13:30:00,0.086946994,False
2026-01-22 13:35:00,0.06664085,False
2026-01-22 13:40:00,0.24738266,False
2026-01-22 13:45:00,0.05651227,False
2026-01-22 13:50:00,0.02190596,False
2026-01-22 13:55:00,0.13327233,False
2026-01-22 14:00:00,0.14019562,False
2026-01-22 14:05:00,0.24321091,False
2026-01-22 14:10:00,0.51861006,True
2026-01-22 14:15:00,0.16378693,False
2026-01-22 14:20:00,0.2211963,False
2026-01-22 14:25:00,0.46056995,True
2026-01-22 14:30:00,0.1467434,False
2026-01-22 14:35:00,0.1961929,False
2026-01-22 14:40:00,0.29491892,False
2026-01-22 14:45:00,0.089814395,False
2026-01-22 14:55:00,0.06077989,False
2026-01-22 15:00:00,0.037409555,False
2026-01-22 15:05:00,0.3584086,True
2026-01-22 15:10:00,0.260903,False
2026-01-22 15:15:00,0.04831684,False
2026-01-22 15:20:00,0.1354054,False
2026-01-22 15:25:00,0.034620985,False
2026-01-22 15:30:00,0.14927264,False
2026-01-22 15:35:00,0.1624702,False
2026-01-22 15:40:00,0.0806467,False
2026-01-22 15:45:00,0.19214778,False
2026-01-22 15:50:00,0.08211634,False
2026-01-22 15:55:00,0.045188498,False
2026-01-22 16:00:00,0.074399985,False
2026-01-22 16:05:00,0.050473187,False
2026-01-22 16:10:00,0.1113965,False
2026-01-22 16:15:00,0.17264788,False
2026-01-22 16:25:00,0.07300086,False
2026-01-22 16:30:00,0.16310237,False
2026-01-22 16:35:00,0.05434374,False
2026-01-22 16:40:00,0.22440831,False
2026-01-22 16:45:00,0.052764963,False
2026-01-22 16:50:00,0.08133899,False
2026-01-22 16:55:00,0.03816137,False
2026-01-22 17:00:00,0.1940519,False
2026-01-22 17:05:00,0.14491111,False
2026-01-22 17:10:00,0.11704258,False
2026-01-22 17:15:00,0.14380884,False
2026-01-22 17:20:00,0.14558701,False
2026-01-22 17:30:00,0.27308208,False
2026-01-22 17:35:00,0.15852441,False
2026-01-22 17:40:00,0.15903307,False
2026-01-22 17:45:00,0.15705322,False
2026-01-22 17:50:00,0.0879892,False
2026-01-22 18:00:00,0.082256064,False
2026-01-22 18:05:00,0.039888386,False
2026-01-22 18:15:00,0.09386561,False
2026-01-22 18:20:00,0.037832305,False
2026-01-22 18:30:00,0.14987294,False
2026-01-22 18:40:00,0.1730835,False
2026-01-22 19:00:00,0.0816407,False
2026-01-22 19:10:00,0.08892465,False
2026-01-22 19:15:00,0.12605825,False
2026-01-22 19:25:00,0.07047245,False
2026-01-22 19:30:00,0.15369476,False
2026-01-22 19:40:00,0.10141101,False
2026-01-22 19:45:00,0.20895125,False
2026-01-22 19:50:00,0.15794434,False
2026-01-22 19:55:00,0.15807575,False
2026-01-22 20:00:00,0.13683666,False
2026-01-22 20:05:00,0.0819584,False
2026-01-22 20:10:00,0.28175223,False
2026-01-22 20:15:00,0.32000998,False
2026-01-22 20:20:00,0.027896745,False
2026-01-22 20:25:00,0.19473375,False
2026-01-22 20:30:00,0.120105095,False
2026-01-22 20:35:00,0.09037489,False
2026-01-22 20:40:00,0.10281839,False
2026-01-22 20:45:00,0.40432262,True
2026-01-22 20:50:00,0.46233526,True
2026-01-22 20:55:00,0.361277,True
2026-01-22 21:00:00,0.25654483,False
2026-01-22 21:05:00,0.1546459,False
2026-01-22 21:10:00,0.25928634,False
2026-01-22 21:15:00,0.29883522,False
2026-01-22 21:20:00,0.11131535,False
2026-01-22 21:25:00,0.13531883,False
2026-01-22 21:30:00,0.21102725,False
2026-01-22 21:35:00,0.28946728,False
2026-01-22 21:40:00,0.118824415,False
2026-01-22 21:45:00,0.12756982,False
2026-01-22 21:50:00,0.118687965,False
2026-01-22 21:55:00,0.15597704,False
2026-01-22 22:00:00,0.0437669,False
2026-01-22 22:05:00,0.12111298,False
2026-01-22 22:10:00,0.19841945,False
2026-01-22 22:15:00,0.033310752,False
2026-01-22 22:20:00,0.07609948,False
2026-01-22 22:25:00,0.06461405,False
2026-01-22 22:30:00,0.27675983,False
2026-01-22 22:35:00,0.0862473,False
2026-01-22 22:40:00,0.14302702,False
2026-01-22 22:45:00,0.4772465,True
2026-01-22 22:50:00,0.18342035,False
2026-01-22 22:55:00,0.11091495,False
2026-01-22 23:00:00,0.017417772,False
2026-01-22 23:10:00,0.13035844,False
2026-01-22 23:15:00,0.046493184,False
2026-01-22 23:20:00,0.16135454,False
2026-01-22 23:25:00,0.1237274,False
2026-01-22 23:30:00,0.048048336,False
2026-01-22 23:35:00,0.15943234,False
2026-01-22 23:40:00,0.11615104,False
2026-01-22 23:45:00,0.15644147,False
2026-01-22 23:50:00,0.15867369,False
2026-01-22 23:55:00,0.02282208,False
2026-01-23 00:00:00,0.3697025,True
2026-01-23 00:10:00,0.21386325,False
2026-01-23 00:15:00,0.124251425,False
2026-01-23 00:20:00,0.15744027,False
2026-01-23 00:25:00,0.1295378,False
2026-01-23 00:30:00,0.27464104,False
2026-01-23 00:35:00,0.03629707,False
2026-01-23 00:40:00,0.10067257,False
2026-01-23 00:45:00,0.0514124,False
2026-01-23 00:50:00,0.1302342,False
2026-01-23 00:55:00,0.10647932,False
2026-01-23 01:00:00,0.12630622,False
2026-01-23 01:05:00,0.07387688,False
2026-01-23 01:10:00,0.18032587,False
2026-01-23 01:15:00,0.035595812,False
2026-01-23 01:20:00,0.1545173,False
2026-01-23 01:25:00,0.19897477,False
2026-01-23 01:30:00,0.07178652,False
2026-01-23 01:35:00,0.04446717,False
2026-01-23 01:40:00,0.18005158,False
2026-01-23 01:45:00,0.16274808,False
2026-01-23 01:50:00,0.11916841,False
2026-01-23 01:55:00,0.07393255,False
2026-01-23 02:00:00,0.019429019,False
2026-01-23 02:05:00,0.2535213,False
2026-01-23 02:10:00,0.083763905,False
2026-01-23 02:15:00,0.22187638,False
2026-01-23 02:20:00,0.1298485,False
2026-01-23 02:25:00,0.05559584,False
2026-01-23 02:30:00,0.30448407,False
2026-01-23 02:35:00,0.061988916,False
2026-01-23 02:40:00,0.18516105,False
2026-01-23 02:45:00,0.053537946,False
2026-01-23 02:50:00,0.21050853,False
2026-01-23 02:55:00,0.037734445,False
2026-01-23 03:00:00,0.062037002,False
2026-01-23 03:05:00,0.027447091,False
2026-01-23 03:10:00,0.19722594,False
2026-01-23 03:15:00,0.28273174,False
2026-01-23 03:20:00,0.0796313,False
2026-01-23 03:25:00,0.034163672,False
2026-01-23 03:30:00,0.095994115,False
2026-01-23 03:35:00,0.062425595,False
2026-01-23 03:40:00,0.10626983,False
2026-01-23 03:45:00,0.20644523,False
2026-01-23 03:50:00,0.060873326,False
2026-01-23 03:55:00,0.05050312,False
2026-01-23 04:00:00,0.084398836,False
2026-01-23 04:05:00,0.04159196,False
2026-01-23 04:10:00,0.1435663,False
2026-01-23 04:15:00,0.09356343,False
2026-01-23 04:20:00,0.4786695,True
2026-01-23 04:25:00,0.06640731,False
2026-01-23 04:30:00,0.06268689,False
2026-01-23 04:35:00,0.3263362,False
2026-01-23 04:40:00,0.1185349,False
2026-01-23 04:45:00,0.048785705,False
2026-01-23 04:50:00,0.116939664,False
2026-01-23 04:55:00,0.14258571,False
2026-01-23 05:00:00,0.036112275,False
2026-01-23 05:05:00,0.14493264,False
2026-01-23 05:10:00,0.034213126,False
2026-01-23 05:15:00,0.13762875,False
2026-01-23 05:20:00,0.15664598,False
2026-01-23 05:25:00,0.26367846,False
2026-01-23 05:30:00,0.12135411,False
2026-01-23 05:40:00,0.03773682,False
2026-01-23 05:45:00,0.08538005,False
2026-01-23 05:50:00,0.06543097,False
2026-01-23 05:55:00,0.06332456,False
2026-01-23 06:00:00,0.13236912,False
2026-01-23 06:05:00,0.15467583,False
2026-01-23 06:10:00,0.09631661,False
2026-01-23 06:15:00,0.16306375,False
2026-01-23 06:20:00,0.15589507,False
2026-01-23 06:25:00,0.20436542,False
2026-01-23 06:30:00,0.07201648,False
2026-01-23 06:35:00,0.056581218,False
2026-01-23 06:40:00,0.36761966,True
2026-01-23 06:45:00,0.030105265,False
2026-01-23 06:50:00,0.34027055,True
2026-01-23 06:55:00,0.11366233,False
2026-01-23 07:00:00,0.055123087,False
2026-01-23 07:05:00,0.071945734,False
2026-01-23 07:10:00,0.23489825,False
2026-01-23 07:15:00,0.051770743,False
2026-01-23 07:20:00,0.03801105,False
2026-01-23 07:25:00,0.08659715,False
2026-01-23 07:30:00,0.0914639,False
2026-01-23 07:35:00,0.051250782,False
2026-01-23 07:40:00,0.06674983,False
2026-01-23 07:45:00,0.098843575,False
2026-01-23 07:50:00,0.059472177,False
2026-01-23 07:55:00,0.040445667,False
2026-01-23 08:00:00,0.19293952,False
2026-01-23 08:05:00,0.03237048,False
2026-01-23 08:10:00,0.05002694,False
2026-01-23 08:15:00,0.18473428,False
2026-01-23 08:20:00,0.31500384,False
2026-01-23 08:25:00,0.2569107,False
2026-01-23 08:30:00,0.11801831,False
2026-01-23 08:35:00,0.17672354,False
2026-01-23 08:40:00,0.0700583,False
2026-01-23 08:45:00,0.19893305,False
2026-01-23 08:50:00,0.17568363,False
2026-01-23 08:55:00,0.062419984,False
2026-01-23 09:00:00,0.10210615,False
2026-01-23 09:05:00,0.116077244,False
2026-01-23 09:10:00,0.18214254,False
2026-01-23 09:15:00,0.041005597,False
2026-01-23 09:20:00,0.13248923,False
2026-01-23 09:25:00,0.04444262,False
2026-01-23 09:30:00,0.14318107,False
2026-01-23 09:35:00,0.07238392,False
2026-01-23 09:40:00,0.07064844,False
2026-01-23 09:50:00,0.19476329,False
2026-01-23 09:55:00,0.17595178,False
2026-01-23 10:00:00,0.18360685,False
2026-01-23 10:05:00,0.11884415,False
2026-01-23 10:10:00,0.16203244,False
2026-01-23 10:15:00,0.04835145,False
2026-01-23 10:20:00,0.07866837,False
2026-01-23 10:25:00,0.28160423,False
2026-01-23 10:30:00,0.28913057,False
2026-01-23 10:35:00,0.18945032,False
2026-01-23 10:40:00,0.09251406,False
2026-01-23 10:45:00,0.17677897,False
2026-01-23 10:50:00,0.08192604,False
2026-01-23 10:55:00,0.047776535,False
2026-01-23 11:00:00,0.084970534,False
2026-01-23 11:05:00,0.3285006,False
2026-01-23 11:10:00,0.1901542,False
2026-01-23 11:15:00,0.15922719,False
2026-01-23 11:20:00,0.122943245,False
2026-01-23 11:25:00,0.31504276,False
2026-01-23 11:30:00,0.18868034,False
2026-01-23 11:35:00,0.22357816,False
2026-01-23 11:40:00,0.021153467,False
2026-01-23 11:45:00,0.13248074,False
2026-01-23 11:50:00,0.1579578,False
2026-01-23 11:55:00,0.09713728,False
2026-01-23 12:00:00,0.21079642,False
2026-01-23 12:05:00,0.117119156,False
2026-01-23 12:10:00,0.021729553,False
2026-01-23 12:15:00,0.18663895,False
2026-01-23 12:20:00,0.29632682,False
2026-01-23 12:25:00,0.10361434,False
2026-01-23 12:30:00,0.17612512,False
2026-01-23 12:35:00,0.12650725,False
2026-01-23 12:40:00,0.045515854,False
2026-01-23 12:45:00,0.06753735,False
2026-01-23 12:50:00,0.14347981,False
2026-01-23 12:55:00,0.19350286,False
2026-01-23 13:00:00,0.13273901,False
2026-01-23 13:05:00,0.038500156,False
2026-01-23 13:10:00,0.20434831,False
2026-01-23 13:15:00,0.1295127,False
2026-01-23 13:20:00,0.09853976,False
2026-01-23 13:25:00,0.10326028,False
2026-01-23 13:30:00,0.20619367,False
2026-01-23 13:35:00,0.10665385,False
2026-01-23 13:40:00,0.16476445,False
2026-01-23 13:45:00,0.1107493,False
2026-01-23 13:50:00,0.25526017,False
2026-01-23 13:55:00,0.019479172,False
2026-01-23 14:00:00,0.16830213,False
2026-01-23 14:05:00,0.14606625,False
2026-01-23 14:10:00,0.06568449,False
2026-01-23 14:15:00,0.37400112,True
2026-01-23 14:20:00,0.05421781,False
2026-01-23 14:25:00,0.05164526,False
2026-01-23 14:30:00,0.101732634,False
2026-01-23 14:35:00,0.07600602,False
2026-01-23 14:40:00,0.20910297,False
2026-01-23 14:45:00,0.1947146,False
2026-01-23 14:50:00,0.057383526,False
2026-01-23 14:55:00,0.108788036,False
2026-01-23 15:00:00,0.060809072,False
2026-01-23 15:05:00,0.20237249,False
2026-01-23 15:10:00,0.2698373,False
2026-01-23 15:15:00,0.33147976,True
2026-01-23 15:20:00,0.08265225,False
2026-01-23 15:25:00,0.06223097,False
2026-01-23 15:30:00,0.057156056,False
2026-01-23 15:35:00,0.15015091,False
2026-01-23 15:40:00,0.19035967,False
2026-01-23 15:45:00,0.086171515,False
2026-01-23 15:50:00,0.05213511,False
2026-01-23 15:55:00,0.07000652,False
2026-01-23 16:05:00,0.05163083,False
2026-01-23 16:10:00,0.34846854,True
2026-01-23 16:15:00,0.053229224,False
2026-01-23 16:20:00,0.26001325,False
2026-01-23 16:25:00,0.062011745,False
2026-01-23 16:30:00,0.10362963,False
2026-01-23 16:35:00,0.22306263,False
2026-01-23 16:40:00,0.10869343,False
2026-01-23 16:45:00,0.16866551,False
2026-01-23 16:50:00,0.07632314,False
2026-01-23 16:55:00,0.14368802,False
2026-01-23 17:00:00,0.068885796,False
2026-01-23 17:05:00,0.25052527,False
2026-01-23 17:10:00,0.027405659,False
2026-01-23 17:15:00,0.25473619,False
2026-01-23 17:25:00,0.06589209,False
2026-01-23 17:30:00,0.28485483,False
2026-01-23 17:35:00,0.10513624,False
2026-01-23 17:40:00,0.2607378,False
2026-01-23 17:45:00,0.100300096,False
2026-01-23 17:50:00,0.23216736,False
2026-01-23 17:55:00,0.099101275,False
2026-01-23 18:00:00,0.12818013,False
2026-01-23 18:05:00,0.405115,True
2026-01-23 18:10:00,0.19693272,False
2026-01-23 18:20:00,0.2597306,False
2026-01-23 18:35:00,0.17918938,False
2026-01-23 18:45:00,0.06412839,False
2026-01-23 18:50:00,0.108479924,False
2026-01-23 18:55:00,0.0115578165,False
2026-01-23 19:15:00,0.103689246,False
2026-01-23 19:20:00,0.10784897,False
2026-01-23 19:25:00,0.08013762,False
2026-01-23 19:35:00,0.045936946,False
2026-01-23 19:40:00,0.35553586,True
2026-01-23 19:45:00,0.16653004,False
2026-01-23 19:50:00,0.04943275,False
2026-01-23 20:00:00,0.13467965,False
2026-01-23 20:05:00,0.30962026,False
2026-01-23 20:10:00,0.09277752,False
2026-01-23 20:15:00,0.11205872,False
2026-01-23 20:20:00,0.18734722,False
2026-01-23 20:25:00,0.17798199,False
2026-01-23 20:30:00,0.3226802,False
2026-01-23 20:35:00,0.13730448,False
2026-01-23 20:40:00,0.17750156,False
2026-01-23 20:45:00,0.1241517,False
2026-01-23 20:50:00,0.10586778,False
2026-01-23 20:55:00,0.3211883,False
2026-01-23 21:00:00,0.106150754,False
2026-01-23 21:05:00,0.24933712,False
2026-01-23 21:10:00,0.30716524,False
2026-01-23 21:15:00,0.12898624,False
2026-01-23 21:20:00,0.13111891,False
2026-01-23 21:25:00,0.2640343,False
2026-01-23 21:30:00,0.092484705,False
2026-01-23 21:35:00,0.11247539,False
2026-01-23 21:40:00,0.13226154,False
2026-01-23 21:45:00,0.10567438,False
2026-01-23 21:50:00,0.11388838,False
2026-01-23 21:55:00,0.24856184,False
2026-01-23 22:00:00,0.033925213,False
2026-01-23 22:05:00,0.20722152,False
2026-01-23 22:10:00,0.064897515,False
2026-01-23 22:15:00,0.3493905,True
2026-01-23 22:20:00,0.21831624,False
2026-01-23 22:25:00,0.14951769,False
2026-01-23 22:30:00,0.11616546,False
2026-01-23 22:35:00,0.3588644,True
2026-01-23 22:40:00,0.15105404,False
2026-01-23 22:45:00,0.26410943,False
2026-01-23 22:50:00,0.09261816,False
2026-01-23 22:55:00,0.062299903,False
2026-01-23 23:05:00,0.20402937,False
2026-01-23 23:10:00,0.10361644,False
2026-01-23 23:15:00,0.043900028,False
2026-01-23 23:20:00,0.26695314,False
2026-01-23 23:25:00,0.041783214,False
2026-01-23 23:30:00,0.14655717,False
2026-01-23 23:35:00,0.14537545,False
2026-01-23 23:40:00,0.18843257,False
2026-01-23 23:45:00,0.17796104,False
2026-01-23 23:50:00,0.23386644,False
2026-01-23 23:55:00,0.13877629,False
2026-01-24 00:00:00,0.2727935,False
2026-01-24 00:05:00,0.09567544,False
2026-01-24 00:10:00,0.22317934,False
2026-01-24 00:15:00,0.17744893,False
2026-01-24 00:20:00,0.07861521,False
2026-01-24 00:25:00,0.08398647,False
2026-01-24 00:30:00,0.021629719,False
2026-01-24 00:35:00,0.090943955,False
2026-01-24 00:40:00,0.07588315,False
2026-01-24 00:45:00,0.09997218,False
2026-01-24 00:50:00,0.095727295,False
2026-01-24 00:55:00,0.118455745,False
2026-01-24 01:00:00,0.29827908,False
2026-01-24 01:10:00,0.063695654,False
2026-01-24 01:15:00,0.041612387,False
2026-01-24 01:20:00,0.062184144,False
2026-01-24 01:25:00,0.15329637,False
2026-01-24 01:30:00,0.23133503,False
2026-01-24 01:35:00,0.11224335,False
2026-01-24 01:40:00,0.45582846,True
2026-01-24 01:45:00,0.05095622,False
2026-01-24 01:50:00,0.092506796,False
2026-01-24 02:00:00,0.15288584,False
2026-01-24 02:05:00,0.10582975,False
2026-01-24 02:10:00,0.09524578,False
2026-01-24 02:15:00,0.17028601,False
2026-01-24 02:20:00,0.105232775,False
2026-01-24 02:25:00,0.083265066,False
2026-01-24 02:30:00,0.118139565,False
2026-01-24 02:35:00,0.13826312,False
2026-01-24 02:40:00,0.3074044,False
2026-01-24 02:45:00,0.019678531,False
2026-01-24 02:50:00,0.07212053,False
2026-01-24 02:55:00,0.14796157,False
2026-01-24 03:00:00,0.042150456,False
2026-01-24 03:05:00,0.11351285,False
2026-01-24 03:10:00,0.21026814,False
2026-01-24 03:20:00,0.19558734,False
2026-01-24 03:25:00,0.12144882,False
2026-01-24 03:30:00,0.06518367,False
2026-01-24 03:35:00,0.08966935,False
2026-01-24 03:40:00,0.036617618,False
2026-01-24 03:45:00,0.05118452,False
2026-01-24 03:50:00,0.12355274,False
2026-01-24 03:55:00,0.15340452,False
2026-01-24 04:00:00,0.29238558,False
2026-01-24 04:05:00,0.19892788,False
2026-01-24 04:10:00,0.044917207,False
2026-01-24 04:20:00,0.2254855,False
2026-01-24 04:25:00,0.18480808,False
2026-01-24 04:30:00,0.17545062,False
2026-01-24 04:35:00,0.121841036,False
2026-01-24 04:40:00,0.36627206,True
2026-01-24 04:45:00,0.1621684,False
2026-01-24 04:50:00,0.22334486,False
2026-01-24 04:55:00,0.10075285,False
2026-01-24 05:00:00,0.22171378,False
2026-01-24 05:05:00,0.084679075,False
2026-01-24 05:10:00,0.15565853,False
2026-01-24 05:15:00,0.32652012,False
2026-01-24 05:20:00,0.21928655,False
2026-01-24 05:25:00,0.08492162,False
2026-01-24 05:30:00,0.13446291,False
2026-01-24 05:35:00,0.13073982,False
2026-01-24 05:40:00,0.29047248,False
2026-01-24 05:45:00,0.15831083,False
2026-01-24 05:50:00,0.043797534,False
2026-01-24 05:55:00,0.121940434,False
2026-01-24 06:00:00,0.064096,False
2026-01-24 06:05:00,0.20859595,False
2026-01-24 06:10:00,0.121435635,False
2026-01-24 06:15:00,0.10084105,False
2026-01-24 06:20:00,0.024553897,False
2026-01-24 06:25:00,0.20672834,False
2026-01-24 06:30:00,0.16910851,False
2026-01-24 06:35:00,0.46682158,True
2026-01-24 06:40:00,0.20780897,False
2026-01-24 06:45:00,0.063597806,False
2026-01-24 06:50:00,0.11462266,False
2026-01-24 06:55:00,0.16345857,False
2026-01-24 07:00:00,0.07089246,False
2026-01-24 07:05:00,0.111151844,False
2026-01-24 07:10:00,0.07110512,False
2026-01-24 07:15:00,0.047108784,False
2026-01-24 07:20:00,0.1286581,False
2026-01-24 07:25:00,0.27051827,False
2026-01-24 07:30:00,0.07212917,False
2026-01-24 07:35:00,0.06606556,False
2026-01-24 07:40:00,0.15296762,False
2026-01-24 07:45:00,0.14421691,False
2026-01-24 07:50:00,0.26278925,False
2026-01-24 07:55:00,0.30073825,False
2026-01-24 08:00:00,0.094742335,False
2026-01-24 08:05:00,0.06804985,False
2026-01-24 08:10:00,0.0941576,False
2026-01-24 08:15:00,0.050708752,False
2026-01-24 08:20:00,0.26195043,False
2026-01-24 08:25:00,0.24734724,False
2026-01-24 08:30:00,0.20178984,False
2026-01-24 08:35:00,0.058589768,False
2026-01-24 08:40:00,0.08924767,False
2026-01-24 08:45:00,0.09621251,False
2026-01-24 08:50:00,0.16861027,False
2026-01-24 08:55:00,0.084919505,False
2026-01-24 09:00:00,0.1634163,False
2026-01-24 09:05:00,0.09451401,False
2026-01-24 09:10:00,0.22514737,False
2026-01-24 09:15:00,0.22752376,False
2026-01-24 09:20:00,0.2517393,False
2026-01-24 09:25:00,0.07593113,False
2026-01-24 09:30:00,0.18933047,False
2026-01-24 09:35:00,0.1633832,False
2026-01-24 09:40:00,0.056439295,False
2026-01-24 09:45:00,0.20299445,False
2026-01-24 09:50:00,0.054687638,False
2026-01-24 09:55:00,0.057418052,False
2026-01-24 10:00:00,0.16591242,False
2026-01-24 10:05:00,0.03968337,False
2026-01-24 10:10:00,0.28637585,False
2026-01-24 10:15:00,0.4376097,True
2026-01-24 10:20:00,0.19127011,False
2026-01-24 10:25:00,0.17247508,False
2026-01-24 10:30:00,0.37790248,True
2026-01-24 10:35:00,0.13611126,False
2026-01-24 10:40:00,0.009362932,False
2026-01-24 10:45:00,0.020949999,False
2026-01-24 10:50:00,0.25510857,False
2026-01-24 10:55:00,0.080285214,False
2026-01-24 11:00:00,0.17381682,False
2026-01-24 11:05:00,0.11583165,False
2026-01-24 11:10:00,0.118023604,False
2026-01-24 11:15:00,0.09735773,False
2026-01-24 11:20:00,0.10309564,False
2026-01-24 11:25:00,0.44802138,True
2026-01-24 11:30:00,0.13111775,False
2026-01-24 11:35:00,0.039455708,False
2026-01-24 11:40:00,0.17616923,False
2026-01-24 11:45:00,0.08866995,False
2026-01-24 11:50:00,0.03842496,False
2026-01-24 11:55:00,0.08177734,False
2026-01-24 12:05:00,0.16069897,False
2026-01-24 12:10:00,0.16835766,False
2026-01-24 12:15:00,0.01717108,False
2026-01-24 12:20:00,0.08307302,False
2026-01-24 12:25:00,0.24086882,False
2026-01-24 12:30:00,0.08233165,False
2026-01-24 12:35:00,0.107894,False
2026-01-24 12:40:00,0.1339664,False
2026-01-24 12:45:00,0.29353312,False
2026-01-24 12:50:00,0.13532849,False
2026-01-24 12:55:00,0.45013663,True
2026-01-24 13:00:00,0.29771158,False
2026-01-24 13:05:00,0.21859007,False
2026-01-24 13:10:00,0.14968975,False
2026-01-24 13:15:00,0.072804354,False
2026-01-24 13:20:00,0.16213189,False
2026-01-24 13:25:00,0.07681023,False
2026-01-24 13:30:00,0.022020055,False
2026-01-24 13:35:00,0.24156123,False
2026-01-24 13:40:00,0.03756365,False
2026-01-24 13:45:00,0.22079349,False
2026-01-24 13:50:00,0.035665274,False
2026-01-24 13:55:00,0.044302557,False
2026-01-24 14:00:00,0.25242758,False
2026-01-24 14:05:00,0.108247705,False
2026-01-24 14:10:00,0.12627704,False
2026-01-24 14:15:00,0.11009676,False
2026-01-24 14:20:00,0.033576414,False
2026-01-24 14:25:00,0.03989629,False
2026-01-24 14:30:00,0.31579235,False
2026-01-24 14:35:00,0.25837234,False
2026-01-24 14:40:00,0.033166345,False
2026-01-24 14:45:00,0.07718103,False
2026-01-24 14:50:00,0.4726716,True
2026-01-24 14:55:00,0.058613423,False
2026-01-24 15:00:00,0.07762935,False
2026-01-24 15:05:00,0.19136328,False
2026-01-24 15:10:00,0.20857804,False
2026-01-24 15:15:00,0.13390933,False
2026-01-24 15:20:00,0.3501955,True
2026-01-24 15:25:00,0.16215317,False
2026-01-24 15:30:00,0.11023945,False
2026-01-24 15:35:00,0.054892827,False
2026-01-24 15:40:00,0.13389254,False
2026-01-24 15:45:00,0.2231905,False
2026-01-24 15:50:00,0.66157967,True
2026-01-24 15:55:00,0.17426138,False
2026-01-24 16:00:00,0.05569006,False
2026-01-24 16:05:00,0.02154076,False
2026-01-24 16:10:00,0.049378723,False
2026-01-24 16:15:00,0.07999847,False
2026-01-24 16:20:00,0.11831814,False
2026-01-24 16:25:00,0.029176617,False
2026-01-24 16:30:00,0.23113753,False
2026-01-24 16:35:00,0.08157074,False
2026-01-24 16:40:00,0.31444886,False
2026-01-24 16:45:00,0.065402515,False
2026-01-24 16:50:00,0.17657298,False
2026-01-24 16:55:00,0.20767076,False
2026-01-24 17:00:00,0.27918774,False
2026-01-24 17:05:00,0.029480303,False
2026-01-24 17:10:00,0.13662682,False
2026-01-24 17:15:00,0.03493062,False
2026-01-24 17:20:00,0.2061547,False
2026-01-24 17:25:00,0.037624072,False
2026-01-24 17:30:00,0.076238446,False
2026-01-24 17:35:00,0.22290063,False
2026-01-24 17:40:00,0.04819192,False
2026-01-24 17:45:00,0.15876783,False
2026-01-24 17:50:00,0.16068582,False
2026-01-24 17:55:00,0.14848743,False
2026-01-24 18:00:00,0.17432187,False
2026-01-24 18:05:00,0.0439004,False
2026-01-24 18:10:00,0.12141937,False
2026-01-24 18:15:00,0.034762464,False
2026-01-24 18:20:00,0.18122238,False
2026-01-24 18:30:00,0.124432646,False
2026-01-24 18:35:00,0.11399249,False
2026-01-24 18:40:00,0.1100584,False
2026-01-24 18:45:00,0.14526339,False
2026-01-24 18:50:00,0.07645772,False
2026-01-24 18:55:00,0.11526554,False
2026-01-24 19:00:00,0.2573861,False
2026-01-24 19:05:00,0.0735564,False
2026-01-24 19:10:00,0.1522249,False
2026-01-24 19:15:00,0.4418287,True
2026-01-24 19:20:00,0.078231044,False
2026-01-24 19:25:00,0.055617213,False
2026-01-24 19:30:00,0.14826055,False
2026-01-24 19:35:00,0.35471883,True
2026-01-24 19:40:00,0.47553995,True
2026-01-24 19:45:00,0.024990713,False
2026-01-24 19:50:00,0.27023202,False
2026-01-24 19:55:00,0.3472533,True
2026-01-24 20:00:00,0.014863319,False
2026-01-24 20:05:00,0.080114625,False
2026-01-24 20:10:00,0.05886184,False
2026-01-24 20:15:00,0.08597363,False
2026-01-24 20:20:00,0.11588153,False
2026-01-24 20:25:00,0.10332384,False
2026-01-24 20:30:00,0.037877057,False
2026-01-24 20:35:00,0.16450667,False
2026-01-24 20:40:00,0.3348776,True
2026-01-24 20:45:00,0.08446237,False
2026-01-24 20:50:00,0.26167813,False
2026-01-24 20:55:00,0.37307465,True
2026-01-24 21:00:00,0.09674796,False
2026-01-24 21:05:00,0.12455058,False
2026-01-24 21:10:00,0.06518591,False
2026-01-24 21:15:00,0.096801125,False
2026-01-24 21:20:00,0.06954306,False
2026-01-24 21:25:00,0.04570055,False
2026-01-24 21:30:00,0.14512844,False
2026-01-24 21:35:00,0.05795527,False
2026-01-24 21:40:00,0.13735737,False
2026-01-24 21:45:00,0.33625588,True
2026-01-24 21:50:00,0.020281183,False
2026-01-24 21:55:00,0.06572736,False
2026-01-24 22:00:00,0.024596363,False
2026-01-24 22:05:00,0.14962642,False
2026-01-24 22:10:00,0.13755092,False
2026-01-24 22:15:00,0.015389486,False
2026-01-24 22:20:00,0.07739749,False
2026-01-24 22:25:00,0.08158309,False
2026-01-24 22:30:00,0.104463525,False
2026-01-24 22:35:00,0.31726286,False
2026-01-24 22:40:00,0.11565724,False
2026-01-24 22:45:00,0.49223515,True
2026-01-24 22:50:00,0.13384528,False
2026-01-24 22:55:00,0.15196067,False
2026-01-24 23:00:00,0.014576819,False
2026-01-24 23:05:00,0.05649838,False
2026-01-24 23:10:00,0.06598255,False
2026-01-24 23:15:00,0.34877953,True
2026-01-24 23:20:00,0.04998344,False
2026-01-24 23:25:00,0.08400538,False
2026-01-24 23:30:00,0.1502625,False
2026-01-24 23:35:00,0.05202703,False
2026-01-24 23:40:00,0.04159711,False
2026-01-24 23:45:00,0.27089748,False
2026-01-24 23:50:00,0.18537873,False
2026-01-24 23:55:00,0.02577922,False
2026-01-25 00:05:00,0.25865102,False
2026-01-25 00:15:00,0.08454874,False
2026-01-25 00:20:00,0.22079343,False
2026-01-25 00:25:00,0.29422563,False
2026-01-25 00:30:00,0.087376826,False
2026-01-25 00:35:00,0.14684443,False
2026-01-25 00:45:00,0.23192376,False
2026-01-25 00:50:00,0.04504852,False
2026-01-25 00:55:00,0.15338664,False
2026-01-25 01:00:00,0.12342919,False
2026-01-25 01:05:00,0.17860465,False
2026-01-25 01:10:00,0.089506246,False
2026-01-25 01:15:00,0.026246766,False
2026-01-25 01:20:00,0.060533103,False
2026-01-25 01:25:00,0.060467213,False
2026-01-25 01:30:00,0.050444175,False
2026-01-25 01:35:00,0.15698199,False
2026-01-25 01:40:00,0.116208285,False
2026-01-25 01:45:00,0.13146327,False
2026-01-25 01:50:00,0.2751138,False
2026-01-25 01:55:00,0.21412188,False
2026-01-25 02:00:00,0.1565889,False
2026-01-25 02:05:00,0.119233005,False
2026-01-25 02:10:00,0.09409091,False
2026-01-25 02:15:00,0.11847517,False
2026-01-25 02:20:00,0.08176565,False
2026-01-25 02:25:00,0.14283717,False
2026-01-25 02:30:00,0.17605738,False
2026-01-25 02:35:00,0.19523579,False
2026-01-25 02:40:00,0.09063669,False
2026-01-25 02:45:00,0.14133348,False
2026-01-25 02:50:00,0.17188914,False
2026-01-25 02:55:00,0.10793394,False
2026-01-25 03:00:00,0.18403576,False
2026-01-25 03:05:00,0.15574236,False
2026-01-25 03:10:00,0.0761726,False
2026-01-25 03:20:00,0.19833435,False
2026-01-25 03:25:00,0.017051855,False
2026-01-25 03:30:00,0.063405715,False
2026-01-25 03:35:00,0.27132308,False
2026-01-25 03:40:00,0.18168241,False
2026-01-25 03:45:00,0.07213741,False
2026-01-25 03:50:00,0.08803799,False
2026-01-25 03:55:00,0.1396773,False
2026-01-25 04:00:00,0.13887995,False
2026-01-25 04:05:00,0.148795,False
2026-01-25 04:10:00,0.1628107,False
2026-01-25 04:15:00,0.06611166,False
2026-01-25 04:20:00,0.060312737,False
2026-01-25 04:25:00,0.054953504,False
2026-01-25 04:30:00,0.092002034,False
2026-01-25 04:35:00,0.061946142,False
2026-01-25 04:40:00,0.33012477,False
2026-01-25 04:45:00,0.07298897,False
2026-01-25 04:50:00,0.07363872,False
2026-01-25 04:55:00,0.19546235,False
2026-01-25 05:00:00,0.19039138,False
2026-01-25 05:05:00,0.08543506,False
2026-01-25 05:10:00,0.038752887,False
2026-01-25 05:15:00,0.077561505,False
2026-01-25 05:20:00,0.19549304,False
2026-01-25 05:25:00,0.22339629,False
2026-01-25 05:30:00,0.07356364,False
2026-01-25 05:35:00,0.06915303,False
2026-01-25 05:40:00,0.11561028,False
2026-01-25 05:45:00,0.09715807,False
2026-01-25 05:50:00,0.12447706,False
2026-01-25 05:55:00,0.103340276,False
2026-01-25 06:00:00,0.17636496,False
2026-01-25 06:05:00,0.07590028,False
2026-01-25 06:10:00,0.20131744,False
2026-01-25 06:15:00,0.38515076,True
2026-01-25 06:20:00,0.06193556,False
2026-01-25 06:25:00,0.05458307,False
2026-01-25 06:30:00,0.06519872,False
2026-01-25 06:35:00,0.100053586,False
2026-01-25 06:40:00,0.0790273,False
2026-01-25 06:45:00,0.104776084,False
2026-01-25 06:50:00,0.14966154,False
2026-01-25 06:55:00,0.09587598,False
2026-01-25 07:00:00,0.08714468,False
2026-01-25 07:05:00,0.32223365,False
2026-01-25 07:10:00,0.12223044,False
2026-01-25 07:15:00,0.08988833,False
2026-01-25 07:20:00,0.16422743,False
2026-01-25 07:25:00,0.06865842,False
2026-01-25 07:30:00,0.024060605,False
2026-01-25 07:35:00,0.05394608,False
2026-01-25 07:40:00,0.2591031,False
2026-01-25 07:45:00,0.081487484,False
2026-01-25 07:50:00,0.096443266,False
2026-01-25 07:55:00,0.09363416,False
2026-01-25 08:00:00,0.15008548,False
2026-01-25 08:05:00,0.10987688,False
2026-01-25 08:10:00,0.057763875,False
2026-01-25 08:15:00,0.17698646,False
2026-01-25 08:20:00,0.27515304,False
2026-01-25 08:25:00,0.06606748,False
2026-01-25 08:30:00,0.09436992,False
2026-01-25 08:35:00,0.059494138,False
2026-01-25 08:40:00,0.21169627,False
2026-01-25 08:45:00,0.21533044,False
2026-01-25 08:50:00,0.04841802,False
2026-01-25 08:55:00,0.15063597,False
2026-01-25 09:00:00,0.009956395,False
2026-01-25 09:05:00,0.2852004,False
2026-01-25 09:10:00,0.16727577,False
2026-01-25 09:15:00,0.09040824,False
2026-01-25 09:20:00,0.043106396,False
2026-01-25 09:25:00,0.03705978,False
2026-01-25 09:30:00,0.15316549,False
2026-01-25 09:35:00,0.3739045,True
2026-01-25 09:40:00,0.12592246,False
2026-01-25 09:45:00,0.20957522,False
2026-01-25 09:50:00,0.23388068,False
2026-01-25 09:55:00,0.12013983,False
2026-01-25 10:00:00,0.19709541,False
2026-01-25 10:05:00,0.06180674,False
2026-01-25 10:10:00,0.10943526,False
2026-01-25 10:15:00,0.0208256,False
2026-01-25 10:20:00,0.1904322,False
2026-01-25 10:25:00,0.3163178,False
2026-01-25 10:30:00,0.12605542,False
2026-01-25 10:35:00,0.16799666,False
2026-01-25 10:40:00,0.09862658,False
2026-01-25 10:45:00,0.14334492,False
2026-01-25 10:50:00,0.43421233,True
2026-01-25 10:55:00,0.08390045,False
2026-01-25 11:00:00,0.13297306,False
2026-01-25 11:05:00,0.053096667,False
2026-01-25 11:10:00,0.04022495,False
2026-01-25 11:15:00,0.24678354,False
2026-01-25 11:20:00,0.2067594,False
2026-01-25 11:25:00,0.091162495,False
2026-01-25 11:30:00,0.05223374,False
2026-01-25 11:35:00,0.21674521,False
2026-01-25 11:40:00,0.09648263,False
2026-01-25 11:45:00,0.29737595,False
2026-01-25 11:50:00,0.107937016,False
2026-01-25 11:55:00,0.34110335,True
2026-01-25 12:00:00,0.15752426,False
2026-01-25 12:05:00,0.025927937,False
2026-01-25 12:10:00,0.1542084,False
2026-01-25 12:15:00,0.18001865,False
2026-01-25 12:20:00,0.09397375,False
2026-01-25 12:25:00,0.04772863,False
2026-01-25 12:30:00,0.23467763,False
2026-01-25 12:35:00,0.14547934,False
2026-01-25 12:40:00,0.08414921,False
2026-01-25 12:45:00,0.09666845,False
2026-01-25 12:50:00,0.22554564,False
2026-01-25 12:55:00,0.14571872,False
2026-01-25 13:00:00,0.11708508,False
2026-01-25 13:05:00,0.0698353,False
2026-01-25 13:10:00,0.09684149,False
2026-01-25 13:15:00,0.13507302,False
2026-01-25 13:20:00,0.025288334,False
2026-01-25 13:25:00,0.0957264,False
2026-01-25 13:30:00,0.07766534,False
2026-01-25 13:35:00,0.03968632,False
2026-01-25 13:40:00,0.13904507,False
2026-01-25 13:45:00,0.056787137,False
2026-01-25 13:55:00,0.11457884,False
2026-01-25 14:00:00,0.1424229,False
2026-01-25 14:05:00,0.22426337,False
2026-01-25 14:10:00,0.1557679,False
2026-01-25 14:15:00,0.10854351,False
2026-01-25 14:20:00,0.07737749,False
2026-01-25 14:25:00,0.10158515,False
2026-01-25 14:30:00,0.2986742,False
2026-01-25 14:35:00,0.30094638,False
2026-01-25 14:40:00,0.100330204,False
2026-01-25 14:45:00,0.07082279,False
2026-01-25 14:50:00,0.21959698,False
2026-01-25 14:55:00,0.0983386,False
2026-01-25 15:00:00,0.13603169,False
2026-01-25 15:05:00,0.19463986,False
2026-01-25 15:10:00,0.14976119,False
2026-01-25 15:15:00,0.025450574,False
2026-01-25 15:20:00,0.15543638,False
2026-01-25 15:25:00,0.062449116,False
2026-01-25 15:30:00,0.2216195,False
2026-01-25 15:35:00,0.037987996,False
2026-01-25 15:40:00,0.059747163,False
2026-01-25 15:45:00,0.038431782,False
2026-01-25 15:50:00,0.011425149,False
2026-01-25 15:55:00,0.13080692,False
2026-01-25 16:00:00,0.15455897,False
2026-01-25 16:05:00,0.15943749,False
2026-01-25 16:10:00,0.75667113,True
2026-01-25 16:15:00,0.19639684,False
2026-01-25 16:20:00,0.07134444,False
2026-01-25 16:25:00,0.10920438,False
2026-01-25 16:30:00,0.12027619,False
2026-01-25 16:35:00,0.13370119,False
2026-01-25 16:40:00,0.20670599,False
2026-01-25 16:45:00,0.03570617,False
2026-01-25 16:50:00,0.043090377,False
2026-01-25 16:55:00,0.08042255,False
2026-01-25 17:00:00,0.16687296,False
2026-01-25 17:05:00,0.113921404,False
2026-01-25 17:10:00,0.15588398,False
2026-01-25 17:15:00,0.11613262,False
2026-01-25 17:20:00,0.13301656,False
2026-01-25 17:25:00,0.078083895,False
2026-01-25 17:30:00,0.13991661,False
2026-01-25 17:35:00,0.035546344,False
2026-01-25 17:40:00,0.093892895,False
2026-01-25 17:45:00,0.24715884,False
2026-01-25 17:50:00,0.10987442,False
2026-01-25 17:55:00,0.12352819,False
2026-01-25 18:00:00,0.091274865,False
2026-01-25 18:05:00,0.026405288,False
2026-01-25 18:10:00,0.106904805,False
2026-01-25 18:15:00,0.11428177,False
2026-01-25 18:20:00,0.23341376,False
2026-01-25 18:25:00,0.22927605,False
2026-01-25 18:30:00,0.16630545,False
2026-01-25 18:35:00,0.2609703,False
2026-01-25 18:40:00,0.078102164,False
2026-01-25 18:45:00,0.08200496,False
2026-01-25 18:50:00,0.13921364,False
2026-01-25 18:55:00,0.10424859,False
2026-01-25 19:00:00,0.18256103,False
2026-01-25 19:05:00,0.12870792,False
2026-01-25 19:10:00,0.21984233,False
2026-01-25 19:15:00,0.115214795,False
2026-01-25 19:20:00,0.103551924,False
2026-01-25 19:25:00,0.21526392,False
2026-01-25 19:30:00,0.057044197,False
2026-01-25 19:35:00,0.017856408,False
2026-01-25 19:40:00,0.22018409,False
2026-01-25 19:45:00,0.35388628,True
2026-01-25 19:50:00,0.14595412,False
2026-01-25 19:55:00,0.13360585,False
2026-01-25 20:00:00,0.2866248,False
2026-01-25 20:05:00,0.20581055,False
2026-01-25 20:10:00,0.20861883,False
2026-01-25 20:15:00,0.09141729,False
2026-01-25 20:20:00,0.045445066,False
2026-01-25 20:25:00,0.04073942,False
2026-01-25 20:30:00,0.20917396,False
2026-01-25 20:35:00,0.2110343,False
2026-01-25 20:40:00,0.10194392,False
2026-01-25 20:45:00,0.063419275,False
2026-01-25 20:50:00,0.22059554,False
2026-01-25 20:55:00,0.11831642,False
2026-01-25 21:00:00,0.257704,False
2026-01-25 21:05:00,0.18007992,False
2026-01-25 21:10:00,0.18949133,False
2026-01-25 21:15:00,0.21630698,False
2026-01-25 21:20:00,0.088119596,False
2026-01-25 21:25:00,0.047821328,False
2026-01-25 21:30:00,0.12463587,False
2026-01-25 21:35:00,0.19460608,False
2026-01-25 21:40:00,0.20783848,False
2026-01-25 21:45:00,0.07050099,False
2026-01-25 21:50:00,0.13973556,False
2026-01-25 22:00:00,0.013521664,False
2026-01-25 22:05:00,0.060959592,False
2026-01-25 22:10:00,0.13692962,False
2026-01-25 22:15:00,0.045534205,False
2026-01-25 22:20:00,0.046014458,False
2026-01-25 22:25:00,0.018752968,False
2026-01-25 22:30:00,0.15489034,False
2026-01-25 22:35:00,0.121825874,False
2026-01-25 22:40:00,0.122356825,False
2026-01-25 22:45:00,0.11652938,False
2026-01-25 22:50:00,0.1607657,False
2026-01-25 22:55:00,0.080006965,False
2026-01-25 23:00:00,0.12533753,False
2026-01-25 23:05:00,0.16240235,False
2026-01-25 23:10:00,0.084169514,False
2026-01-25 23:15:00,0.04216547,False
2026-01-25 23:20:00,0.35267076,True
2026-01-25 23:25:00,0.19471638,False
2026-01-25 23:30:00,0.13302301,False
2026-01-25 23:35:00,0.050019547,False
2026-01-25 23:40:00,0.0714669,False
2026-01-25 23:45:00,0.081157096,False
2026-01-25 23:50:00,0.08282569,False
2026-01-25 23:55:00,0.19150738,False
2026-01-26 00:00:00,0.22565693,False
2026-01-26 00:05:00,0.023498645,False
2026-01-26 00:10:00,0.008675193,False
2026-01-26 00:15:00,0.15391862,False
2026-01-26 00:20:00,0.18159778,False
2026-01-26 00:25:00,0.32504508,False
2026-01-26 00:30:00,0.1254989,False
2026-01-26 00:35:00,0.049664628,False
2026-01-26 00:40:00,0.017401982,False
2026-01-26 00:45:00,0.05179062,False
2026-01-26 00:50:00,0.061430838,False
2026-01-26 00:55:00,0.065524705,False
2026-01-26 01:00:00,0.1059182,False
2026-01-26 01:10:00,0.045517873,False
2026-01-26 01:15:00,0.085434206,False
2026-01-26 01:20:00,0.12116294,False
2026-01-26 01:25:00,0.054864213,False
2026-01-26 01:30:00,0.057697162,False
2026-01-26 01:35:00,0.09282272,False
2026-01-26 01:40:00,0.04711722,False
2026-01-26 01:45:00,0.18938567,False
2026-01-26 01:50:00,0.124971054,False
2026-01-26 01:55:00,0.08103979,False
2026-01-26 02:00:00,0.043418404,False
2026-01-26 02:05:00,0.36327603,True
2026-01-26 02:10:00,0.3036477,False
2026-01-26 02:15:00,0.025881356,False
2026-01-26 02:20:00,0.2722932,False
2026-01-26 02:25:00,0.085966766,False
2026-01-26 02:30:00,0.115598075,False
2026-01-26 02:35:00,0.08387818,False
2026-01-26 02:40:00,0.08345923,False
2026-01-26 02:45:00,0.0622393,False
2026-01-26 02:50:00,0.10385861,False
2026-01-26 02:55:00,0.23542239,False
2026-01-26 03:00:00,0.084323466,False
2026-01-26 03:05:00,0.070467845,False
2026-01-26 03:10:00,0.124934204,False
2026-01-26 03:15:00,0.051652532,False
2026-01-26 03:20:00,0.10440984,False
2026-01-26 03:25:00,0.3353934,True
2026-01-26 03:30:00,0.11393765,False
2026-01-26 03:35:00,0.027520744,False
2026-01-26 03:40:00,0.10920399,False
2026-01-26 03:45:00,0.29680637,False
2026-01-26 03:50:00,0.087783165,False
2026-01-26 03:55:00,0.18157671,False
2026-01-26 04:00:00,0.045337822,False
2026-01-26 04:05:00,0.14406331,False
2026-01-26 04:10:00,0.059579536,False
2026-01-26 04:15:00,0.10995098,False
2026-01-26 04:20:00,0.06774021,False
2026-01-26 04:25:00,0.23121916,False
2026-01-26 04:30:00,0.1363819,False
2026-01-26 04:35:00,0.11804247,False
2026-01-26 04:40:00,0.09503334,False
2026-01-26 04:45:00,0.059340313,False
2026-01-26 04:50:00,0.21758725,False
2026-01-26 04:55:00,0.062091764,False
2026-01-26 05:00:00,0.03898927,False
2026-01-26 05:05:00,0.08700479,False
2026-01-26 05:10:00,0.12538776,False
2026-01-26 05:15:00,0.31152222,False
2026-01-26 05:20:00,0.21592559,False
2026-01-26 05:25:00,0.14557777,False
2026-01-26 05:30:00,0.057377283,False
2026-01-26 05:35:00,0.19325443,False
2026-01-26 05:40:00,0.2927561,False
2026-01-26 05:45:00,0.038399164,False
2026-01-26 05:50:00,0.03673346,False
2026-01-26 05:55:00,0.07508209,False
2026-01-26 06:00:00,0.016104842,False
2026-01-26 06:05:00,0.0392559,False
2026-01-26 06:10:00,0.4972764,True
2026-01-26 06:15:00,0.5312599,True
2026-01-26 06:20:00,0.047953263,False
2026-01-26 06:25:00,0.08476484,False
2026-01-26 06:30:00,0.08526241,False
2026-01-26 06:35:00,0.06439317,False
2026-01-26 06:40:00,0.047697935,False
2026-01-26 06:45:00,0.2048484,False
2026-01-26 06:50:00,0.10112705,False
2026-01-26 06:55:00,0.24826457,False
2026-01-26 07:00:00,0.09224375,False
2026-01-26 07:05:00,0.31185347,False
2026-01-26 07:10:00,0.25131002,False
2026-01-26 07:15:00,0.31880525,False
2026-01-26 07:20:00,0.14152122,False
2026-01-26 07:25:00,0.14710489,False
2026-01-26 07:30:00,0.86780983,True
2026-01-26 07:35:00,0.0567407,False
2026-01-26 07:40:00,0.5318344,True
2026-01-26 07:50:00,0.060265884,False
2026-01-26 07:55:00,0.15430117,False
2026-01-26 08:00:00,0.18568106,False
2026-01-26 08:05:00,0.1184901,False
2026-01-26 08:10:00,0.07639337,False
2026-01-26 08:15:00,0.20162696,False
2026-01-26 08:20:00,0.0707037,False
2026-01-26 08:25:00,0.051326353,False
2026-01-26 08:30:00,0.17584078,False
2026-01-26 08:35:00,0.24591707,False
2026-01-26 08:40:00,0.039981857,False
2026-01-26 08:45:00,0.11433957,False
2026-01-26 08:50:00,0.22026952,False
2026-01-26 08:55:00,0.09006787,False
2026-01-26 09:00:00,0.36715734,True
2026-01-26 09:05:00,0.010508942,False
2026-01-26 09:10:00,0.14235188,False
2026-01-26 09:15:00,0.1557781,False
2026-01-26 09:20:00,0.1857835,False
2026-01-26 09:25:00,0.22041936,False
2026-01-26 09:30:00,0.01725339,False
2026-01-26 09:35:00,0.12700145,False
2026-01-26 09:40:00,0.18310201,False
2026-01-26 09:45:00,0.14324114,False
2026-01-26 09:50:00,0.2658336,False
2026-01-26 09:55:00,0.013417636,False
2026-01-26 10:00:00,0.1618266,False
2026-01-26 10:05:00,0.2633346,False
2026-01-26 10:10:00,0.16764946,False
2026-01-26 10:15:00,0.1841421,False
2026-01-26 10:20:00,0.13102302,False
2026-01-26 10:25:00,0.12270761,False
2026-01-26 10:30:00,0.14099082,False
2026-01-26 10:35:00,0.45877632,True
2026-01-26 10:40:00,0.086090505,False
2026-01-26 10:45:00,0.22583751,False
2026-01-26 10:50:00,0.070634045,False
2026-01-26 10:55:00,0.05244766,False
2026-01-26 11:00:00,0.22281946,False
2026-01-26 11:05:00,0.095451474,False
2026-01-26 11:10:00,0.10804385,False
2026-01-26 11:15:00,0.13873608,False
2026-01-26 11:20:00,0.13114043,False
2026-01-26 11:25:00,0.1346984,False
2026-01-26 11:30:00,0.024599152,False
2026-01-26 11:35:00,0.059507057,False
2026-01-26 11:40:00,0.11360561,False
2026-01-26 11:45:00,0.1491047,False
2026-01-26 11:50:00,0.14641935,False
2026-01-26 11:55:00,0.09906889,False
2026-01-26 12:00:00,0.2686237,False
2026-01-26 12:05:00,0.11906871,False
2026-01-26 12:10:00,0.05909468,False
2026-01-26 12:15:00,0.1283854,False
2026-01-26 12:20:00,0.07657317,False
2026-01-26 12:25:00,0.22496037,False
2026-01-26 12:30:00,0.13606118,False
2026-01-26 12:35:00,0.46495065,True
2026-01-26 12:45:00,0.116770945,False
2026-01-26 12:50:00,0.1856135,False
2026-01-26 12:55:00,0.15154,False
2026-01-26 13:00:00,0.05914947,False
2026-01-26 13:05:00,0.07737165,False
2026-01-26 13:10:00,0.30046296,False
2026-01-26 13:15:00,0.07286789,False
2026-01-26 13:20:00,0.30516472,False
2026-01-26 13:25:00,0.14898296,False
2026-01-26 13:30:00,0.117658354,False
2026-01-26 13:35:00,0.26250702,False
2026-01-26 13:40:00,0.047090966,False
2026-01-26 13:45:00,0.02171654,False
2026-01-26 13:50:00,0.2218454,False
2026-01-26 13:55:00,0.10145994,False
2026-01-26 14:00:00,0.15819293,False
2026-01-26 14:05:00,0.06215584,False
2026-01-26 14:10:00,0.15514243,False
2026-01-26 14:15:00,0.12727682,False
2026-01-26 14:20:00,0.1377353,False
2026-01-26 14:25:00,0.10054613,False
2026-01-26 14:30:00,0.09553409,False
2026-01-26 14:35:00,0.2502488,False
2026-01-26 14:40:00,0.111712135,False
2026-01-26 14:45:00,0.1042037,False
2026-01-26 14:50:00,0.05624496,False
2026-01-26 14:55:00,0.038397714,False
2026-01-26 15:00:00,0.22564936,False
2026-01-26 15:05:00,0.06460314,False
2026-01-26 15:10:00,0.17572917,False
2026-01-26 15:15:00,0.1935162,False
2026-01-26 15:20:00,0.12705101,False
2026-01-26 15:25:00,0.13025893,False
2026-01-26 15:30:00,0.148956,False
2026-01-26 15:35:00,0.11054986,False
2026-01-26 15:40:00,0.111314334,False
2026-01-26 15:45:00,0.2352268,False
2026-01-26 15:50:00,0.059318613,False
2026-01-26 15:55:00,0.19845825,False
2026-01-26 16:00:00,0.2502674,False
2026-01-26 16:05:00,0.040045846,False
2026-01-26 16:10:00,0.36750373,True
2026-01-26 16:15:00,0.11925907,False
2026-01-26 16:20:00,0.13681203,False
2026-01-26 16:25:00,0.09608594,False
2026-01-26 16:30:00,0.18373533,False
2026-01-26 16:35:00,0.02854205,False
2026-01-26 16:40:00,0.17016327,False
2026-01-26 16:45:00,0.058994483,False
2026-01-26 16:50:00,0.15947735,False
2026-01-26 16:55:00,0.051576003,False
2026-01-26 17:00:00,0.2522162,False
2026-01-26 17:05:00,0.15769295,False
2026-01-26 17:10:00,0.05119085,False
2026-01-26 17:15:00,0.17874998,False
2026-01-26 17:20:00,0.24721913,False
2026-01-26 17:25:00,0.28172857,False
2026-01-26 17:30:00,0.17417051,False
2026-01-26 17:35:00,0.09644282,False
2026-01-26 17:40:00,0.026779704,False
2026-01-26 17:45:00,0.1157653,False
2026-01-26 17:55:00,0.02057342,False
2026-01-26 18:00:00,0.26565608,False
2026-01-26 18:05:00,0.10081305,False
2026-01-26 18:15:00,0.13086131,False
2026-01-26 18:20:00,0.19550586,False
2026-01-26 18:25:00,0.18470876,False
2026-01-26 18:30:00,0.1530867,False
2026-01-26 18:35:00,0.08660438,False
2026-01-26 19:00:00,0.14480326,False
2026-01-26 19:20:00,0.09907937,False
2026-01-26 19:25:00,0.122653,False
2026-01-26 19:35:00,0.16350125,False
2026-01-26 19:45:00,0.09516531,False
2026-01-26 19:50:00,0.3437364,True
2026-01-26 20:00:00,0.3282508,False
2026-01-26 20:05:00,0.062450588,False
2026-01-26 20:15:00,0.23083842,False
2026-01-26 20:20:00,0.031055376,False
2026-01-26 20:25:00,0.17950803,False
2026-01-26 20:30:00,0.07790577,False
2026-01-26 20:35:00,0.14226252,False
2026-01-26 20:40:00,0.15269656,False
2026-01-26 20:45:00,0.15045051,False
2026-01-26 20:50:00,0.30430618,False
2026-01-26 20:55:00,0.071154155,False
2026-01-26 21:00:00,0.13005622,False
2026-01-26 21:05:00,0.0710829,False
2026-01-26 21:10:00,0.30752298,False
2026-01-26 21:15:00,0.07909649,False
2026-01-26 21:20:00,0.061024066,False
2026-01-26 21:25:00,0.08271038,False
2026-01-26 21:30:00,0.27674282,False
2026-01-26 21:35:00,0.2986847,False
2026-01-26 21:40:00,0.1394132,False
2026-01-26 21:45:00,0.05771224,False
2026-01-26 21:50:00,0.1268744,False
2026-01-26 21:55:00,0.10497866,False
2026-01-26 22:00:00,0.15209211,False
2026-01-26 22:05:00,0.11132426,False
2026-01-26 22:10:00,0.054288954,False
2026-01-26 22:15:00,0.33153716,True
2026-01-26 22:20:00,0.19071822,False
2026-01-26 22:25:00,0.124443226,False
2026-01-26 22:30:00,0.19020815,False
2026-01-26 22:35:00,0.032033216,False
2026-01-26 22:40:00,0.087521166,False
2026-01-26 22:45:00,0.06886159,False
2026-01-26 22:50:00,0.064006634,False
2026-01-26 22:55:00,0.2871677,False
2026-01-26 23:05:00,0.30226824,False
2026-01-26 23:10:00,0.03951986,False
2026-01-26 23:15:00,0.15422995,False
2026-01-26 23:20:00,0.113469005,False
2026-01-26 23:25:00,0.031184584,False
2026-01-26 23:30:00,0.098227054,False
2026-01-26 23:35:00,0.33258295,True
2026-01-26 23:40:00,0.25513503,False
2026-01-26 23:45:00,0.22406076,False
2026-01-26 23:50:00,0.2942756,False
2026-01-26 23:55:00,0.20245446,False
2026-01-27 00:10:00,0.09687535,False
2026-01-27 00:15:00,0.119879425,False
2026-01-27 00:20:00,0.1550296,False
2026-01-27 00:25:00,0.23853396,False
2026-01-27 00:30:00,0.13209134,False
2026-01-27 00:35:00,0.14991531,False
2026-01-27 00:40:00,0.08435998,False
2026-01-27 00:45:00,0.2245763,False
2026-01-27 00:50:00,0.030214773,False
2026-01-27 00:55:00,0.22056472,False
2026-01-27 01:00:00,0.2096697,False
2026-01-27 01:05:00,0.035782184,False
2026-01-27 01:10:00,0.0769891,False
2026-01-27 01:15:00,0.16627443,False
2026-01-27 01:20:00,0.041089524,False
2026-01-27 01:25:00,0.12851994,False
2026-01-27 01:30:00,0.117892005,False
2026-01-27 01:35:00,0.095962904,False
2026-01-27 01:40:00,0.15932761,False
2026-01-27 01:45:00,0.17166835,False
2026-01-27 01:50:00,0.1340655,False
2026-01-27 01:55:00,0.018899906,False
2026-01-27 02:00:00,0.022849357,False
2026-01-27 02:05:00,0.09363609,False
2026-01-27 02:10:00,0.066941194,False
2026-01-27 02:15:00,0.015693018,False
2026-01-27 02:20:00,0.0736308,False
2026-01-27 02:25:00,0.09135451,False
2026-01-27 02:30:00,0.0790663,False
2026-01-27 02:35:00,0.18613444,False
2026-01-27 02:40:00,0.04268126,False
2026-01-27 02:45:00,0.40313938,True
2026-01-27 02:50:00,0.0391592,False
2026-01-27 02:55:00,0.14103848,False
2026-01-27 03:00:00,0.1224019,False
2026-01-27 03:05:00,0.050116003,False
2026-01-27 03:10:00,0.044504527,False
2026-01-27 03:15:00,0.065020256,False
2026-01-27 03:20:00,0.102377325,False
2026-01-27 03:30:00,0.049057797,False
2026-01-27 03:35:00,0.20293663,False
2026-01-27 03:40:00,0.18471093,False
2026-01-27 03:45:00,0.10255534,False
2026-01-27 03:50:00,0.15778701,False
2026-01-27 03:55:00,0.07616324,False
2026-01-27 04:00:00,0.11882698,False
2026-01-27 04:05:00,0.08403552,False
2026-01-27 04:10:00,0.050082505,False
2026-01-27 04:15:00,0.117677964,False
2026-01-27 04:20:00,0.081906684,False
2026-01-27 04:25:00,0.121264465,False
2026-01-27 04:30:00,0.25857005,False
2026-01-27 04:35:00,0.12052956,False
2026-01-27 04:40:00,0.060569737,False
2026-01-27 04:45:00,0.17886315,False
2026-01-27 04:50:00,0.3136263,False
2026-01-27 04:55:00,0.150072,False
2026-01-27 05:00:00,0.06832346,False
2026-01-27 05:05:00,0.050287817,False
2026-01-27 05:10:00,0.16413431,False
2026-01-27 05:15:00,0.17179532,False
2026-01-27 05:20:00,0.06950347,False
2026-01-27 05:25:00,0.26893783,False
2026-01-27 05:30:00,0.0867523,False
2026-01-27 05:35:00,0.08522602,False
2026-01-27 05:40:00,0.1473328,False
2026-01-27 05:45:00,0.08988694,False
2026-01-27 05:50:00,0.31301132,False
2026-01-27 05:55:00,0.11907962,False
2026-01-27 06:00:00,0.016852371,False
2026-01-27 06:05:00,0.08736947,False
2026-01-27 06:10:00,0.048158865,False
2026-01-27 06:15:00,0.083367296,False
2026-01-27 06:20:00,0.28667244,False
2026-01-27 06:25:00,0.092418104,False
2026-01-27 06:30:00,0.124833345,False
2026-01-27 06:35:00,0.1403187,False
2026-01-27 06:40:00,0.13225323,False
2026-01-27 06:45:00,0.32175022,False
2026-01-27 06:50:00,0.17991294,False
2026-01-27 06:55:00,0.07557001,False
2026-01-27 07:00:00,0.13296615,False
2026-01-27 07:05:00,0.13147587,False
2026-01-27 07:10:00,0.38584474,True
2026-01-27 07:15:00,0.020768333,False
2026-01-27 07:20:00,0.14414573,False
2026-01-27 07:25:00,0.18120338,False
2026-01-27 07:30:00,0.02099988,False
2026-01-27 07:35:00,0.31514177,False
2026-01-27 07:40:00,0.06984284,False
2026-01-27 07:45:00,0.20650716,False
2026-01-27 07:50:00,0.046210345,False
2026-01-27 07:55:00,0.046297118,False
2026-01-27 08:00:00,0.1483111,False
2026-01-27 08:05:00,0.11982483,False
2026-01-27 08:10:00,0.14242339,False
2026-01-27 08:15:00,0.18266363,False
2026-01-27 08:20:00,0.16939533,False
2026-01-27 08:25:00,0.06299749,False
2026-01-27 08:30:00,0.124646075,False
2026-01-27 08:35:00,0.21500482,False
2026-01-27 08:40:00,0.07800629,False
2026-01-27 08:45:00,0.07785248,False
2026-01-27 08:50:00,0.06962723,False
2026-01-27 08:55:00,0.06801315,False
2026-01-27 09:00:00,0.20643763,False
2026-01-27 09:05:00,0.09256515,False
2026-01-27 09:10:00,0.06797143,False
2026-01-27 09:15:00,0.21058534,False
2026-01-27 09:20:00,0.102242775,False
2026-01-27 09:25:00,0.07716674,False
2026-01-27 09:30:00,0.16013426,False
2026-01-27 09:35:00,0.023932101,False
2026-01-27 09:40:00,0.25642398,False
2026-01-27 09:45:00,0.13120581,False
2026-01-27 09:50:00,0.17676266,False
2026-01-27 09:55:00,0.5605462,True
2026-01-27 10:00:00,0.091200896,False
2026-01-27 10:05:00,0.21574955,False
2026-01-27 10:10:00,0.054300223,False
2026-01-27 10:15:00,0.08669936,False
2026-01-27 10:20:00,0.18334003,False
2026-01-27 10:25:00,0.22458376,False
2026-01-27 10:30:00,0.13908407,False
2026-01-27 10:35:00,0.03360355,False
2026-01-27 10:40:00,0.19124134,False
2026-01-27 10:45:00,0.10552501,False
2026-01-27 10:50:00,0.12975428,False
2026-01-27 10:55:00,0.12918903,False
2026-01-27 11:00:00,0.10543125,False
2026-01-27 11:05:00,0.022827573,False
2026-01-27 11:10:00,0.078950435,False
2026-01-27 11:15:00,0.094052136,False
2026-01-27 11:20:00,0.15340787,False
2026-01-27 11:25:00,0.16118704,False
2026-01-27 11:30:00,0.3309879,True
2026-01-27 11:35:00,0.34068727,True
2026-01-27 11:40:00,0.10924827,False
2026-01-27 11:45:00,0.087255,False
2026-01-27 11:50:00,0.08081676,False
2026-01-27 11:55:00,0.09492884,False
2026-01-27 12:00:00,0.06677095,False
2026-01-27 12:05:00,0.2834184,False
2026-01-27 12:10:00,0.046935216,False
2026-01-27 12:15:00,0.12426242,False
2026-01-27 12:20:00,0.06896827,False
2026-01-27 12:25:00,0.23275556,False
2026-01-27 12:30:00,0.15653239,False
2026-01-27 12:35:00,0.09428508,False
2026-01-27 12:40:00,0.21310015,False
2026-01-27 12:45:00,0.07268547,False
2026-01-27 12:50:00,0.22257654,False
2026-01-27 12:55:00,0.0689242,False
2026-01-27 13:00:00,0.2654135,False
2026-01-27 13:05:00,0.073309995,False
2026-01-27 13:10:00,0.31509352,False
2026-01-27 13:15:00,0.06679132,False
2026-01-27 13:20:00,0.2061432,False
2026-01-27 13:25:00,0.28934342,False
2026-01-27 13:30:00,0.09583684,False
2026-01-27 13:35:00,0.03794322,False
2026-01-27 13:40:00,0.07946966,False
2026-01-27 13:45:00,0.08342249,False
2026-01-27 13:50:00,0.14307256,False
2026-01-27 13:55:00,0.10904908,False
2026-01-27 14:00:00,0.09583458,False
2026-01-27 14:05:00,0.09989067,False
2026-01-27 14:10:00,0.106105514,False
2026-01-27 14:15:00,0.13695349,False
2026-01-27 14:20:00,0.15465885,False
2026-01-27 14:25:00,0.32196507,False
2026-01-27 14:30:00,0.23346895,False
2026-01-27 14:35:00,0.16988206,False
2026-01-27 14:40:00,0.12127618,False
2026-01-27 14:45:00,0.18107821,False
2026-01-27 14:50:00,0.08123164,False
2026-01-27 14:55:00,0.2656379,False
2026-01-27 15:00:00,0.048116703,False
2026-01-27 15:05:00,0.32076547,False
2026-01-27 15:10:00,0.21993202,False
2026-01-27 15:15:00,0.17744035,False
2026-01-27 15:20:00,0.13089801,False
2026-01-27 15:25:00,0.30628088,False
2026-01-27 15:30:00,0.09287896,False
2026-01-27 15:35:00,0.06419981,False
2026-01-27 15:40:00,0.09932209,False
2026-01-27 15:45:00,0.115273215,False
2026-01-27 15:50:00,0.26379347,False
2026-01-27 15:55:00,0.18523198,False
2026-01-27 16:00:00,0.14527838,False
2026-01-27 16:05:00,0.10391503,False
2026-01-27 16:10:00,0.19823557,False
2026-01-27 16:15:00,0.064536415,False
2026-01-27 16:20:00,0.15795214,False
2026-01-27 16:25:00,0.13521223,False
2026-01-27 16:30:00,0.3528591,True
2026-01-27 16:35:00,0.081714876,False
2026-01-27 16:40:00,0.23221172,False
2026-01-27 16:45:00,0.20521922,False
2026-01-27 16:50:00,0.11574151,False
2026-01-27 17:00:00,0.20817463,False
2026-01-27 17:05:00,0.29816714,False
2026-01-27 17:10:00,0.30484888,False
2026-01-27 17:15:00,0.2933444,False
2026-01-27 17:20:00,0.13133723,False
2026-01-27 17:25:00,0.045927852,False
2026-01-27 17:30:00,0.081285484,False
2026-01-27 17:35:00,0.31543663,False
2026-01-27 17:40:00,0.11442616,False
2026-01-27 17:45:00,0.05902913,False
2026-01-27 17:50:00,0.13959725,False
2026-01-27 17:55:00,0.062294975,False
2026-01-27 18:00:00,0.12276626,False
2026-01-27 18:05:00,0.04437707,False
2026-01-27 18:15:00,0.11525992,False
2026-01-27 18:20:00,0.18600112,False
2026-01-27 18:25:00,0.06717863,False
2026-01-27 18:30:00,0.25680348,False
2026-01-27 18:35:00,0.08365473,False
2026-01-27 18:40:00,0.18003964,False
2026-01-27 18:45:00,0.40044808,True
2026-01-27 18:50:00,0.050188437,False
2026-01-27 18:55:00,0.040843155,False
2026-01-27 19:30:00,0.11790822,False
2026-01-27 19:35:00,0.12097138,False
2026-01-27 19:40:00,0.031986475,False
2026-01-27 19:45:00,0.55780965,True
2026-01-27 19:50:00,0.10339903,False
2026-01-27 19:55:00,0.022026114,False
2026-01-27 20:05:00,0.16123249,False
2026-01-27 20:10:00,0.09795252,False
2026-01-27 20:15:00,0.12529452,False
2026-01-27 20:20:00,0.1847262,False
2026-01-27 20:25:00,0.16472836,False
2026-01-27 20:30:00,0.12249235,False
2026-01-27 20:35:00,0.07116836,False
2026-01-27 20:40:00,0.038558472,False
2026-01-27 20:45:00,0.17283545,False
2026-01-27 20:50:00,0.25311795,False
2026-01-27 20:55:00,0.14120857,False
2026-01-27 21:00:00,0.03222132,False
2026-01-27 21:05:00,0.18663085,False
2026-01-27 21:10:00,0.10106351,False
2026-01-27 21:15:00,0.10223677,False
2026-01-27 21:20:00,0.06583412,False
2026-01-27 21:25:00,0.09583653,False
2026-01-27 21:30:00,0.11403596,False
2026-01-27 21:35:00,0.107366376,False
2026-01-27 21:40:00,0.1455701,False
2026-01-27 21:45:00,0.11441635,False
2026-01-27 21:50:00,0.10998864,False
2026-01-27 21:55:00,0.20340823,False
2026-01-27 22:00:00,0.21705611,False
2026-01-27 22:05:00,0.14314747,False
2026-01-27 22:10:00,0.17106402,False
2026-01-27 22:15:00,0.10953944,False
2026-01-27 22:20:00,0.109279834,False
2026-01-27 22:25:00,0.116353214,False
2026-01-27 22:30:00,0.25003365,False
2026-01-27 22:35:00,0.0027611454,False
2026-01-27 22:40:00,0.26244316,False
2026-01-27 22:45:00,0.20921852,False
2026-01-27 22:50:00,0.07011654,False
2026-01-27 22:55:00,0.21798025,False
2026-01-27 23:00:00,0.11821673,False
2026-01-27 23:05:00,0.027954787,False
2026-01-27 23:10:00,0.12770838,False
2026-01-27 23:15:00,0.086096264,False
2026-01-27 23:20:00,0.04395998,False
2026-01-27 23:25:00,0.21203177,False
2026-01-27 23:30:00,0.06621546,False
2026-01-27 23:35:00,0.20453839,False
2026-01-27 23:40:00,0.1257254,False
2026-01-27 23:45:00,0.23570795,False
2026-01-27 23:50:00,0.071441025,False
2026-01-27 23:55:00,0.19129013,False
2026-01-28 00:00:00,0.4676194,True
2026-01-28 00:05:00,0.07616099,False
2026-01-28 00:10:00,0.20258427,False
2026-01-28 00:15:00,0.061776947,False
2026-01-28 00:20:00,0.12385733,False
2026-01-28 00:25:00,0.08686998,False
2026-01-28 00:30:00,0.18482442,False
2026-01-28 00:40:00,0.05481747,False
2026-01-28 00:45:00,0.11418698,False
2026-01-28 00:50:00,0.22840695,False
2026-01-28 00:55:00,0.26791045,False
2026-01-28 01:00:00,0.14722632,False
2026-01-28 01:05:00,0.0672407,False
2026-01-28 01:10:00,0.075294614,False
2026-01-28 01:15:00,0.027142465,False
2026-01-28 01:20:00,0.055845823,False
2026-01-28 01:25:00,0.12308066,False
2026-01-28 01:30:00,0.15913631,False
2026-01-28 01:35:00,0.043003574,False
2026-01-28 01:40:00,0.01633604,False
2026-01-28 01:45:00,0.23122716,False
2026-01-28 01:50:00,0.06491228,False
2026-01-28 01:55:00,0.06323368,False
2026-01-28 02:00:00,0.27515164,False
2026-01-28 02:05:00,0.042429224,False
2026-01-28 02:10:00,0.07076281,False
2026-01-28 02:15:00,0.13179177,False
2026-01-28 02:20:00,0.11624754,False
2026-01-28 02:25:00,0.025939748,False
2026-01-28 02:30:00,0.15208013,False
2026-01-28 02:35:00,0.17455673,False
2026-01-28 02:40:00,0.14256482,False
2026-01-28 02:45:00,0.1390179,False
2026-01-28 02:50:00,0.21521503,False
2026-01-28 02:55:00,0.13230555,False
2026-01-28 03:00:00,0.04184926,False
2026-01-28 03:05:00,0.15675844,False
2026-01-28 03:10:00,0.22500968,False
2026-01-28 03:15:00,0.072311215,False
2026-01-28 03:20:00,0.064420946,False
2026-01-28 03:25:00,0.10929534,False
2026-01-28 03:30:00,0.0823575,False
2026-01-28 03:35:00,0.19482929,False
2026-01-28 03:40:00,0.08686467,False
2026-01-28 03:45:00,0.06201164,False
2026-01-28 03:50:00,0.060196597,False
2026-01-28 03:55:00,0.031387504,False
2026-01-28 04:00:00,0.18490027,False
2026-01-28 04:05:00,0.12868811,False
2026-01-28 04:10:00,0.046359625,False
2026-01-28 04:15:00,0.13724685,False
2026-01-28 04:20:00,0.018079517,False
2026-01-28 04:25:00,0.062282875,False
2026-01-28 04:30:00,0.13522498,False
2026-01-28 04:35:00,0.05946489,False
2026-01-28 04:40:00,0.031078314,False
2026-01-28 04:45:00,0.20451106,False
2026-01-28 04:50:00,0.04497206,False
2026-01-28 04:55:00,0.047226507,False
2026-01-28 05:00:00,0.042859524,False
2026-01-28 05:05:00,0.01937409,False
2026-01-28 05:10:00,0.038825046,False
2026-01-28 05:15:00,0.04763643,False
2026-01-28 05:20:00,0.07022343,False
2026-01-28 05:25:00,0.11645079,False
2026-01-28 05:30:00,0.07341657,False
2026-01-28 05:35:00,0.13276613,False
2026-01-28 05:40:00,0.17815518,False
2026-01-28 05:45:00,0.1208617,False
2026-01-28 05:50:00,0.044726346,False
2026-01-28 05:55:00,0.14970945,False
2026-01-28 06:00:00,0.0988481,False
2026-01-28 06:05:00,0.23016097,False
2026-01-28 06:10:00,0.09046332,False
2026-01-28 06:15:00,0.3200517,False
2026-01-28 06:20:00,0.035385054,False
2026-01-28 06:25:00,0.26795077,False
2026-01-28 06:30:00,0.1657959,False
2026-01-28 06:35:00,0.1277101,False
2026-01-28 06:40:00,0.0216569,False
2026-01-28 06:45:00,0.06470037,False
2026-01-28 06:50:00,0.106630564,False
2026-01-28 06:55:00,0.13072298,False
2026-01-28 07:00:00,0.08701766,False
2026-01-28 07:05:00,0.157963,False
2026-01-28 07:10:00,0.04393609,False
2026-01-28 07:15:00,0.09870649,False
2026-01-28 07:20:00,0.08352288,False
2026-01-28 07:25:00,0.12575491,False
2026-01-28 07:30:00,0.08322956,False
2026-01-28 07:35:00,0.042297315,False
2026-01-28 07:40:00,0.26022682,False
2026-01-28 07:45:00,0.45892158,True
2026-01-28 07:50:00,0.19940041,False
2026-01-28 07:55:00,0.08726118,False
2026-01-28 08:00:00,0.084533505,False
2026-01-28 08:05:00,0.13026801,False
2026-01-28 08:10:00,0.16785866,False
2026-01-28 08:15:00,0.10530647,False
2026-01-28 08:20:00,0.4334737,True
2026-01-28 08:25:00,0.14852174,False
2026-01-28 08:30:00,0.07446017,False
2026-01-28 08:35:00,0.023285473,False
2026-01-28 08:40:00,0.19368291,False
2026-01-28 08:45:00,0.010105521,False
2026-01-28 08:50:00,0.14680181,False
2026-01-28 08:55:00,0.3245584,False
2026-01-28 09:00:00,0.09870884,False
2026-01-28 09:05:00,0.0604766,False
2026-01-28 09:10:00,0.06792378,False
2026-01-28 09:15:00,0.15168379,False
2026-01-28 09:20:00,0.058775365,False
2026-01-28 09:25:00,0.042568028,False
2026-01-28 09:30:00,0.058682725,False
2026-01-28 09:35:00,0.08840591,False
2026-01-28 09:40:00,0.06969752,False
2026-01-28 09:45:00,0.10932454,False
2026-01-28 09:50:00,0.1301418,False
2026-01-28 09:55:00,0.041206963,False
2026-01-28 10:00:00,0.16928937,False
2026-01-28 10:05:00,0.4225265,True
2026-01-28 10:10:00,0.16481107,False
2026-01-28 10:15:00,0.31049925,False
2026-01-28 10:20:00,0.08042364,False
2026-01-28 10:25:00,0.10245026,False
2026-01-28 10:30:00,0.22321771,False
2026-01-28 10:35:00,0.18655773,False
2026-01-28 10:40:00,0.07497757,False
2026-01-28 10:45:00,0.18262713,False
2026-01-28 10:50:00,0.11365663,False
2026-01-28 10:55:00,0.30385032,False
2026-01-28 11:00:00,0.14364448,False
2026-01-28 11:05:00,0.042435016,False
2026-01-28 11:10:00,0.29715917,False
2026-01-28 11:15:00,0.110014446,False
2026-01-28 11:20:00,0.026942447,False
2026-01-28 11:25:00,0.12104052,False
2026-01-28 11:30:00,0.13773008,False
2026-01-28 11:35:00,0.069957614,False
2026-01-28 11:40:00,0.09702975,False
2026-01-28 11:45:00,0.1659933,False
2026-01-28 11:50:00,0.05498955,False
2026-01-28 11:55:00,0.10414976,False
2026-01-28 12:00:00,0.21319646,False
2026-01-28 12:05:00,0.21093373,False
2026-01-28 12:10:00,0.08566459,False
2026-01-28 12:15:00,0.18480046,False
2026-01-28 12:20:00,0.07679073,False
2026-01-28 12:25:00,0.17193602,False
2026-01-28 12:30:00,0.31076512,False
2026-01-28 12:35:00,0.12371666,False
2026-01-28 12:40:00,0.090366565,False
2026-01-28 12:45:00,0.37318322,True
2026-01-28 12:50:00,0.15909289,False
2026-01-28 12:55:00,0.28129038,False
2026-01-28 13:00:00,0.14239512,False
2026-01-28 13:05:00,0.05296282,False
2026-01-28 13:10:00,0.16683221,False
2026-01-28 13:15:00,0.35211095,True
2026-01-28 13:20:00,0.050556105,False
2026-01-28 13:25:00,0.040030953,False
2026-01-28 13:30:00,0.14724387,False
2026-01-28 13:35:00,0.06471791,False
2026-01-28 13:40:00,0.1653757,False
2026-01-28 13:45:00,0.0639784,False
2026-01-28 13:50:00,0.06759592,False
2026-01-28 13:55:00,0.064965,False
2026-01-28 14:05:00,0.07403987,False
2026-01-28 14:10:00,0.06983744,False
2026-01-28 14:15:00,0.17939384,False
2026-01-28 14:20:00,0.15423562,False
2026-01-28 14:25:00,0.020728959,False
2026-01-28 14:30:00,0.1331087,False
2026-01-28 14:35:00,0.25803718,False
2026-01-28 14:40:00,0.21598838,False
2026-01-28 14:45:00,0.111874394,False
2026-01-28 14:50:00,0.36211243,True
2026-01-28 14:55:00,0.09108502,False
2026-01-28 15:00:00,0.034053404,False
2026-01-28 15:05:00,0.13466397,False
2026-01-28 15:10:00,0.21533073,False
2026-01-28 15:15:00,0.49512598,True
2026-01-28 15:20:00,0.15101382,False
2026-01-28 15:25:00,0.19673164,False
2026-01-28 15:30:00,0.14769153,False
2026-01-28 15:35:00,0.09167135,False
2026-01-28 15:40:00,0.04960701,False
2026-01-28 15:45:00,0.25125512,False
2026-01-28 15:50:00,0.09260169,False
2026-01-28 15:55:00,0.31131878,False
2026-01-28 16:00:00,0.06373763,False
2026-01-28 16:05:00,0.15350692,False
2026-01-28 16:10:00,0.116291605,False
2026-01-28 16:15:00,0.092203945,False
2026-01-28 16:20:00,0.42269185,True
2026-01-28 16:25:00,0.109538294,False
2026-01-28 16:30:00,0.20730208,False
2026-01-28 16:35:00,0.10961166,False
2026-01-28 16:40:00,0.24499421,False
2026-01-28 16:45:00,0.11890211,False
2026-01-28 16:50:00,0.0459637,False
2026-01-28 16:55:00,0.022482866,False
2026-01-28 17:00:00,0.28297624,False
2026-01-28 17:05:00,0.111772,False
2026-01-28 17:10:00,0.12694834,False
2026-01-28 17:15:00,0.03908561,False
2026-01-28 17:20:00,0.04773855,False
2026-01-28 17:25:00,0.02020272,False
2026-01-28 17:30:00,0.25214523,False
2026-01-28 17:35:00,0.02035277,False
2026-01-28 17:40:00,0.13088953,False
2026-01-28 17:50:00,0.19534935,False
2026-01-28 17:55:00,0.031884156,False
2026-01-28 18:00:00,0.18908358,False
2026-01-28 18:05:00,0.23078746,False
2026-01-28 18:10:00,0.092768215,False
2026-01-28 18:20:00,0.2194693,False
2026-01-28 18:25:00,0.24328686,False
2026-01-28 18:30:00,0.16256966,False
2026-01-28 18:35:00,0.13646154,False
2026-01-28 18:45:00,0.2364697,False
2026-01-28 18:50:00,0.058183063,False
2026-01-28 18:55:00,0.18070532,False
2026-01-28 19:20:00,0.16778308,False
2026-01-28 19:30:00,0.09488219,False
2026-01-28 19:35:00,0.19644456,False
2026-01-28 19:40:00,0.13118105,False
2026-01-28 19:45:00,0.01754477,False
2026-01-28 19:50:00,0.14273848,False
2026-01-28 19:55:00,0.062028136,False
2026-01-28 20:00:00,0.024141237,False
2026-01-28 20:05:00,0.18244946,False
2026-01-28 20:10:00,0.084857486,False
2026-01-28 20:15:00,0.27612528,False
2026-01-28 20:20:00,0.14049844,False
2026-01-28 20:25:00,0.034382567,False
2026-01-28 20:30:00,0.6258808,True
2026-01-28 20:35:00,0.2237678,False
2026-01-28 20:40:00,0.048388943,False
2026-01-28 20:45:00,0.097753406,False
2026-01-28 20:50:00,0.044550415,False
2026-01-28 20:55:00,0.12273636,False
2026-01-28 21:00:00,0.31613314,False
2026-01-28 21:05:00,0.045036744,False
2026-01-28 21:10:00,0.060140297,False
2026-01-28 21:20:00,0.17222428,False
2026-01-28 21:25:00,0.10588366,False
2026-01-28 21:30:00,0.13124083,False
2026-01-28 21:35:00,0.27143818,False
2026-01-28 21:40:00,0.24942322,False
2026-01-28 21:45:00,0.20356576,False
2026-01-28 21:50:00,0.053463653,False
2026-01-28 21:55:00,0.11862149,False
2026-01-28 22:00:00,0.3160194,False
2026-01-28 22:05:00,0.23458232,False
2026-01-28 22:10:00,0.1715249,False
2026-01-28 22:15:00,0.38284406,True
2026-01-28 22:20:00,0.21735835,False
2026-01-28 22:25:00,0.11867276,False
2026-01-28 22:30:00,0.17264564,False
2026-01-28 22:35:00,0.06668434,False
2026-01-28 22:40:00,0.24163486,False
2026-01-28 22:45:00,0.036487043,False
2026-01-28 22:50:00,0.010933656,False
2026-01-28 22:55:00,0.20500505,False
2026-01-28 23:00:00,0.054078937,False
2026-01-28 23:05:00,0.25777897,False
2026-01-28 23:10:00,0.07689419,False
2026-01-28 23:15:00,0.068517305,False
2026-01-28 23:20:00,0.13180837,False
2026-01-28 23:25:00,0.04497047,False
2026-01-28 23:30:00,0.12728362,False
2026-01-28 23:35:00,0.26092088,False
2026-01-28 23:40:00,0.14986178,False
2026-01-28 23:45:00,0.15546587,False
2026-01-28 23:50:00,0.1873507,False
2026-01-28 23:55:00,0.023968995,False
2026-01-29 00:00:00,0.15284629,False
2026-01-29 00:05:00,0.11295176,False
2026-01-29 00:10:00,0.08453622,False
2026-01-29 00:15:00,0.14684665,False
2026-01-29 00:20:00,0.13800763,False
2026-01-29 00:25:00,0.14692105,False
2026-01-29 00:30:00,0.0413855,False
2026-01-29 00:35:00,0.18037672,False
2026-01-29 00:40:00,0.04431376,False
2026-01-29 00:45:00,0.09809742,False
2026-01-29 00:50:00,0.09423212,False
2026-01-29 00:55:00,0.05777053,False
2026-01-29 01:00:00,0.04163889,False
2026-01-29 01:05:00,0.11090475,False
2026-01-29 01:10:00,0.0684557,False
2026-01-29 01:15:00,0.2689005,False
2026-01-29 01:20:00,0.0978102,False
2026-01-29 01:25:00,0.21634257,False
2026-01-29 01:30:00,0.047874894,False
2026-01-29 01:35:00,0.04177363,False
2026-01-29 01:40:00,0.22066325,False
2026-01-29 01:45:00,0.08217152,False
2026-01-29 01:50:00,0.2501984,False
2026-01-29 01:55:00,0.066172965,False
2026-01-29 02:00:00,0.1615235,False
2026-01-29 02:05:00,0.11956072,False
2026-01-29 02:10:00,0.23857886,False
2026-01-29 02:15:00,0.09240354,False
2026-01-29 02:20:00,0.25853935,False
2026-01-29 02:25:00,0.20192857,False
2026-01-29 02:30:00,0.041161455,False
2026-01-29 02:35:00,0.10359434,False
2026-01-29 02:40:00,0.27974376,False
2026-01-29 02:45:00,0.077395774,False
2026-01-29 02:50:00,0.21727282,False
2026-01-29 02:55:00,0.16379692,False
2026-01-29 03:00:00,0.08277788,False
2026-01-29 03:05:00,0.13790803,False
2026-01-29 03:10:00,0.05853956,False
2026-01-29 03:15:00,0.0574858,False
2026-01-29 03:20:00,0.0877467,False
2026-01-29 03:25:00,0.21074855,False
2026-01-29 03:30:00,0.30005506,False
2026-01-29 03:35:00,0.059863523,False
2026-01-29 03:40:00,0.2614775,False
2026-01-29 03:45:00,0.04893249,False
2026-01-29 03:50:00,0.17343938,False
2026-01-29 03:55:00,0.09541864,False
2026-01-29 04:00:00,0.08440423,False
2026-01-29 04:05:00,0.05644238,False
2026-01-29 04:10:00,0.08900571,False
2026-01-29 04:15:00,0.10609597,False
2026-01-29 04:20:00,0.046283886,False
2026-01-29 04:25:00,0.059661467,False
2026-01-29 04:30:00,0.12784418,False
2026-01-29 04:35:00,0.06775818,False
2026-01-29 04:40:00,0.05806463,False
2026-01-29 04:45:00,0.28045216,False
2026-01-29 04:50:00,0.12610944,False
2026-01-29 04:55:00,0.09896029,False
2026-01-29 05:00:00,0.08142745,False
2026-01-29 05:05:00,0.02597755,False
2026-01-29 05:10:00,0.08498531,False
2026-01-29 05:15:00,0.27165943,False
2026-01-29 05:20:00,0.13749553,False
2026-01-29 05:25:00,0.05316901,False
2026-01-29 05:30:00,0.3776816,True
2026-01-29 05:35:00,0.06998148,False
2026-01-29 05:40:00,0.12759562,False
2026-01-29 05:45:00,0.114370614,False
2026-01-29 05:50:00,0.30036202,False
2026-01-29 05:55:00,0.07063976,False
2026-01-29 06:00:00,0.08809811,False
2026-01-29 06:05:00,0.16007976,False
2026-01-29 06:10:00,0.059334558,False
2026-01-29 06:15:00,0.19098552,False
2026-01-29 06:20:00,0.06957259,False
2026-01-29 06:25:00,0.090411,False
2026-01-29 06:30:00,0.067112975,False
2026-01-29 06:35:00,0.06998377,False
2026-01-29 06:40:00,0.017154505,False
2026-01-29 06:45:00,0.12728247,False
2026-01-29 06:50:00,0.037873354,False
2026-01-29 06:55:00,0.23723684,False
2026-01-29 07:00:00,0.1385276,False
2026-01-29 07:05:00,0.07441527,False
2026-01-29 07:10:00,0.10742102,False
2026-01-29 07:15:00,0.043340683,False
2026-01-29 07:20:00,0.32175526,False
2026-01-29 07:25:00,0.16562964,False
2026-01-29 07:30:00,0.2789555,False
2026-01-29 07:35:00,0.11624486,False
2026-01-29 07:40:00,0.3710388,True
2026-01-29 07:45:00,0.11538563,False
2026-01-29 07:50:00,0.11865095,False
2026-01-29 07:55:00,0.093800835,False
2026-01-29 08:00:00,0.07846828,False
2026-01-29 08:05:00,0.050406646,False
2026-01-29 08:10:00,0.10427452,False
2026-01-29 08:15:00,0.03583022,False
2026-01-29 08:20:00,0.20178145,False
2026-01-29 08:25:00,0.11073155,False
2026-01-29 08:30:00,0.075026534,False
2026-01-29 08:35:00,0.2186067,False
2026-01-29 08:40:00,0.5476834,True
2026-01-29 08:45:00,0.10978066,False
2026-01-29 08:50:00,0.062698215,False
2026-01-29 08:55:00,0.089097686,False
2026-01-29 09:00:00,0.168427,False
2026-01-29 09:05:00,0.14574334,False
2026-01-29 09:10:00,0.08620167,False
2026-01-29 09:15:00,0.15969066,False
2026-01-29 09:20:00,0.18996488,False
2026-01-29 09:25:00,0.3384569,True
2026-01-29 09:30:00,0.11715204,False
2026-01-29 09:35:00,0.3757799,True
2026-01-29 09:40:00,0.12325296,False
2026-01-29 09:45:00,0.036812857,False
2026-01-29 09:50:00,0.09879688,False
2026-01-29 09:55:00,0.12776676,False
2026-01-29 10:00:00,0.053615768,False
2026-01-29 10:05:00,0.21785384,False
2026-01-29 10:10:00,0.100395024,False
2026-01-29 10:15:00,0.10428214,False
2026-01-29 10:20:00,0.16116385,False
2026-01-29 10:25:00,0.17637403,False
2026-01-29 10:30:00,0.17093836,False
2026-01-29 10:35:00,0.0358898,False
2026-01-29 10:40:00,0.12258483,False
2026-01-29 10:45:00,0.2114948,False
2026-01-29 10:50:00,0.17293417,False
2026-01-29 10:55:00,0.1078719,False
2026-01-29 11:00:00,0.28102455,False
2026-01-29 11:05:00,0.26072225,False
2026-01-29 11:10:00,0.030740539,False
2026-01-29 11:15:00,0.21913262,False
2026-01-29 11:20:00,0.10763615,False
2026-01-29 11:25:00,0.17539965,False
2026-01-29 11:30:00,0.20511068,False
2026-01-29 11:35:00,0.2184871,False
2026-01-29 11:40:00,0.09147376,False
2026-01-29 11:45:00,0.13434441,False
2026-01-29 11:50:00,0.32571322,False
2026-01-29 11:55:00,0.12638085,False
2026-01-29 12:00:00,0.040898953,False
2026-01-29 12:05:00,0.20174314,False
2026-01-29 12:10:00,0.0864531,False
2026-01-29 12:15:00,0.3143343,False
2026-01-29 12:20:00,0.17622401,False
2026-01-29 12:25:00,0.18845852,False
2026-01-29 12:30:00,0.14935187,False
2026-01-29 12:35:00,0.027279714,False
2026-01-29 12:40:00,0.14879774,False
2026-01-29 12:45:00,0.122436665,False
2026-01-29 12:50:00,0.239772,False
2026-01-29 12:55:00,0.11408248,False
2026-01-29 13:00:00,0.12524502,False
2026-01-29 13:05:00,0.23520029,False
2026-01-29 13:10:00,0.043572005,False
2026-01-29 13:15:00,0.21885751,False
2026-01-29 13:20:00,0.015237249,False
2026-01-29 13:25:00,0.041107967,False
2026-01-29 13:30:00,0.07622527,False
2026-01-29 13:35:00,0.14647351,False
2026-01-29 13:40:00,0.18859571,False
2026-01-29 13:45:00,0.31203157,False
2026-01-29 13:50:00,0.5397138,True
2026-01-29 13:55:00,0.15057166,False
2026-01-29 14:00:00,0.17199737,False
2026-01-29 14:05:00,0.039260473,False
2026-01-29 14:10:00,0.12213638,False
2026-01-29 14:15:00,0.10057131,False
2026-01-29 14:20:00,0.15942782,False
2026-01-29 14:25:00,0.31621286,False
2026-01-29 14:30:00,0.11342365,False
2026-01-29 14:35:00,0.12085726,False
2026-01-29 14:40:00,0.07671573,False
2026-01-29 14:45:00,0.09261156,False
2026-01-29 14:50:00,0.2620553,False
2026-01-29 14:55:00,0.15118612,False
2026-01-29 15:00:00,0.052441973,False
2026-01-29 15:05:00,0.12458396,False
2026-01-29 15:10:00,0.12510818,False
2026-01-29 15:15:00,0.10615479,False
2026-01-29 15:20:00,0.059507933,False
2026-01-29 15:25:00,0.2122923,False
2026-01-29 15:30:00,0.19316484,False
2026-01-29 15:35:00,0.48085567,True
2026-01-29 15:40:00,0.63056684,True
2026-01-29 15:45:00,0.090043604,False
2026-01-29 15:50:00,0.15960507,False
2026-01-29 15:55:00,0.13800819,False
2026-01-29 16:00:00,0.07428054,False
2026-01-29 16:05:00,0.41559824,True
2026-01-29 16:10:00,0.119861,False
2026-01-29 16:15:00,0.13605867,False
2026-01-29 16:20:00,0.018322147,False
2026-01-29 16:30:00,0.17211168,False
2026-01-29 16:35:00,0.07998666,False
2026-01-29 16:40:00,0.15013176,False
2026-01-29 16:45:00,0.06943167,False
2026-01-29 16:50:00,0.20193388,False
2026-01-29 16:55:00,0.10028174,False
2026-01-29 17:00:00,0.045112997,False
2026-01-29 17:05:00,0.46286967,True
2026-01-29 17:10:00,0.23154216,False
2026-01-29 17:15:00,0.15835176,False
2026-01-29 17:20:00,0.12057269,False
2026-01-29 17:25:00,0.26758894,False
2026-01-29 17:30:00,0.20620628,False
2026-01-29 17:35:00,0.17899333,False
2026-01-29 17:40:00,0.22937971,False
2026-01-29 17:45:00,0.06931134,False
2026-01-29 17:50:00,0.23589844,False
2026-01-29 17:55:00,0.16736202,False
2026-01-29 18:00:00,0.30958,False
2026-01-29 18:05:00,0.02582147,False
2026-01-29 18:10:00,0.06839713,False
2026-01-29 18:15:00,0.22664501,False
2026-01-29 18:20:00,0.26992944,False
2026-01-29 18:25:00,0.084191434,False
2026-01-29 18:30:00,0.069277965,False
2026-01-29 18:35:00,0.20059973,False
2026-01-29 18:50:00,0.087788515,False
2026-01-29 18:55:00,0.25028503,False
2026-01-29 19:05:00,0.23937841,False
2026-01-29 19:15:00,0.23037682,False
2026-01-29 19:25:00,0.14129601,False
2026-01-29 19:40:00,0.11703866,False
2026-01-29 19:50:00,0.2542643,False
2026-01-29 20:00:00,0.07993113,False
2026-01-29 20:05:00,0.06590575,False
2026-01-29 20:10:00,0.03710848,False
2026-01-29 20:15:00,0.07318356,False
2026-01-29 20:25:00,0.07753797,False
2026-01-29 20:30:00,0.15208006,False
2026-01-29 20:35:00,0.20205086,False
2026-01-29 20:40:00,0.17672046,False
2026-01-29 20:45:00,0.119664066,False
2026-01-29 20:50:00,0.09480515,False
2026-01-29 20:55:00,0.16718595,False
2026-01-29 21:00:00,0.17214893,False
2026-01-29 21:05:00,0.16069235,False
2026-01-29 21:10:00,0.20192635,False
2026-01-29 21:15:00,0.20831497,False
2026-01-29 21:20:00,0.1293308,False
2026-01-29 21:25:00,0.12873174,False
2026-01-29 21:30:00,0.072711565,False
2026-01-29 21:35:00,0.098857544,False
2026-01-29 21:40:00,0.19828218,False
2026-01-29 21:50:00,0.12245209,False
2026-01-29 21:55:00,0.071620144,False
2026-01-29 22:00:00,0.042541813,False
2026-01-29 22:05:00,0.088904746,False
2026-01-29 22:10:00,0.0447973,False
2026-01-29 22:15:00,0.18537281,False
2026-01-29 22:20:00,0.28934175,False
2026-01-29 22:25:00,0.25429145,False
2026-01-29 22:30:00,0.07724376,False
2026-01-29 22:35:00,0.20987992,False
2026-01-29 22:40:00,0.10632063,False
2026-01-29 22:45:00,0.0172775,False
2026-01-29 22:50:00,0.16593538,False
2026-01-29 22:55:00,0.04876853,False
2026-01-29 23:00:00,0.27934965,False
2026-01-29 23:05:00,0.07656441,False
2026-01-29 23:10:00,0.17795354,False
2026-01-29 23:15:00,0.17687355,False
2026-01-29 23:20:00,0.027029393,False
2026-01-29 23:25:00,0.14741306,False
2026-01-29 23:30:00,0.04425556,False
2026-01-29 23:35:00,0.20756795,False
2026-01-29 23:40:00,0.13232996,False
2026-01-29 23:45:00,0.06302022,False
2026-01-29 23:50:00,0.17150758,False
2026-01-29 23:55:00,0.051323563,False
2026-01-30 00:00:00,0.53515,True
2026-01-30 00:10:00,0.13256286,False
2026-01-30 00:15:00,0.1318303,False
2026-01-30 00:20:00,0.09880215,False
2026-01-30 00:25:00,0.17650503,False
2026-01-30 00:30:00,0.32043156,False
2026-01-30 00:35:00,0.05768891,False
2026-01-30 00:40:00,0.11019859,False
2026-01-30 00:45:00,0.51173794,True
2026-01-30 00:50:00,0.086110584,False
2026-01-30 00:55:00,0.027844943,False
2026-01-30 01:00:00,0.18982111,False
2026-01-30 01:05:00,0.040941924,False
2026-01-30 01:10:00,0.37227044,True
2026-01-30 01:15:00,0.0954187,False
2026-01-30 01:20:00,0.40782893,True
2026-01-30 01:25:00,0.14181645,False
2026-01-30 01:30:00,0.14924772,False
2026-01-30 01:35:00,0.03755299,False
2026-01-30 01:40:00,0.042713616,False
2026-01-30 01:45:00,0.04240209,False
2026-01-30 01:50:00,0.19265638,False
2026-01-30 01:55:00,0.08214796,False
2026-01-30 02:00:00,0.058405887,False
2026-01-30 02:05:00,0.05222388,False
2026-01-30 02:10:00,0.13524704,False
2026-01-30 02:15:00,0.16936475,False
2026-01-30 02:20:00,0.100347586,False
2026-01-30 02:25:00,0.06020376,False
2026-01-30 02:30:00,0.2558932,False
2026-01-30 02:35:00,0.18666469,False
2026-01-30 02:40:00,0.19118315,False
2026-01-30 02:45:00,0.05961236,False
2026-01-30 02:50:00,0.15512,False
2026-01-30 02:55:00,0.10282961,False
2026-01-30 03:00:00,0.11818736,False
2026-01-30 03:05:00,0.12862106,False
2026-01-30 03:10:00,0.11469003,False
2026-01-30 03:15:00,0.28288755,False
2026-01-30 03:20:00,0.10522047,False
2026-01-30 03:25:00,0.10059288,False
2026-01-30 03:30:00,0.047774684,False
2026-01-30 03:35:00,0.11235154,False
2026-01-30 03:40:00,0.15321434,False
2026-01-30 03:45:00,0.19981287,False
2026-01-30 03:50:00,0.09828798,False
2026-01-30 03:55:00,0.03067903,False
2026-01-30 04:00:00,0.03296009,False
2026-01-30 04:05:00,0.11333296,False
2026-01-30 04:10:00,0.08111245,False
2026-01-30 04:15:00,0.029173225,False
2026-01-30 04:20:00,0.14665133,False
2026-01-30 04:25:00,0.18140633,False
2026-01-30 04:30:00,0.10998004,False
2026-01-30 04:35:00,0.086103134,False
2026-01-30 04:40:00,0.1307301,False
2026-01-30 04:45:00,0.23784186,False
2026-01-30 04:50:00,0.34225497,True
2026-01-30 04:55:00,0.10142118,False
2026-01-30 05:00:00,0.13082387,False
2026-01-30 05:05:00,0.10496384,False
2026-01-30 05:10:00,0.089958936,False
2026-01-30 05:15:00,0.048649594,False
2026-01-30 05:20:00,0.13859995,False
2026-01-30 05:25:00,0.110889584,False
2026-01-30 05:30:00,0.19078673,False
2026-01-30 05:35:00,0.06733,False
2026-01-30 05:40:00,0.056597978,False
2026-01-30 05:45:00,0.07558825,False
2026-01-30 05:50:00,0.25907865,False
2026-01-30 05:55:00,0.030373996,False
2026-01-30 06:00:00,0.019314067,False
2026-01-30 06:05:00,0.032052767,False
2026-01-30 06:10:00,0.17334016,False
2026-01-30 06:15:00,0.081109546,False
2026-01-30 06:20:00,0.20593649,False
2026-01-30 06:25:00,0.20425542,False
2026-01-30 06:30:00,0.21151805,False
2026-01-30 06:35:00,0.07614788,False
2026-01-30 06:40:00,0.23716773,False
2026-01-30 06:45:00,0.20539899,False
2026-01-30 06:50:00,0.23997758,False
2026-01-30 06:55:00,0.16315188,False
2026-01-30 07:00:00,0.19509591,False
2026-01-30 07:05:00,0.0058568525,False
2026-01-30 07:10:00,0.29091486,False
2026-01-30 07:15:00,0.19448102,False
2026-01-30 07:20:00,0.070643835,False
2026-01-30 07:25:00,0.26633832,False
2026-01-30 07:30:00,0.019104846,False
2026-01-30 07:35:00,0.021036373,False
2026-01-30 07:40:00,0.07183414,False
2026-01-30 07:45:00,0.33454013,True
2026-01-30 07:50:00,0.26034218,False
2026-01-30 07:55:00,0.061477,False
2026-01-30 08:00:00,0.23065494,False
2026-01-30 08:05:00,0.010606117,False
2026-01-30 08:10:00,0.15806547,False
2026-01-30 08:15:00,0.31136784,False
2026-01-30 08:20:00,0.08368734,False
2026-01-30 08:25:00,0.08283732,False
2026-01-30 08:30:00,0.09078533,False
2026-01-30 08:35:00,0.14944483,False
2026-01-30 08:40:00,0.08133678,False
2026-01-30 08:45:00,0.03898619,False
2026-01-30 08:50:00,0.061432768,False
2026-01-30 08:55:00,0.12580739,False
2026-01-30 09:00:00,0.010283536,False
2026-01-30 09:05:00,0.2321344,False
2026-01-30 09:10:00,0.101182766,False
2026-01-30 09:15:00,0.15256189,False
2026-01-30 09:20:00,0.12505919,False
2026-01-30 09:25:00,0.3346205,True
2026-01-30 09:30:00,0.016647357,False
2026-01-30 09:35:00,0.17143355,False
2026-01-30 09:40:00,0.12721948,False
2026-01-30 09:45:00,0.19279224,False
2026-01-30 09:50:00,0.15247747,False
2026-01-30 09:55:00,0.15989731,False
2026-01-30 10:00:00,0.10008785,False
2026-01-30 10:05:00,0.04520205,False
2026-01-30 10:10:00,0.21696542,False
2026-01-30 10:15:00,0.29580832,False
2026-01-30 10:20:00,0.14318569,False
2026-01-30 10:25:00,0.09079944,False
2026-01-30 10:30:00,0.08705754,False
2026-01-30 10:35:00,0.049123958,False
2026-01-30 10:40:00,0.049811944,False
2026-01-30 10:45:00,0.16459674,False
2026-01-30 10:50:00,0.12749928,False
2026-01-30 10:55:00,0.3138959,False
2026-01-30 11:00:00,0.2528328,False
2026-01-30 11:05:00,0.109151535,False
2026-01-30 11:10:00,0.09925776,False
2026-01-30 11:15:00,0.18930544,False
2026-01-30 11:20:00,0.12256459,False
2026-01-30 11:25:00,0.10582512,False
2026-01-30 11:30:00,0.08417267,False
2026-01-30 11:35:00,0.04167955,False
2026-01-30 11:40:00,0.2832722,False
2026-01-30 11:45:00,0.13873804,False
2026-01-30 11:50:00,0.15710206,False
2026-01-30 11:55:00,0.09311304,False
2026-01-30 12:00:00,0.0729195,False
2026-01-30 12:05:00,0.11987788,False
2026-01-30 12:10:00,0.07167707,False
2026-01-30 12:15:00,0.038020473,False
2026-01-30 12:20:00,0.5358126,True
2026-01-30 12:25:00,0.034884825,False
2026-01-30 12:30:00,0.08053378,False
2026-01-30 12:35:00,0.23577565,False
2026-01-30 12:40:00,0.17415982,False
2026-01-30 12:45:00,0.1461089,False
2026-01-30 12:50:00,0.15671039,False
2026-01-30 12:55:00,0.07472306,False
2026-01-30 13:00:00,0.0754559,False
2026-01-30 13:05:00,0.37238106,True
2026-01-30 13:10:00,0.18949632,False
2026-01-30 13:15:00,0.17555231,False
2026-01-30 13:20:00,0.082184024,False
2026-01-30 13:25:00,0.051998895,False
2026-01-30 13:30:00,0.1729396,False
2026-01-30 13:35:00,0.19679493,False
2026-01-30 13:40:00,0.1767713,False
2026-01-30 13:45:00,0.05126745,False
2026-01-30 13:50:00,0.16777946,False
2026-01-30 13:55:00,0.11778486,False
2026-01-30 14:00:00,0.19292118,False
2026-01-30 14:05:00,0.3547394,True
2026-01-30 14:10:00,0.09700026,False
2026-01-30 14:15:00,0.115707256,False
2026-01-30 14:20:00,0.05906345,False
2026-01-30 14:25:00,0.07884532,False
2026-01-30 14:30:00,0.064318486,False
2026-01-30 14:35:00,0.049347028,False
2026-01-30 14:40:00,0.12931632,False
2026-01-30 14:45:00,0.027325178,False
2026-01-30 14:50:00,0.35965094,True
2026-01-30 14:55:00,0.3084161,False
2026-01-30 15:00:00,0.26356623,False
2026-01-30 15:05:00,0.04387221,False
2026-01-30 15:10:00,0.123188935,False
2026-01-30 15:15:00,0.04822342,False
2026-01-30 15:20:00,0.17787738,False
2026-01-30 15:25:00,0.06627641,False
2026-01-30 15:30:00,0.17566164,False
2026-01-30 15:35:00,0.03264479,False
2026-01-30 15:40:00,0.049906913,False
2026-01-30 15:45:00,0.0096182525,False
2026-01-30 15:50:00,0.45327482,True
2026-01-30 15:55:00,0.22467925,False
2026-01-30 16:00:00,0.057633597,False
2026-01-30 16:05:00,0.24653302,False
2026-01-30 16:10:00,0.18043822,False
2026-01-30 16:15:00,0.06677564,False
2026-01-30 16:20:00,0.3462943,True
2026-01-30 16:25:00,0.0384486,False
2026-01-30 16:30:00,0.088516034,False
2026-01-30 16:35:00,0.04871184,False
2026-01-30 16:40:00,0.092040904,False
2026-01-30 16:45:00,0.22501473,False
2026-01-30 16:50:00,0.18239896,False
2026-01-30 16:55:00,0.07873754,False
2026-01-30 17:00:00,0.13103566,False
2026-01-30 17:05:00,0.09380833,False
2026-01-30 17:10:00,0.18864395,False
2026-01-30 17:15:00,0.049485523,False
2026-01-30 17:20:00,0.29484212,False
2026-01-30 17:25:00,0.03962261,False
2026-01-30 17:30:00,0.21187146,False
2026-01-30 17:35:00,0.35974434,True
2026-01-30 17:40:00,0.10065523,False
2026-01-30 17:45:00,0.05264702,False
2026-01-30 17:50:00,0.12598707,False
2026-01-30 17:55:00,0.16154988,False
2026-01-30 18:05:00,0.025823472,False
2026-01-30 18:10:00,0.15905218,False
2026-01-30 18:15:00,0.090172015,False
2026-01-30 18:20:00,0.13010757,False
2026-01-30 18:25:00,0.23518704,False
2026-01-30 18:30:00,0.10334563,False
2026-01-30 18:40:00,0.21289843,False
2026-01-30 18:55:00,0.23387833,False
2026-01-30 19:00:00,0.119147114,False
2026-01-30 19:05:00,0.09160715,False
2026-01-30 19:15:00,0.1131315,False
2026-01-30 19:30:00,0.13436215,False
2026-01-30 19:40:00,0.17537463,False
2026-01-30 19:45:00,0.046144158,False
2026-01-30 19:50:00,0.2574063,False
2026-01-30 19:55:00,0.097943336,False
2026-01-30 20:00:00,0.0784027,False
2026-01-30 20:10:00,0.046882223,False
2026-01-30 20:15:00,0.10507873,False
2026-01-30 20:25:00,0.10606223,False
2026-01-30 20:30:00,0.022134535,False
2026-01-30 20:35:00,0.4089992,True
2026-01-30 20:40:00,0.28848687,False
2026-01-30 20:45:00,0.3066785,False
2026-01-30 20:50:00,0.03132162,False
2026-01-30 20:55:00,0.112380035,False
2026-01-30 21:00:00,0.28827846,False
2026-01-30 21:05:00,0.050727278,False
2026-01-30 21:10:00,0.08394834,False
2026-01-30 21:15:00,0.06028709,False
2026-01-30 21:20:00,0.15648983,False
2026-01-30 21:25:00,0.5936909,True
2026-01-30 21:30:00,0.25832546,False
2026-01-30 21:35:00,0.15570678,False
2026-01-30 21:40:00,0.10240537,False
2026-01-30 21:45:00,0.13560824,False
2026-01-30 21:50:00,0.37190536,True
2026-01-30 21:55:00,0.09966586,False
2026-01-30 22:00:00,0.299757,False
2026-01-30 22:05:00,0.11890152,False
2026-01-30 22:10:00,0.17061688,False
2026-01-30 22:15:00,0.15195742,False
2026-01-30 22:20:00,0.07299622,False
2026-01-30 22:25:00,0.035142373,False
2026-01-30 22:30:00,0.23088819,False
2026-01-30 22:35:00,0.17849447,False
2026-01-30 22:40:00,0.16132791,False
2026-01-30 22:45:00,0.15309498,False
2026-01-30 22:50:00,0.109879576,False
2026-01-30 22:55:00,0.06568054,False
2026-01-30 23:00:00,0.35030177,True
2026-01-30 23:05:00,0.14444782,False
2026-01-30 23:10:00,0.14023419,False
2026-01-30 23:15:00,0.06631143,False
2026-01-30 23:20:00,0.099829525,False
2026-01-30 23:25:00,0.04629234,False
2026-01-30 23:30:00,0.054988097,False
2026-01-30 23:35:00,0.18490314,False
2026-01-30 23:40:00,0.11614523,False
2026-01-30 23:45:00,0.13293666,False
2026-01-30 23:50:00,0.16925746,False
2026-01-30 23:55:00,0.05068751,False
