RSRP,SINR,Latency,Packet_Loss,Throughput,Actual_QoS,Predicted_QoS
-89.61,15.1,115.49,1.18,260.75,Fair,Fair
-87.18,15.7,104.31,1.37,231.09,Fair,Fair
-101.84,6.41,92.58,1.12,132.41,Poor,Poor
-98.78,12.35,55.48,0.44,94.13,Fair,Fair
-84.08,16.25,95.2,0.81,187.61,Good,Good
-104.59,9.68,87.25,0.6,128.0,Fair,Fair
-97.26,11.54,110.31,1.12,228.44,Fair,Fair
-103.71,5.92,80.03,1.0,89.95,Fair,Fair
-101.17,9.6,63.27,0.35,97.36,Fair,Fair
-90.26,16.61,97.78,1.42,231.94,Fair,Fair
-86.71,17.0,63.01,0.55,141.88,Good,Good
-82.6,20.16,66.97,0.38,115.38,Good,Good
-100.91,11.61,107.73,0.8,196.07,Fair,Fair
-88.16,17.25,85.7,1.04,181.07,Fair,Fair
-92.68,10.85,77.22,0.82,146.52,Fair,Fair
-94.05,11.66,59.21,0.2,81.7,Fair,Fair
-103.44,5.7,53.2,0.5,68.13,Fair,Fair
-102.17,8.98,48.47,0.12,79.75,Fair,Fair
-88.7,14.88,69.74,0.32,157.66,Good,Good
-91.3,13.19,102.38,1.17,192.57,Fair,Fair
-88.99,17.18,76.0,0.84,151.51,Good,Good
-81.32,19.3,69.8,1.07,132.65,Good,Good
-89.15,15.32,59.26,0.63,82.66,Good,Good
-91.36,14.43,82.32,1.15,132.02,Fair,Fair
-93.7,12.61,63.79,0.42,82.24,Fair,Fair
-96.49,12.12,57.69,0.72,85.99,Fair,Fair
-93.59,12.76,88.34,0.96,163.95,Fair,Fair
-91.76,12.28,112.74,1.5,229.99,Fair,Fair
-99.76,14.4,53.3,0.63,124.48,Fair,Fair
-81.49,18.37,74.89,0.44,148.33,Good,Good
-99.51,8.43,51.76,0.0,54.13,Fair,Fair
-103.98,3.82,77.88,0.64,79.52,Fair,Fair
-85.46,16.98,80.12,0.78,155.85,Good,Good
-100.4,13.16,65.68,0.42,101.74,Fair,Fair
-87.97,14.83,58.89,0.46,96.37,Good,Good
-110.35,7.98,94.89,0.96,143.79,Poor,Poor
-97.4,10.46,115.77,1.45,181.04,Fair,Fair
-91.5,14.33,107.64,1.28,239.73,Fair,Fair
-90.88,14.74,79.23,0.78,166.27,Fair,Fair
-86.37,18.42,48.32,0.18,110.11,Good,Good
-81.41,18.99,62.64,0.32,125.6,Good,Good
-90.14,16.49,90.77,0.94,173.26,Fair,Fair
-90.96,14.44,51.37,0.35,70.95,Fair,Fair
-88.46,17.35,57.35,0.68,104.7,Good,Good
-76.87,16.34,42.98,0.06,69.63,Good,Good
-88.18,14.79,76.0,0.4,146.45,Good,Good
-85.05,19.61,75.8,0.46,180.91,Good,Good
-80.35,18.82,48.7,0.54,97.66,Good,Good
-100.39,7.02,50.98,0.52,70.26,Fair,Fair
-85.93,17.26,90.72,1.31,229.08,Fair,Fair
-99.25,12.09,60.79,0.45,90.2,Fair,Fair
-102.66,7.29,77.82,0.56,120.31,Fair,Fair
-87.78,17.43,56.66,0.56,109.45,Good,Good
-107.95,4.65,88.69,0.93,131.33,Poor,Poor
-90.63,15.39,50.41,0.38,74.0,Good,Good
-103.87,4.08,66.8,0.87,74.9,Fair,Fair
-87.75,15.13,66.48,0.37,117.1,Good,Good
-89.15,14.88,64.88,0.28,104.09,Good,Good
-84.3,16.09,70.32,0.74,112.01,Good,Good
-92.2,15.71,94.19,0.81,205.88,Fair,Fair
-87.43,17.93,118.91,1.97,264.44,Fair,Fair
-89.76,13.79,80.88,0.38,205.87,Fair,Fair
-86.68,14.94,58.91,0.49,105.12,Good,Good
-96.02,11.04,78.21,0.83,88.38,Fair,Fair
-95.72,11.88,102.75,1.05,204.31,Fair,Fair
-85.67,16.34,64.6,0.35,80.91,Good,Good
-101.01,9.09,51.24,0.66,53.67,Fair,Fair
-90.85,17.16,84.25,0.57,173.97,Fair,Fair
-105.74,3.97,123.98,3.54,87.62,Poor,Poor
-82.02,17.55,44.65,0.25,80.89,Good,Good
-92.49,13.84,80.37,0.94,193.37,Fair,Fair
-103.04,6.81,74.2,0.89,89.27,Fair,Fair
-83.0,15.53,59.03,0.64,107.57,Good,Good
-89.09,14.31,102.69,1.46,235.26,Fair,Fair
-106.45,7.1,67.04,0.54,96.96,Fair,Fair
-98.35,8.45,92.76,1.0,151.0,Fair,Fair
-86.77,15.74,93.02,1.14,178.98,Fair,Fair
-86.18,17.03,75.64,0.99,166.31,Good,Good
-88.45,16.03,85.28,0.88,187.8,Good,Good
-102.36,10.29,55.85,0.14,64.62,Fair,Fair
-93.13,17.13,77.85,1.2,174.07,Fair,Fair
-91.56,16.39,61.21,0.32,96.53,Good,Good
-99.92,10.06,87.82,1.27,184.29,Fair,Fair
-93.42,14.19,58.57,0.51,100.32,Fair,Fair
-91.37,15.06,83.34,0.68,173.14,Fair,Fair
-94.53,14.29,55.33,0.75,85.49,Fair,Fair
-99.34,12.91,51.92,0.0,80.89,Fair,Fair
-86.15,15.8,63.3,0.0,116.82,Good,Good
-90.7,17.63,98.45,0.83,231.12,Fair,Fair
-92.67,15.61,77.87,1.03,157.1,Fair,Fair
-85.51,17.65,103.4,1.27,251.83,Fair,Fair
-96.17,14.79,65.18,0.66,135.16,Fair,Fair
-89.24,16.54,63.69,0.41,113.68,Good,Good
-93.93,14.21,49.92,0.23,69.33,Fair,Fair
-98.14,15.18,40.5,0.2,59.08,Good,Good
-92.15,16.36,103.33,1.34,243.0,Fair,Fair
-91.68,14.19,64.19,0.26,114.77,Fair,Fair
-100.76,8.99,51.86,0.19,61.51,Fair,Fair
-89.57,12.28,87.9,0.84,167.8,Fair,Fair
-92.92,17.25,69.42,0.87,135.22,Good,Good
-94.34,13.85,82.21,0.4,176.64,Fair,Fair
-106.16,7.58,64.58,0.28,115.84,Fair,Fair
-88.57,13.75,87.43,0.71,186.17,Fair,Fair
-106.15,7.77,50.94,0.38,72.32,Fair,Fair
-91.13,16.6,68.97,0.74,153.83,Good,Good
-89.81,15.68,72.9,0.66,134.72,Good,Good
-92.1,14.63,119.73,1.54,244.02,Fair,Fair
-85.52,17.13,83.38,0.12,175.37,Good,Good
-84.25,20.91,58.86,0.11,130.43,Good,Good
-92.45,10.04,95.7,1.3,166.0,Fair,Fair
-89.51,14.83,99.83,0.77,225.55,Fair,Fair
-87.18,16.89,56.9,0.05,94.85,Good,Good
-101.11,6.67,47.0,0.22,54.98,Fair,Fair
-91.04,13.13,75.87,0.58,129.39,Fair,Fair
-102.93,7.14,45.0,0.62,29.76,Fair,Fair
-88.69,15.45,71.34,1.08,132.29,Good,Good
-95.01,10.27,110.78,0.8,200.04,Fair,Fair
-87.71,18.08,90.92,0.61,215.69,Good,Good
-105.72,5.8,83.34,0.67,123.9,Poor,Poor
-100.52,11.24,101.18,1.44,191.05,Fair,Fair
-85.75,16.59,88.02,0.96,205.6,Good,Good
-99.58,10.89,63.8,0.49,109.22,Fair,Fair
-89.99,15.44,103.28,1.64,240.2,Fair,Fair
-82.13,15.33,105.76,1.7,234.57,Fair,Fair
-92.15,16.81,63.3,0.72,126.11,Good,Good
-84.8,16.01,55.53,0.03,86.45,Good,Good
-88.34,14.56,128.47,1.89,273.25,Fair,Fair
-88.96,13.83,121.29,1.33,273.82,Fair,Fair
-113.19,9.14,169.19,3.47,103.58,Poor,Poor
-86.12,17.9,62.76,0.0,103.21,Good,Good
-93.43,16.14,56.57,0.41,126.11,Good,Good
-97.23,12.04,65.26,0.65,103.59,Fair,Fair
-94.44,10.54,72.1,0.52,131.4,Fair,Fair
-86.01,13.93,108.27,1.84,221.18,Fair,Fair
-87.05,16.44,79.61,0.83,157.0,Good,Good
-101.78,11.75,78.95,5.1,27.12,Poor,Poor
-96.31,10.02,96.08,1.17,159.45,Fair,Fair
-84.81,16.79,92.35,0.95,179.61,Good,Good
-105.41,5.86,58.85,0.3,52.38,Fair,Fair
-89.73,14.59,54.92,0.29,75.7,Good,Good
-88.81,15.91,55.63,0.34,106.75,Good,Good
-89.31,18.13,51.98,0.0,63.59,Good,Good
-96.46,10.54,41.07,0.0,56.28,Fair,Fair
-96.96,12.35,95.52,1.4,181.35,Fair,Fair
-100.6,7.27,58.67,0.33,85.53,Fair,Fair
-90.49,15.58,94.19,0.64,213.04,Fair,Fair
-86.54,14.91,62.18,0.33,110.07,Good,Good
-102.31,7.87,46.43,0.37,52.88,Fair,Fair
-92.36,18.73,45.62,0.0,90.7,Good,Good
-93.88,14.97,101.42,1.08,198.69,Fair,Fair
-96.68,11.59,86.82,0.92,144.52,Fair,Fair
-87.62,20.66,66.84,0.49,130.38,Good,Good
-88.01,17.4,55.43,0.11,118.43,Good,Good
-102.03,8.48,60.62,0.42,73.59,Fair,Fair
-96.33,10.39,71.08,0.14,110.01,Fair,Fair
-92.14,14.32,55.37,0.35,92.7,Fair,Fair
-104.05,5.64,57.62,0.4,72.15,Fair,Fair
-97.2,10.98,76.01,0.67,137.86,Fair,Fair
-91.42,10.08,105.68,1.36,186.32,Fair,Fair
-86.96,14.71,108.69,1.53,250.83,Fair,Fair
-89.28,14.37,85.55,1.15,171.59,Fair,Fair
-91.87,11.75,106.02,1.43,214.73,Fair,Fair
-92.71,16.45,112.14,1.38,261.11,Fair,Fair
-91.14,16.27,131.47,1.28,280.78,Fair,Fair
-92.6,15.13,81.74,0.34,210.14,Fair,Fair
-91.8,14.83,62.73,0.0,87.13,Fair,Fair
-96.34,4.65,76.0,0.98,86.88,Fair,Fair
-86.8,17.8,110.22,1.62,249.14,Fair,Fair
-81.44,17.18,91.9,0.99,235.02,Good,Good
-83.07,18.18,84.98,0.6,132.95,Good,Good
-82.22,18.97,80.9,1.05,182.25,Fair,Fair
-90.26,13.22,96.08,0.89,173.89,Fair,Fair
-86.38,19.4,62.43,0.46,117.75,Good,Good
-96.81,10.2,128.14,7.93,110.6,Poor,Poor
-92.42,16.25,52.37,0.0,126.46,Good,Good
-102.15,11.94,56.12,0.34,89.61,Fair,Fair
-82.29,18.48,59.02,0.03,107.72,Good,Good
-84.97,16.03,97.91,1.36,213.29,Fair,Fair
-91.17,16.17,48.94,0.02,91.68,Good,Good
-102.68,5.9,55.61,0.38,59.46,Fair,Fair
-103.86,9.74,61.13,0.46,105.9,Fair,Fair
-101.16,10.26,98.43,0.85,179.53,Fair,Fair
-92.94,16.21,88.39,0.76,199.62,Fair,Fair
-92.42,16.44,82.31,0.77,174.17,Fair,Fair
-92.47,13.68,103.92,1.0,241.5,Fair,Fair
-107.36,7.52,78.12,0.2,107.23,Fair,Fair
-93.06,13.83,74.67,0.5,173.01,Fair,Fair
-96.38,13.09,54.67,0.45,92.82,Fair,Fair
-86.12,18.15,67.36,0.39,173.73,Good,Good
-88.22,14.28,73.71,0.95,144.5,Good,Good
-89.54,16.74,94.39,1.13,215.04,Fair,Fair
-89.98,15.56,114.99,1.75,256.72,Fair,Fair
-89.61,14.69,64.68,0.3,117.85,Good,Good
-91.51,15.95,70.06,1.09,125.52,Fair,Fair
-87.94,18.88,87.83,0.96,214.02,Good,Good
-88.09,15.62,51.73,0.28,83.8,Good,Good
-89.55,16.9,55.06,0.04,86.15,Good,Good
-96.48,12.44,75.89,0.88,123.66,Fair,Fair
-87.4,21.21,76.07,0.69,133.13,Good,Good
-102.79,6.64,88.86,1.1,140.14,Poor,Poor
-95.59,12.25,72.14,0.3,126.13,Fair,Fair
-92.61,9.88,68.58,1.06,96.86,Fair,Fair
-90.48,13.88,59.35,0.33,110.49,Fair,Fair
-97.87,13.66,91.26,1.0,179.28,Fair,Fair
-91.33,15.14,109.56,1.59,233.34,Fair,Fair
-92.11,14.14,79.98,0.83,175.03,Fair,Fair
-82.53,16.28,99.57,1.45,203.23,Fair,Fair
-101.81,5.27,90.31,0.76,121.18,Fair,Fair
-88.72,15.13,57.71,0.65,100.33,Good,Good
-101.5,14.54,61.25,0.0,111.76,Fair,Fair
-96.13,11.43,71.88,0.9,116.41,Fair,Fair
-107.76,4.26,87.2,0.99,111.94,Poor,Poor
-86.97,14.29,55.68,0.48,77.67,Good,Good
-102.52,9.62,53.3,0.26,49.8,Fair,Fair
-98.04,11.89,70.4,0.82,137.43,Fair,Fair
-88.53,16.72,83.78,0.48,167.9,Good,Good
-88.93,17.55,85.32,1.12,186.74,Fair,Fair
-85.63,14.43,80.67,0.69,146.82,Fair,Fair
-87.34,14.67,56.08,0.33,103.69,Good,Good
-91.63,12.36,49.2,0.0,50.76,Fair,Fair
-91.61,15.48,80.71,0.95,166.34,Fair,Fair
-90.43,17.13,125.55,1.92,312.97,Fair,Fair
-91.95,14.75,65.3,0.67,114.85,Fair,Fair
-93.02,10.82,80.17,0.77,147.98,Fair,Fair
-93.31,12.36,97.58,0.82,190.18,Fair,Fair
-90.72,16.91,54.82,0.33,107.5,Good,Good
-98.87,9.52,95.67,1.25,171.79,Poor,Poor
-84.18,17.61,60.63,0.69,99.89,Good,Good
-87.2,15.33,80.22,0.82,156.47,Good,Good
-80.67,17.83,90.84,0.85,221.36,Good,Good
-96.04,13.33,63.63,0.95,83.34,Fair,Fair
-83.65,15.69,72.72,0.8,90.55,Good,Good
-89.69,14.79,101.88,1.38,227.41,Fair,Fair
-91.35,14.51,113.36,1.19,241.0,Fair,Fair
-95.67,14.55,102.91,1.12,224.91,Fair,Fair
-102.64,8.67,47.5,0.0,58.89,Fair,Fair
-99.71,4.5,32.77,0.96,28.02,Fair,Fair
-91.66,17.29,58.46,0.41,99.32,Good,Good
-102.34,5.3,91.32,0.76,123.52,Fair,Fair
-104.17,5.52,69.67,0.6,101.53,Fair,Fair
-95.61,16.3,60.04,0.44,124.45,Good,Good
-106.42,5.1,53.72,0.55,43.88,Poor,Poor
-87.35,15.72,38.87,0.59,62.42,Good,Good
-81.71,16.34,99.29,1.2,231.51,Fair,Fair
-96.56,9.07,77.14,0.71,110.76,Fair,Fair
-92.34,13.19,109.97,1.35,243.35,Fair,Fair
-103.81,9.47,106.36,1.35,184.22,Poor,Poor
-82.89,19.45,56.65,0.0,120.02,Good,Good
-92.78,15.0,72.88,0.8,131.91,Good,Good
-83.77,17.47,65.78,0.78,101.15,Good,Good
-104.0,6.31,60.12,0.75,72.0,Fair,Fair
-97.35,16.54,94.47,0.79,200.78,Fair,Fair
-90.28,14.14,92.88,0.92,169.49,Fair,Fair
-93.88,17.02,47.78,0.09,106.11,Good,Good
-87.29,17.47,84.96,1.06,212.98,Fair,Fair
-100.87,10.13,87.09,0.77,151.68,Fair,Fair
-97.63,8.9,53.42,0.48,72.04,Fair,Fair
-107.46,9.05,73.16,0.81,100.99,Fair,Fair
-88.28,17.37,67.72,0.95,148.71,Good,Good
-95.4,14.2,54.59,0.65,78.26,Fair,Fair
-83.61,16.06,92.64,0.78,190.01,Good,Good
-94.43,14.79,85.82,1.19,159.86,Fair,Fair
-91.2,13.18,104.77,0.98,222.07,Fair,Fair
-99.54,12.4,84.08,1.05,157.52,Fair,Fair
-92.24,15.17,59.39,0.48,98.63,Good,Good
-82.57,16.67,77.19,0.26,145.77,Good,Good
-93.4,13.35,117.71,1.31,247.78,Fair,Fair
-100.22,7.02,49.81,0.22,52.28,Fair,Fair
-86.45,18.01,94.77,1.52,223.06,Fair,Fair
-94.88,13.34,68.32,0.21,93.09,Fair,Fair
-90.76,13.57,87.24,0.74,163.72,Fair,Fair
-88.82,16.74,91.97,1.52,217.69,Fair,Fair
-98.05,6.99,59.03,0.8,97.82,Fair,Fair
-95.66,13.74,89.8,0.98,188.93,Fair,Fair
-95.54,14.13,87.14,0.89,173.82,Fair,Fair
-92.47,14.91,59.56,0.48,110.96,Fair,Fair
-103.04,8.0,58.8,0.21,68.48,Fair,Fair
-106.88,7.24,83.44,0.5,139.85,Poor,Poor
-90.88,15.72,93.01,0.94,224.82,Fair,Fair
-105.15,6.86,57.93,0.32,60.04,Fair,Fair
-82.66,15.39,113.54,1.32,269.02,Fair,Fair
-99.89,10.6,70.91,0.78,103.76,Fair,Fair
-103.5,10.25,61.18,0.56,88.48,Fair,Fair
-100.01,13.85,58.19,0.47,93.8,Fair,Fair
-103.81,6.96,72.65,0.8,134.96,Fair,Fair
-85.43,15.81,101.01,1.2,190.23,Fair,Fair
-95.57,9.9,99.93,0.92,174.84,Fair,Fair
-94.32,11.95,54.53,0.22,72.35,Fair,Fair
-95.84,11.74,129.47,1.8,252.45,Fair,Fair
-84.62,15.21,49.77,0.69,75.78,Good,Good
-96.86,11.34,85.07,0.61,139.36,Fair,Fair
-84.65,18.04,68.31,0.79,143.73,Good,Good
-87.09,17.61,52.44,0.04,96.55,Good,Good
-104.51,6.97,85.79,1.26,115.34,Poor,Poor
-88.93,12.85,60.24,0.3,79.89,Good,Good
-105.72,8.09,79.01,1.05,130.67,Poor,Poor
-87.96,17.95,59.04,0.75,97.63,Good,Good
-102.4,9.77,83.73,0.69,124.97,Fair,Fair
-81.22,18.85,107.83,1.17,293.67,Fair,Fair
-90.12,15.73,92.53,1.37,158.33,Fair,Fair
-82.97,16.26,84.31,0.99,170.99,Good,Good
-105.24,11.37,54.38,0.62,45.34,Fair,Fair
-102.46,8.59,54.87,0.2,82.03,Fair,Fair
-105.94,8.05,45.58,0.53,49.14,Poor,Poor
-85.03,16.15,63.05,0.5,100.28,Good,Good
-98.07,12.1,64.13,0.72,96.96,Fair,Fair
-90.55,12.87,61.76,0.2,102.03,Fair,Fair
-96.54,12.27,60.73,0.99,93.75,Fair,Fair
-89.22,14.96,55.26,0.35,73.72,Good,Good
-89.78,15.94,126.58,1.48,300.42,Fair,Fair
-91.05,16.26,73.61,0.66,138.28,Good,Good
-100.5,9.06,104.55,1.08,158.91,Poor,Poor
-97.59,13.1,60.4,0.79,78.69,Fair,Fair
-94.75,16.2,85.49,0.88,180.61,Fair,Fair
-95.54,13.04,57.16,0.38,92.61,Fair,Fair
-94.32,10.95,69.39,0.86,109.58,Fair,Fair
-103.68,7.73,60.75,0.73,80.56,Fair,Fair
-101.96,10.13,47.78,0.57,65.25,Fair,Fair
-89.37,15.49,69.65,0.29,109.09,Good,Good
-88.5,14.89,54.78,0.52,101.73,Good,Good
-84.38,16.98,42.26,0.0,77.85,Good,Good
-108.04,5.49,66.76,0.17,93.18,Fair,Fair
-93.47,14.79,74.83,1.06,140.49,Fair,Fair
-85.54,17.51,79.14,0.54,174.54,Good,Good
-95.56,11.4,76.03,0.42,117.2,Fair,Fair
-87.2,16.84,77.7,1.03,184.32,Good,Good
-92.27,14.47,95.11,1.69,213.3,Fair,Fair
-90.28,15.58,48.4,0.38,45.14,Fair,Good
-87.85,13.9,119.88,1.34,251.46,Fair,Fair
-99.95,10.08,114.24,1.59,204.55,Fair,Fair
-90.2,13.25,82.33,0.9,186.85,Fair,Fair
-86.44,14.11,88.4,1.17,183.13,Fair,Fair
-93.72,14.27,74.03,0.78,160.43,Fair,Fair
-88.72,14.81,57.31,0.41,83.62,Good,Good
-91.29,15.87,71.76,0.53,118.96,Good,Good
-86.79,13.72,63.91,0.44,98.76,Good,Good
-84.39,17.54,97.16,1.1,208.76,Fair,Fair
-105.44,8.18,63.43,0.08,80.61,Fair,Fair
-100.38,6.1,65.44,1.15,72.95,Fair,Fair
-94.01,12.63,57.43,0.19,90.08,Fair,Fair
-90.43,17.99,80.95,1.0,160.48,Fair,Fair
-105.57,7.74,85.92,0.48,131.23,Poor,Poor
-92.29,15.51,59.36,0.16,119.39,Good,Good
-92.39,14.96,122.21,1.7,252.76,Fair,Fair
-86.99,17.89,50.68,0.0,82.72,Good,Good
-102.21,6.6,66.58,0.68,88.5,Fair,Fair
-88.5,13.59,89.99,0.86,141.4,Fair,Fair
-97.73,10.55,90.04,1.12,147.86,Fair,Fair
-94.41,14.1,56.76,0.48,82.72,Fair,Fair
-101.43,6.11,66.44,0.87,78.51,Fair,Fair
-101.13,5.65,67.21,0.7,82.57,Fair,Fair
-88.42,14.26,118.88,1.62,235.81,Fair,Fair
-105.24,8.21,68.54,0.3,107.77,Fair,Fair
-87.83,15.95,42.5,0.28,95.57,Good,Good
-89.2,13.58,77.19,0.4,134.98,Good,Good
-96.73,10.69,71.13,0.88,107.6,Fair,Fair
-103.64,8.64,71.36,0.65,114.59,Fair,Fair
-91.1,16.42,113.75,1.37,282.76,Fair,Fair
-96.89,11.25,68.2,0.66,110.16,Fair,Fair
-102.96,6.12,63.88,0.3,62.1,Fair,Fair
-92.35,14.17,58.76,0.7,120.78,Fair,Fair
-105.24,6.53,54.26,0.42,62.63,Fair,Fair
-92.42,15.85,72.78,0.73,162.84,Good,Good
-92.44,16.32,83.56,1.19,180.06,Fair,Fair
-89.56,13.97,115.95,1.67,252.16,Fair,Fair
-82.7,17.5,89.47,0.91,219.19,Good,Good
-109.94,6.96,75.13,0.99,101.78,Fair,Fair
-104.99,8.08,59.19,0.71,67.77,Fair,Fair
-101.83,7.19,74.48,0.62,114.58,Fair,Fair
-98.81,8.62,49.44,0.12,44.94,Fair,Fair
-85.44,13.27,83.43,0.88,138.97,Fair,Fair
-88.59,16.77,62.22,0.27,82.57,Good,Good
-92.02,15.94,67.96,0.55,104.37,Good,Good
-84.46,14.83,74.93,0.78,141.82,Good,Good
-105.39,5.69,73.26,0.4,91.53,Fair,Fair
-95.83,13.59,110.12,1.11,215.1,Fair,Fair
-107.68,6.85,73.45,0.8,91.22,Fair,Fair
-91.12,12.51,93.08,0.56,180.71,Fair,Fair
-88.73,11.67,86.58,1.0,175.1,Fair,Fair
-101.62,8.7,50.19,0.26,44.05,Fair,Fair
-103.56,10.58,44.07,0.0,44.95,Fair,Fair
-92.41,12.6,77.98,0.49,148.03,Fair,Fair
-102.44,8.28,69.37,0.62,91.35,Fair,Fair
-91.78,16.24,92.1,1.0,194.63,Fair,Fair
-88.19,14.18,64.13,0.64,131.55,Good,Good
-96.74,12.18,96.7,1.0,163.32,Fair,Fair
-94.58,15.11,52.11,0.43,90.77,Good,Good
-84.09,16.63,89.6,0.69,197.96,Good,Good
-89.11,19.79,70.29,0.79,164.25,Good,Good
-103.65,12.3,85.76,0.77,165.91,Fair,Fair
-86.49,19.3,92.43,1.0,219.85,Good,Good
-87.13,16.51,120.57,1.39,265.65,Fair,Fair
-98.31,14.79,83.39,0.46,158.35,Fair,Fair
-87.32,15.59,100.88,1.33,217.67,Fair,Fair
-84.51,17.22,87.34,0.78,200.46,Good,Good
-97.61,10.44,70.25,0.77,126.17,Fair,Fair
-83.46,17.85,54.62,0.35,111.32,Good,Good
-80.4,15.29,93.32,1.23,207.85,Fair,Fair
-89.12,17.73,62.75,0.25,111.66,Good,Good
-91.0,14.71,95.34,1.34,180.09,Fair,Fair
-100.93,7.49,50.25,0.0,45.7,Fair,Fair
-99.32,12.1,115.34,1.44,232.66,Fair,Fair
-99.18,10.88,52.91,0.39,57.67,Fair,Fair
-86.41,17.49,55.04,0.2,97.68,Good,Good
-96.16,11.83,56.83,0.25,68.18,Fair,Fair
-86.69,17.14,59.34,0.33,95.46,Good,Good
-85.63,17.02,64.63,0.94,122.85,Good,Good
-92.45,11.79,102.65,1.26,204.27,Fair,Fair
-84.19,17.83,57.48,0.37,120.33,Good,Good
-106.33,6.03,80.87,0.94,117.33,Poor,Poor
-85.0,18.02,69.77,0.86,161.38,Good,Good
-91.5,13.63,62.93,0.14,133.13,Fair,Fair
-93.01,14.97,121.79,1.35,260.31,Fair,Fair
-92.45,15.61,70.13,0.47,126.85,Good,Good
-95.57,12.39,92.68,1.39,167.52,Fair,Fair
-90.55,14.08,84.55,0.41,139.65,Fair,Fair
-91.0,12.29,110.51,1.52,196.6,Fair,Fair
-102.31,9.79,96.31,6.02,70.65,Poor,Poor
-97.28,10.54,86.62,0.68,148.97,Fair,Fair
-105.56,5.24,87.95,0.99,123.85,Poor,Poor
-96.11,13.7,63.7,0.68,103.08,Fair,Fair
-99.05,10.64,88.09,1.25,142.76,Fair,Fair
-103.58,6.14,78.87,1.03,92.76,Fair,Fair
-88.24,14.95,85.99,0.71,162.13,Fair,Fair
-104.07,6.91,83.37,1.19,107.86,Poor,Poor
-87.78,15.08,89.77,0.82,180.74,Good,Good
-100.22,8.04,101.4,1.18,153.09,Poor,Poor
-86.9,14.9,56.82,0.39,75.19,Good,Good
-101.49,6.33,98.11,0.52,123.77,Fair,Fair
-90.91,16.57,79.07,0.73,177.08,Good,Good
-92.23,15.14,110.41,1.29,237.45,Fair,Fair
-88.61,15.51,48.63,0.41,85.17,Good,Good
-90.32,17.46,40.94,0.58,78.85,Good,Good
-84.43,15.82,99.45,1.5,215.3,Fair,Fair
-86.06,17.72,102.41,1.58,246.38,Fair,Fair
-82.13,17.29,67.46,0.62,144.71,Good,Good
-93.93,14.43,122.46,1.38,267.79,Fair,Fair
-102.05,3.27,76.98,0.94,91.93,Fair,Fair
-92.31,12.01,62.6,0.42,97.57,Fair,Fair
-90.33,14.07,56.43,0.0,82.63,Fair,Fair
-87.28,16.13,100.06,1.23,189.67,Fair,Fair
-84.85,16.35,111.93,1.35,276.01,Fair,Fair
-87.77,17.96,66.01,0.0,151.93,Good,Good
-92.76,11.19,70.57,1.12,94.13,Fair,Fair
-90.89,13.48,78.23,0.62,131.95,Fair,Fair
-88.77,17.76,60.28,0.32,131.29,Good,Good
-100.33,12.22,89.15,0.74,162.79,Fair,Fair
-91.33,14.61,91.24,0.89,205.35,Fair,Fair
-91.43,17.29,92.08,1.22,231.26,Fair,Fair
-86.61,14.36,82.11,0.8,137.85,Fair,Fair
-88.79,17.81,53.65,0.47,111.18,Good,Good
-90.27,14.08,97.75,1.32,191.29,Fair,Fair
-91.75,11.6,92.72,0.93,165.0,Fair,Fair
-89.47,17.36,71.41,0.78,135.07,Good,Good
-90.53,15.74,63.4,0.0,126.76,Good,Good
-91.74,18.48,80.86,0.61,189.37,Fair,Fair
-83.2,16.84,98.25,0.92,209.06,Good,Good
-91.77,13.7,59.59,0.27,87.61,Fair,Fair
-92.0,14.81,99.83,1.68,185.7,Fair,Fair
-88.2,15.02,86.72,0.74,150.94,Good,Good
-91.12,13.28,92.59,1.41,202.42,Fair,Fair
-87.17,16.99,47.9,0.58,91.79,Good,Good
-91.57,20.24,48.62,0.26,82.08,Good,Good
-100.13,8.85,109.03,1.3,192.75,Poor,Poor
-85.65,17.45,84.0,0.55,171.0,Good,Good
-93.37,13.43,51.72,0.0,73.38,Fair,Fair
-102.42,7.06,83.08,1.08,105.1,Poor,Poor
-88.62,18.29,50.57,0.28,73.17,Good,Good
-99.19,11.04,70.32,0.57,107.61,Fair,Fair
-100.24,10.92,55.59,0.23,81.14,Fair,Fair
-98.65,15.1,78.32,0.84,154.5,Good,Good
-97.41,15.07,49.25,0.3,91.66,Good,Good
-83.32,20.74,65.99,0.66,129.69,Good,Good
-101.03,9.79,66.02,0.78,98.96,Fair,Fair
-89.03,17.93,55.78,0.39,104.65,Good,Good
-87.84,17.57,49.4,0.06,92.96,Good,Good
-97.78,11.08,83.81,0.83,130.75,Fair,Fair
-83.52,17.02,92.15,0.98,200.47,Good,Good
-90.68,13.04,98.9,1.32,208.5,Fair,Fair
-92.07,14.61,92.04,1.12,189.71,Fair,Fair
-93.65,13.87,42.43,0.7,37.13,Fair,Fair
-91.37,13.88,61.65,0.38,98.97,Fair,Fair
-83.48,15.95,56.22,0.29,91.78,Good,Good
-93.12,14.92,49.66,0.55,86.63,Fair,Fair
-105.79,5.36,64.55,0.35,91.19,Fair,Fair
-97.1,17.07,76.96,0.55,170.5,Good,Good
-88.05,18.12,66.96,0.45,148.3,Good,Good
-90.78,16.98,87.01,0.71,220.36,Fair,Fair
-105.3,8.16,80.46,0.87,122.82,Poor,Poor
-88.57,13.98,82.76,0.7,155.05,Fair,Fair
-87.27,18.68,94.18,1.29,256.24,Fair,Fair
-88.54,14.87,48.16,0.01,57.56,Good,Good
-90.0,17.94,112.2,1.34,255.34,Fair,Fair
-101.05,4.64,56.63,0.41,63.11,Fair,Fair
-85.02,16.36,69.73,0.56,135.73,Good,Good
-82.77,16.66,100.29,1.17,228.3,Fair,Fair
-98.29,14.99,112.59,1.32,256.12,Fair,Fair
-102.46,10.28,104.25,1.25,207.36,Fair,Fair
-91.84,14.31,73.24,0.68,128.16,Fair,Fair
-91.77,14.48,91.54,0.44,173.31,Fair,Fair
-90.44,14.44,56.56,0.54,88.21,Fair,Fair
-88.29,15.14,70.1,0.45,127.52,Good,Good
-98.96,12.87,66.4,0.69,127.34,Fair,Fair
-93.38,11.69,55.25,0.28,65.76,Fair,Fair
-96.19,12.26,87.51,0.69,158.09,Fair,Fair
-92.82,13.77,101.48,1.08,204.43,Fair,Fair
-98.47,7.97,44.2,0.57,52.23,Fair,Fair
-105.24,5.88,77.71,0.59,94.7,Fair,Fair
-96.56,14.13,73.39,0.18,160.47,Fair,Fair
-96.3,13.63,96.6,0.87,176.89,Fair,Fair
-82.12,16.13,49.77,0.15,79.43,Good,Good
-97.11,16.02,58.45,0.63,110.01,Good,Good
-85.74,15.9,104.91,1.83,233.94,Fair,Fair
-90.04,13.56,56.32,0.35,96.54,Fair,Fair
-97.16,12.7,48.41,0.23,73.03,Fair,Fair
-85.74,19.2,97.79,1.04,268.0,Fair,Fair
-93.77,15.13,67.28,0.16,111.07,Good,Good
-106.34,6.86,88.31,1.25,119.41,Poor,Poor
-94.98,12.09,42.79,0.27,46.43,Fair,Fair
-101.03,5.93,54.55,0.3,70.12,Fair,Fair
-90.77,15.34,109.96,1.5,233.65,Fair,Fair
-105.22,5.21,98.46,0.99,133.14,Poor,Poor
-97.9,12.84,73.55,0.91,103.19,Fair,Fair
-104.23,7.43,67.04,0.6,86.9,Fair,Fair
-99.08,7.36,59.21,0.54,67.28,Fair,Fair
-79.88,16.86,72.04,0.45,143.72,Good,Good
-117.24,5.93,142.61,3.57,105.16,Poor,Poor
-94.92,14.24,72.98,0.86,129.48,Fair,Fair
-102.48,12.45,91.56,0.92,169.64,Fair,Fair
-87.03,16.62,62.39,0.59,115.64,Good,Good
-84.84,15.58,76.15,0.68,159.01,Good,Good
-89.95,15.42,94.57,1.01,184.33,Fair,Fair
-103.36,13.52,88.29,0.61,161.52,Fair,Fair
-103.31,7.25,79.68,0.73,102.25,Fair,Fair
-92.67,15.16,64.79,0.44,100.39,Good,Good
-90.3,17.72,59.7,0.51,109.31,Good,Good
-91.53,13.42,115.67,1.72,261.53,Fair,Fair
-96.52,13.53,69.18,0.33,110.7,Fair,Fair
-106.15,5.43,82.44,0.72,105.27,Poor,Poor
-98.78,12.83,80.56,0.96,203.26,Fair,Fair
-96.15,13.7,77.25,0.74,157.98,Fair,Fair
-89.45,14.87,53.79,0.45,114.99,Good,Good
-92.2,14.25,118.07,1.04,242.74,Fair,Fair
-96.98,4.87,39.49,0.37,35.75,Fair,Fair
-96.8,12.52,92.47,0.8,177.69,Fair,Fair
-89.67,16.6,68.34,0.38,109.0,Good,Good
-105.64,7.95,56.22,0.0,45.94,Poor,Poor
-103.58,7.59,51.36,0.93,47.76,Fair,Fair
-104.18,6.04,37.08,0.31,24.89,Fair,Fair
-99.34,12.82,57.25,0.88,60.98,Fair,Fair
-93.55,14.35,91.27,0.87,185.13,Fair,Fair
-94.04,13.11,80.7,0.58,141.62,Fair,Fair
-101.11,10.97,80.75,1.07,112.9,Fair,Fair
-94.98,11.46,66.14,0.42,130.91,Fair,Fair
-96.84,14.97,63.53,0.78,98.84,Fair,Fair
-108.65,6.18,61.97,1.24,76.66,Poor,Poor
-99.85,11.11,85.5,0.91,139.72,Fair,Fair
-91.62,16.02,64.34,0.45,109.55,Good,Good
-81.42,20.21,58.81,0.34,91.2,Good,Good
-96.19,12.3,53.5,0.11,69.22,Fair,Fair
-86.13,17.3,73.57,0.87,138.09,Good,Good
-101.1,7.34,83.79,0.72,145.53,Fair,Fair
-102.2,6.09,85.66,0.93,97.15,Fair,Fair
-89.2,18.26,91.67,0.99,175.58,Good,Good
-88.98,13.85,53.35,0.15,76.08,Good,Good
-91.78,14.37,61.69,0.34,84.91,Fair,Fair
-106.7,9.17,60.54,0.59,63.12,Fair,Fair
-85.33,15.95,81.2,0.59,174.27,Good,Good
-91.55,16.83,55.91,0.25,88.32,Good,Good
-92.62,13.19,95.19,0.9,243.11,Fair,Fair
-85.84,17.97,81.34,0.9,182.61,Good,Good
-104.2,8.2,52.61,0.47,65.49,Fair,Fair
-103.24,8.52,55.92,0.27,65.95,Fair,Fair
-81.07,20.95,57.98,0.23,155.34,Good,Good
-95.32,13.1,114.52,1.41,251.04,Fair,Fair
-106.66,6.27,68.96,0.54,108.5,Fair,Fair
-86.38,15.94,101.11,1.42,237.56,Fair,Fair
-91.92,17.6,58.04,0.49,134.05,Good,Good
-91.75,14.94,90.77,0.9,164.29,Fair,Fair
-84.76,16.3,61.31,0.2,81.66,Good,Good
-84.37,16.86,94.47,1.28,196.16,Fair,Fair
-91.22,15.17,85.6,0.81,173.39,Fair,Fair
-98.39,7.25,42.38,0.0,26.29,Fair,Fair
-83.85,15.84,96.96,1.43,210.95,Fair,Fair
-87.19,18.47,73.32,1.01,140.67,Good,Good
-94.98,9.01,67.51,0.53,77.21,Fair,Fair
-96.06,11.3,52.69,0.61,74.64,Fair,Fair
-84.17,16.0,71.42,0.33,127.81,Good,Good
-102.0,5.37,132.87,3.38,80.16,Poor,Poor
-96.7,13.14,64.27,0.48,97.78,Fair,Fair
-92.39,16.34,82.35,0.76,174.4,Fair,Fair
-104.99,7.18,55.62,0.07,75.96,Fair,Fair
-87.81,17.05,73.78,0.45,107.61,Good,Good
-99.41,10.43,82.2,1.28,136.04,Fair,Fair
-88.9,14.73,74.8,0.69,152.43,Good,Good
-84.86,14.86,63.92,0.38,111.28,Good,Good
-97.18,8.81,66.75,0.57,98.29,Fair,Fair
-101.5,12.55,86.34,1.54,146.27,Fair,Fair
-87.93,13.87,75.01,1.08,117.26,Fair,Fair
-92.75,12.58,108.19,1.35,213.66,Fair,Fair
-105.74,10.42,66.99,0.56,93.48,Fair,Fair
-97.41,10.58,80.86,0.72,136.72,Fair,Fair
-89.26,15.77,75.52,0.93,134.67,Good,Good
-100.99,11.97,76.17,0.61,112.11,Fair,Fair
-102.35,8.2,75.64,1.14,124.03,Fair,Fair
-86.02,15.05,78.22,0.93,175.86,Good,Good
-83.04,16.68,104.14,1.16,213.93,Fair,Fair
-101.09,10.46,100.89,1.13,172.7,Fair,Fair
-93.15,13.74,58.67,0.08,84.73,Fair,Fair
-98.48,12.53,66.94,0.63,70.01,Fair,Fair
-83.49,17.88,79.22,1.14,184.52,Good,Good
-95.77,13.15,85.15,0.82,165.63,Fair,Fair
-87.31,18.06,103.04,1.27,252.72,Fair,Fair
-102.1,4.05,59.56,0.41,51.82,Fair,Fair
-89.27,14.6,62.84,0.05,91.65,Good,Good
-92.25,14.4,63.29,0.59,123.07,Fair,Fair
-88.11,17.56,105.93,0.83,233.42,Good,Good
-94.56,9.72,86.32,1.22,142.36,Poor,Poor
-85.77,17.47,90.54,0.62,186.19,Good,Good
-103.25,6.1,48.74,0.0,44.96,Fair,Fair
-89.89,18.31,60.05,0.34,115.4,Good,Good
-99.55,8.79,102.22,1.32,161.22,Poor,Poor
-90.55,13.62,79.53,0.53,133.12,Fair,Fair
-109.05,9.42,50.64,0.55,64.67,Fair,Fair
-84.97,20.36,50.6,0.26,97.85,Good,Good
-89.69,15.5,65.33,1.07,105.62,Good,Good
-97.58,10.54,74.69,0.7,123.32,Fair,Fair
-86.02,16.08,49.36,0.0,84.2,Good,Good
-83.29,16.84,65.71,0.43,152.3,Good,Good
-104.36,6.18,72.0,1.02,91.14,Fair,Fair
-107.61,4.98,93.79,1.18,132.55,Poor,Poor
-104.19,12.21,50.85,0.17,73.82,Fair,Fair
-99.83,10.68,102.92,1.26,172.42,Fair,Fair
-103.51,6.82,82.75,0.46,111.61,Fair,Fair
-92.48,10.73,59.71,0.36,110.74,Fair,Fair
-90.79,16.48,74.36,0.55,122.21,Good,Good
-103.85,6.59,88.29,0.69,98.56,Fair,Fair
-86.24,16.38,86.03,1.08,205.67,Fair,Fair
-92.75,17.0,77.71,0.72,148.12,Good,Good
-99.59,8.41,65.05,0.21,81.18,Fair,Fair
-85.22,13.09,106.9,1.14,214.79,Fair,Fair
-85.87,15.61,94.63,0.91,210.51,Good,Good
-88.17,15.54,66.36,0.96,113.02,Good,Good
-89.96,15.44,118.91,1.36,265.91,Fair,Fair
-87.81,15.69,71.43,0.32,148.06,Good,Good
-89.02,19.09,95.81,1.17,239.85,Fair,Fair
-100.01,7.65,65.91,0.71,57.81,Fair,Fair
-92.89,14.38,55.64,0.51,76.02,Fair,Fair
-90.21,15.02,87.3,0.97,200.36,Fair,Fair
-108.48,6.66,54.49,0.0,55.89,Fair,Fair
-94.74,13.97,47.16,0.41,64.07,Fair,Fair
-87.73,12.27,70.33,0.33,132.37,Good,Good
-91.96,14.46,53.41,0.51,72.27,Fair,Fair
-95.09,15.65,70.77,0.61,153.43,Good,Good
-80.55,18.55,73.44,1.28,144.16,Good,Good
-95.37,13.5,100.78,1.33,202.83,Fair,Fair
-88.21,19.83,44.55,0.14,67.88,Good,Good
-85.46,13.38,77.7,0.9,139.63,Good,Good
-92.42,16.37,76.51,0.83,169.94,Good,Good
-101.74,11.35,61.32,0.53,87.73,Fair,Fair
-90.92,12.63,85.32,1.01,134.73,Fair,Fair
-95.87,14.81,56.71,0.2,93.61,Fair,Fair
-104.09,5.38,60.59,0.22,67.82,Fair,Fair
-103.53,14.56,125.69,5.28,116.86,Poor,Poor
-99.06,6.38,40.87,0.32,40.61,Fair,Fair
-80.12,19.52,64.5,0.78,122.69,Good,Good
-87.43,19.14,56.22,0.45,126.28,Good,Good
-107.53,6.21,78.51,0.78,88.87,Fair,Fair
-108.31,7.38,45.49,0.0,59.47,Fair,Fair
-99.13,14.52,41.27,0.31,71.52,Fair,Fair
-100.3,11.93,86.64,1.02,156.62,Fair,Fair
-86.51,14.62,103.08,0.79,218.24,Fair,Fair
-103.4,4.74,84.54,0.72,113.34,Fair,Fair
-88.39,16.22,73.48,1.02,144.7,Good,Good
-102.21,9.71,52.31,0.25,68.17,Fair,Fair
-98.58,13.2,52.29,0.43,85.68,Fair,Fair
-93.86,10.29,108.01,1.37,184.75,Fair,Fair
-91.98,14.36,53.83,0.06,99.54,Fair,Fair
-91.89,15.62,56.52,0.07,134.23,Good,Good
-86.26,16.16,82.69,0.83,181.89,Good,Good
-91.85,13.92,58.77,0.31,111.47,Fair,Fair
-100.42,6.81,58.32,0.0,85.62,Fair,Fair
-92.39,14.42,99.89,0.78,216.02,Fair,Fair
-90.11,15.81,90.12,1.06,189.4,Fair,Fair
-88.2,18.51,70.19,0.5,162.92,Good,Good
-92.74,10.44,79.17,0.68,127.75,Fair,Fair
-90.14,16.82,103.17,1.45,253.72,Fair,Fair
-83.8,18.47,67.17,1.04,123.89,Good,Good
-87.11,15.06,71.57,0.58,152.05,Good,Good
-98.48,13.16,65.68,0.19,111.61,Fair,Fair
-102.91,9.33,63.46,0.49,91.7,Fair,Fair
-84.66,17.85,53.54,0.22,96.94,Good,Good
-85.81,17.27,63.44,0.58,120.98,Good,Good
-91.26,14.19,96.46,1.01,189.17,Fair,Fair
-103.43,6.97,60.14,0.33,66.89,Fair,Fair
-87.91,16.4,76.46,0.41,125.41,Good,Good
-101.41,11.96,69.24,0.2,102.05,Fair,Fair
-100.02,12.61,76.03,0.27,139.53,Fair,Fair
-101.13,7.4,84.98,0.49,141.12,Fair,Fair
-108.43,7.89,86.93,4.84,60.32,Poor,Poor
-92.99,12.13,79.02,0.87,143.3,Fair,Fair
-88.59,16.51,81.33,0.52,169.12,Good,Good
-91.93,17.14,73.27,0.33,158.12,Good,Good
-89.52,19.53,58.84,0.37,89.68,Good,Good
-86.68,10.15,106.37,1.29,198.92,Fair,Fair
-91.98,11.84,74.49,0.76,136.11,Fair,Fair
-93.4,13.09,88.39,0.93,183.14,Fair,Fair
-107.56,6.74,65.08,0.72,85.16,Fair,Fair
-94.53,12.88,86.3,1.14,166.37,Fair,Fair
-96.6,12.2,51.43,0.15,75.9,Fair,Fair
-90.31,15.49,52.84,0.35,81.12,Good,Good
-93.3,15.09,71.33,0.65,109.0,Good,Good
-105.84,10.05,55.64,0.72,86.71,Fair,Fair
-97.69,8.65,66.12,0.53,88.96,Fair,Fair
-86.82,17.28,56.1,0.62,108.69,Good,Good
-100.27,7.02,62.22,0.82,80.7,Fair,Fair
-90.34,15.25,62.19,0.42,113.25,Good,Good
-96.81,13.4,57.32,0.39,57.5,Fair,Fair
-87.88,13.87,89.17,1.1,174.19,Fair,Fair
-82.91,16.3,47.28,0.06,84.8,Good,Good
-105.79,5.41,72.17,0.53,99.28,Fair,Fair
-90.5,14.84,74.42,0.7,133.52,Fair,Fair
-83.54,17.31,66.46,0.02,144.14,Good,Good
-98.95,10.55,99.54,1.07,156.0,Fair,Fair
-93.77,9.91,74.01,0.37,97.13,Fair,Fair
-79.32,18.75,56.77,0.59,100.38,Good,Good
-108.52,8.45,94.48,0.97,152.95,Poor,Poor
-90.68,16.05,122.29,2.21,274.31,Fair,Fair
-102.25,6.99,55.72,0.21,57.95,Fair,Fair
-89.88,16.86,87.76,0.81,186.77,Good,Good
-93.82,13.06,117.75,1.24,252.88,Fair,Fair
-87.86,18.14,54.67,0.49,87.98,Good,Good
-94.22,13.2,74.03,0.84,142.78,Fair,Fair
-91.55,12.21,86.03,0.92,197.7,Fair,Fair
-92.44,17.84,83.22,0.68,181.17,Fair,Fair
-94.65,10.63,40.8,0.01,44.52,Fair,Fair
-82.29,19.59,43.42,0.46,112.46,Good,Good
-92.4,16.12,105.28,1.26,248.09,Fair,Fair
-92.29,15.06,58.3,0.59,100.0,Good,Good
-88.19,16.58,53.55,0.57,97.8,Good,Good
-83.68,18.59,69.56,0.46,142.47,Good,Good
-94.24,14.1,53.7,0.25,75.63,Fair,Fair
-83.95,17.92,96.85,0.73,234.98,Good,Good
-102.3,8.66,51.96,0.32,53.4,Fair,Fair
-82.82,20.56,65.09,0.4,142.36,Good,Good
-93.25,13.27,117.2,1.4,235.21,Fair,Fair
-101.31,7.35,58.05,0.47,62.62,Fair,Fair
-104.18,4.26,76.06,0.61,89.04,Fair,Fair
-98.17,10.38,81.82,0.91,141.21,Fair,Fair
-88.73,14.93,94.52,0.7,206.85,Fair,Fair
-91.45,13.61,97.51,1.0,185.57,Fair,Fair
-87.69,17.22,98.99,1.59,213.43,Fair,Fair
-92.71,14.48,118.83,1.8,260.07,Fair,Fair
-87.07,17.87,85.0,0.99,221.96,Good,Good
-103.26,8.21,67.44,0.62,99.65,Fair,Fair
-83.16,16.69,86.41,0.81,170.13,Good,Good
-98.64,11.95,95.95,1.63,152.32,Fair,Fair
-104.12,5.08,87.93,1.12,104.73,Poor,Poor
-94.49,14.25,47.48,0.19,73.19,Fair,Fair
-103.26,8.03,51.71,0.29,75.92,Fair,Fair
-97.73,11.94,53.99,0.52,76.44,Fair,Fair
-92.6,15.86,86.42,0.78,186.5,Fair,Fair
-93.46,12.63,54.31,0.27,107.2,Fair,Fair
-93.32,15.06,89.2,1.03,207.88,Fair,Fair
-85.01,17.43,101.86,0.44,249.23,Good,Good
-86.25,14.51,59.89,0.0,98.55,Good,Good
-92.87,13.79,97.16,0.58,187.66,Fair,Fair
-83.26,18.4,89.06,0.45,186.93,Good,Good
-95.18,15.78,70.59,0.93,140.78,Good,Good
-91.03,14.53,97.16,1.41,178.4,Fair,Fair
-85.48,14.12,67.72,0.62,112.55,Good,Good
-94.51,13.29,115.65,1.13,249.63,Fair,Fair
-96.17,13.65,91.19,0.69,203.44,Fair,Fair
-90.78,16.58,47.98,0.55,66.96,Good,Good
-88.9,15.64,94.09,1.12,169.08,Fair,Fair
-100.79,11.97,61.34,0.53,69.96,Fair,Fair
-81.55,17.43,66.97,0.5,116.83,Good,Good
-79.35,20.81,50.7,0.46,107.01,Good,Good
-89.38,14.96,77.82,0.65,172.35,Good,Good
-101.91,7.72,53.37,0.49,63.0,Fair,Fair
-87.78,16.01,70.35,0.66,152.28,Good,Good
-89.75,15.15,63.77,0.58,103.65,Good,Good
-89.16,17.51,87.26,1.32,161.49,Fair,Fair
-105.77,7.01,66.24,0.58,107.76,Fair,Fair
-103.93,9.05,53.68,0.0,64.33,Fair,Fair
-90.32,17.41,116.76,1.31,286.53,Fair,Fair
-92.1,10.54,102.58,1.32,201.04,Fair,Fair
-99.62,13.97,61.19,0.14,110.36,Fair,Fair
-89.27,16.63,76.34,0.51,153.76,Good,Good
-109.69,8.3,48.11,0.56,43.54,Poor,Poor
-87.82,15.67,61.32,0.46,98.16,Good,Good
-89.41,14.77,67.13,0.27,121.25,Good,Good
-93.67,12.29,103.45,1.24,225.2,Fair,Fair
-91.61,12.96,62.4,0.38,92.87,Fair,Fair
-90.19,15.35,79.8,0.55,165.85,Good,Good
-87.21,16.73,61.34,0.0,104.48,Good,Good
-93.6,12.62,107.03,1.03,223.05,Fair,Fair
-90.37,16.96,41.31,0.11,81.08,Good,Good
-90.65,17.25,88.9,1.05,212.53,Fair,Fair
-106.66,7.93,67.42,0.9,71.58,Fair,Fair
-84.68,16.37,84.61,1.2,171.03,Fair,Fair
-97.89,12.53,83.95,0.51,140.81,Fair,Fair
-85.85,16.37,49.19,0.09,84.81,Good,Good
-104.49,9.95,40.04,0.29,57.31,Fair,Fair
-104.91,5.07,62.4,0.61,48.49,Fair,Fair
-80.15,20.26,64.27,0.23,122.18,Good,Good
-101.97,7.47,83.03,0.68,121.83,Fair,Fair
-86.97,17.72,75.94,0.53,159.3,Good,Good
-104.07,8.01,56.11,0.09,60.47,Fair,Fair
-87.92,14.63,102.96,1.12,225.03,Fair,Fair
-89.76,15.0,101.37,0.92,186.57,Good,Good
-83.63,15.95,97.2,1.45,210.15,Fair,Fair
-100.67,10.95,75.56,0.78,120.6,Fair,Fair
-87.49,17.75,48.79,0.0,105.6,Good,Good
-91.37,15.14,77.29,1.24,184.73,Fair,Fair
-88.2,16.49,91.34,0.74,185.0,Good,Good
-88.84,15.76,62.61,0.55,102.35,Good,Good
-86.45,17.49,100.76,0.93,219.02,Good,Good
-90.15,15.72,86.32,0.75,181.27,Fair,Fair
-93.21,11.48,77.38,0.68,128.97,Fair,Fair
-91.14,17.15,51.36,0.13,100.29,Good,Good
-96.02,12.17,56.88,0.38,80.88,Fair,Fair
-86.48,19.83,85.68,0.46,226.15,Good,Good
-95.01,13.17,59.56,0.26,103.34,Fair,Fair
-91.54,15.16,77.11,0.75,138.37,Good,Good
-98.5,11.48,72.85,0.88,153.04,Fair,Fair
-92.69,14.2,55.24,0.09,91.89,Fair,Fair
-100.07,10.05,81.09,0.98,118.55,Fair,Fair
-98.1,10.7,53.8,0.0,80.84,Fair,Fair
-101.48,8.68,79.35,0.53,124.13,Fair,Fair
-93.08,12.87,49.93,0.0,63.75,Fair,Fair
-102.38,5.83,63.09,0.66,74.5,Fair,Fair
-105.34,7.24,76.12,0.34,106.47,Fair,Fair
-87.52,20.11,44.51,0.32,79.06,Good,Good
-89.7,13.89,65.24,0.63,94.14,Good,Good
-97.37,14.05,82.48,1.07,157.31,Fair,Fair
-105.1,5.57,82.61,1.31,108.92,Poor,Poor
-103.54,13.54,69.9,0.87,128.52,Fair,Fair
-93.93,11.12,94.53,1.38,188.34,Fair,Fair
-106.47,6.03,85.5,0.94,112.57,Poor,Poor
-86.74,16.17,97.22,1.01,207.52,Fair,Fair
-103.79,7.03,70.09,0.42,94.78,Fair,Fair
-89.91,16.49,48.71,0.64,89.97,Good,Good
-88.24,14.89,93.0,0.55,218.8,Fair,Fair
-99.07,8.49,96.23,1.07,154.18,Poor,Poor
-89.01,17.04,85.5,1.53,185.72,Fair,Fair
-93.27,13.11,122.38,1.76,263.46,Fair,Fair
-103.91,7.3,68.18,0.2,87.0,Fair,Fair
-95.24,11.21,71.1,0.58,83.62,Fair,Fair
-89.8,17.58,63.37,0.34,128.15,Good,Good
-101.01,13.25,79.18,1.01,118.61,Fair,Fair
-87.75,15.59,106.44,1.56,239.98,Fair,Fair
-106.73,7.9,49.05,0.0,62.22,Fair,Fair
-89.65,16.06,84.03,0.84,172.58,Good,Good
-97.92,12.02,54.54,0.04,86.05,Fair,Fair
-95.9,14.89,117.57,1.4,272.6,Fair,Fair
-102.49,10.71,73.57,0.48,102.8,Fair,Fair
-96.94,10.34,86.05,1.14,128.7,Fair,Fair
-84.86,17.57,59.7,0.38,123.47,Good,Good
-91.27,14.22,72.97,0.73,137.27,Fair,Fair
-101.67,6.75,58.78,0.34,87.05,Fair,Fair
-106.78,6.36,41.8,0.3,51.13,Fair,Fair
-86.29,16.09,100.62,1.32,243.97,Fair,Fair
-85.57,16.26,49.96,0.0,85.93,Good,Good
-97.24,9.23,83.5,0.11,139.96,Fair,Fair
-106.0,8.6,75.45,0.9,91.61,Fair,Fair
-100.7,7.26,55.3,0.4,58.74,Fair,Fair
-107.74,7.17,63.6,0.48,76.53,Fair,Fair
-93.91,11.67,96.32,0.7,171.16,Fair,Fair
-102.24,7.08,80.88,0.79,119.94,Fair,Fair
-97.55,7.65,36.36,0.19,43.2,Fair,Fair
-91.41,12.47,95.36,1.08,186.54,Fair,Fair
-88.32,15.47,116.98,1.79,238.83,Fair,Fair
-96.02,11.11,52.05,0.0,83.03,Fair,Fair
-91.62,15.21,57.08,0.7,117.55,Good,Good
-104.69,6.67,69.94,0.9,86.17,Fair,Fair
-90.75,14.44,90.21,0.86,196.23,Fair,Fair
-91.61,19.11,52.96,0.38,94.74,Good,Good
-83.93,15.94,67.79,0.74,136.09,Good,Good
-88.87,17.73,63.86,0.54,115.04,Good,Good
-95.82,13.61,108.26,0.86,221.17,Fair,Fair
-89.68,12.22,83.52,0.59,149.67,Fair,Fair
-84.49,15.16,63.55,0.46,89.68,Good,Good
-99.62,12.3,60.44,0.06,93.28,Fair,Fair
-85.86,18.1,85.29,0.7,200.13,Good,Good
-107.36,8.85,83.58,0.72,124.06,Poor,Poor
-87.16,17.39,56.97,0.4,74.71,Good,Good
-100.0,8.04,53.53,0.07,81.3,Fair,Fair
-92.63,12.28,73.11,0.44,103.7,Fair,Fair
-92.58,11.16,87.66,1.38,160.21,Fair,Fair
-87.01,17.74,59.8,0.55,99.95,Good,Good
-90.34,17.28,90.3,1.08,207.33,Fair,Fair
-90.51,19.35,52.92,0.0,104.43,Good,Good
-102.81,7.73,75.31,0.84,77.79,Fair,Fair
-106.16,7.3,68.29,0.43,109.31,Fair,Fair
-100.74,7.57,46.57,0.0,30.76,Fair,Fair
-90.95,15.38,83.73,1.32,183.45,Fair,Fair
-82.7,17.83,60.51,0.26,115.74,Good,Good
-87.8,16.7,63.59,0.52,92.3,Good,Good
-86.61,15.69,103.06,1.75,226.94,Fair,Fair
-93.17,10.79,90.86,0.89,157.25,Fair,Fair
-91.47,14.65,72.58,0.64,141.46,Fair,Fair
-86.55,18.79,62.94,0.5,110.17,Good,Good
-93.89,15.36,82.31,0.6,172.32,Fair,Fair
-101.38,9.04,60.18,0.34,46.24,Fair,Fair
-88.57,13.57,78.54,0.72,126.74,Good,Good
-89.84,13.37,109.16,1.56,252.37,Fair,Fair
-98.25,11.01,87.54,0.8,161.04,Fair,Fair
-88.37,20.11,55.05,0.41,120.4,Good,Good
-84.19,18.42,82.17,0.86,187.9,Good,Good
-85.15,17.72,63.52,1.04,114.87,Good,Good
-79.49,19.0,55.01,0.57,101.47,Good,Good
-89.04,17.54,82.86,1.0,165.53,Good,Good
-84.53,19.55,64.8,0.47,125.36,Good,Good
-85.87,16.44,59.73,0.09,105.2,Good,Good
-104.28,7.06,57.95,0.25,76.96,Fair,Fair
-94.92,10.45,115.99,1.59,214.28,Fair,Fair
-97.48,11.75,53.19,0.0,74.73,Fair,Fair
-88.98,16.22,62.7,0.96,143.82,Good,Good
-96.1,10.93,91.62,0.9,168.64,Fair,Fair
-91.85,15.6,92.58,1.38,215.03,Fair,Fair
-94.4,12.65,74.6,0.48,138.34,Fair,Fair
-105.17,4.45,76.61,0.87,79.95,Fair,Fair
-87.99,18.3,52.73,0.66,94.66,Good,Good
-90.76,16.58,76.11,1.17,137.59,Fair,Fair
-81.28,17.29,63.09,0.54,108.19,Good,Good
-89.19,17.85,92.72,0.83,205.65,Good,Good
-97.4,9.22,102.09,1.39,194.58,Poor,Poor
-90.62,15.07,57.8,0.0,102.99,Good,Good
-100.93,6.18,75.01,0.52,102.01,Fair,Fair
-85.36,14.59,56.38,0.38,87.5,Good,Good
-97.84,10.06,99.39,0.83,139.26,Fair,Fair
-88.84,13.63,66.83,0.43,118.74,Good,Good
-87.5,15.64,60.19,0.65,92.78,Good,Good
-94.23,12.94,54.04,0.0,70.45,Fair,Fair
-93.96,13.86,60.64,0.25,97.87,Fair,Fair
-86.15,16.88,96.09,1.64,222.66,Fair,Fair
-101.76,15.83,152.88,5.58,103.83,Fair,Fair
-96.68,9.88,58.43,0.25,85.83,Fair,Fair
-89.19,19.02,74.35,0.64,162.66,Good,Good
-103.9,9.43,48.08,0.53,79.56,Fair,Fair
-85.84,15.46,105.38,1.5,252.33,Fair,Fair
-88.83,17.23,48.52,0.36,63.79,Good,Good
-94.21,15.07,67.36,0.54,133.73,Good,Good
-81.5,19.11,51.91,0.42,99.87,Good,Good
-96.1,12.25,80.29,0.69,136.33,Fair,Fair
-90.62,13.01,111.15,1.02,236.22,Fair,Fair
-96.87,13.27,52.14,0.35,76.12,Fair,Fair
-91.54,15.09,64.66,0.47,132.09,Good,Good
-102.78,6.85,65.1,0.13,68.61,Fair,Fair
-85.32,20.14,92.59,0.97,192.26,Good,Good
-103.43,5.89,61.18,0.04,86.53,Fair,Fair
-87.98,16.89,71.44,0.76,151.08,Good,Good
-98.61,10.33,49.96,0.0,49.71,Fair,Fair
-94.26,16.38,55.16,0.0,117.4,Good,Good
-93.8,13.96,42.16,0.26,37.25,Fair,Fair
-99.84,12.34,101.54,0.8,206.01,Fair,Fair
-98.03,12.57,66.03,0.86,102.52,Fair,Fair
-102.42,7.15,85.52,0.85,120.11,Fair,Fair
-90.51,16.01,52.04,0.65,97.76,Good,Good
-106.83,15.27,147.4,6.59,191.4,Poor,Fair
-89.42,14.96,94.17,0.84,193.88,Fair,Fair
-85.35,19.53,93.17,0.68,223.63,Good,Good
-83.6,20.27,65.71,0.66,101.19,Good,Good
-93.82,15.39,89.09,1.17,176.45,Fair,Fair
-87.2,12.23,86.0,1.61,182.78,Fair,Fair
-101.6,7.12,66.25,0.29,81.98,Fair,Fair
-98.21,12.92,63.46,0.33,88.7,Fair,Fair
-88.9,19.34,59.8,0.62,120.41,Good,Good
-89.62,16.38,73.11,0.68,143.52,Good,Good
-97.0,11.99,76.5,0.54,125.19,Fair,Fair
-88.18,15.92,55.81,0.21,61.28,Good,Good
-105.0,7.91,71.84,0.74,86.52,Fair,Fair
-93.69,12.35,49.41,0.36,49.53,Fair,Fair
-90.26,15.89,117.54,1.7,273.33,Fair,Fair
-93.51,11.5,64.08,0.34,92.8,Fair,Fair
-90.67,10.37,110.16,1.27,220.8,Fair,Fair
-90.22,18.81,50.82,0.38,115.13,Good,Good
-90.34,12.09,100.79,0.88,194.21,Fair,Fair
-99.08,13.4,80.47,0.48,158.65,Fair,Fair
-88.69,16.19,59.15,0.08,114.05,Good,Good
-99.62,13.63,56.78,0.52,103.37,Fair,Fair
-91.31,13.52,100.07,1.23,199.38,Fair,Fair
-104.08,6.73,74.23,0.8,91.41,Fair,Fair
-87.7,17.59,90.9,1.21,219.8,Fair,Fair
-97.5,8.98,74.43,0.85,80.64,Fair,Fair
-88.75,15.23,63.77,0.96,90.38,Good,Good
-82.84,19.51,59.26,0.63,144.3,Good,Good
-98.04,10.82,79.4,0.83,123.0,Fair,Fair
-100.78,5.69,65.66,0.38,73.88,Fair,Fair
-89.66,14.59,63.55,0.59,128.9,Good,Good
-88.65,16.84,58.0,0.52,95.32,Good,Good
-87.24,16.82,68.53,0.32,129.44,Good,Good
-95.73,13.67,47.21,0.42,51.09,Fair,Fair
-89.64,14.58,50.29,0.08,77.48,Good,Good
-95.39,14.66,100.63,1.15,233.0,Fair,Fair
-84.49,16.09,69.09,0.75,110.65,Good,Good
-108.76,7.18,48.12,0.32,55.74,Fair,Fair
-80.73,18.48,54.05,0.82,100.47,Good,Good
-103.94,8.61,89.37,0.8,147.18,Fair,Fair
-88.73,19.54,92.41,1.13,228.34,Fair,Fair
-106.12,9.7,49.55,0.21,53.38,Fair,Fair
-91.04,14.83,59.87,0.66,99.56,Fair,Fair
-107.12,3.28,85.8,0.79,107.73,Poor,Poor
-84.29,18.59,83.34,0.93,186.31,Good,Good
-94.16,15.21,109.17,1.32,248.02,Fair,Fair
-90.68,12.5,117.37,1.58,256.65,Fair,Fair
-101.76,6.88,65.36,0.34,80.98,Fair,Fair
-85.52,17.88,74.09,1.06,131.67,Good,Good
-96.55,11.15,95.04,1.14,156.25,Fair,Fair
-96.02,13.32,77.04,0.65,125.81,Fair,Fair
-94.21,15.64,76.76,0.77,171.14,Good,Good
-101.59,9.95,76.99,1.12,148.32,Fair,Fair
-84.97,18.18,84.0,1.05,166.84,Fair,Fair
-90.62,13.22,89.49,1.23,192.47,Fair,Fair
-84.38,17.6,60.59,0.38,102.47,Good,Good
-106.27,7.01,84.65,0.9,118.83,Poor,Poor
-96.68,11.15,55.61,0.37,68.54,Fair,Fair
-89.73,12.92,56.54,0.97,73.19,Good,Good
-90.25,15.32,49.1,0.35,92.72,Good,Good
-97.86,12.12,90.88,0.48,173.11,Fair,Fair
-86.09,12.79,66.45,0.56,158.66,Good,Good
-102.85,7.29,61.87,0.75,104.22,Fair,Fair
-84.44,19.76,48.12,0.04,99.85,Good,Good
-98.27,12.68,78.29,0.73,128.36,Fair,Fair
-91.78,13.2,99.41,1.04,188.62,Fair,Fair
-87.4,14.7,82.2,1.12,167.66,Fair,Fair
-82.57,17.42,63.12,0.84,112.5,Good,Good
-98.45,11.79,53.12,0.4,65.66,Fair,Fair
-96.37,16.05,71.45,0.6,155.09,Good,Good
-97.02,11.41,56.37,0.45,75.99,Fair,Fair
-86.92,14.97,109.6,1.1,262.64,Fair,Fair
-105.76,6.23,76.68,0.15,115.6,Fair,Fair
-105.49,4.98,76.69,0.78,107.19,Fair,Fair
-85.95,17.85,68.15,0.45,148.59,Good,Good
-103.81,10.36,195.73,3.81,151.96,Poor,Poor
-84.97,15.19,83.7,1.08,190.06,Fair,Fair
-84.99,14.99,85.67,0.73,176.57,Fair,Fair
-102.81,9.67,41.58,0.14,44.52,Fair,Fair
-93.16,14.72,83.28,0.74,151.05,Fair,Fair
-89.66,14.27,66.08,0.56,118.31,Good,Good
-85.02,17.91,50.75,0.24,98.61,Good,Good
-93.66,14.1,95.98,1.26,171.81,Fair,Fair
-85.53,16.16,106.6,0.9,250.42,Good,Good
-100.09,14.25,150.26,2.87,101.56,Fair,Poor
-90.05,13.97,96.01,1.17,199.7,Fair,Fair
-92.05,14.64,95.98,1.03,215.22,Fair,Fair
-89.59,16.42,55.71,0.33,93.16,Good,Good
-88.79,13.84,61.01,0.45,95.59,Good,Good
-88.7,15.29,63.73,0.13,106.92,Good,Good
-101.25,6.49,57.97,0.07,76.95,Fair,Fair
-110.39,9.51,50.11,0.38,74.94,Fair,Fair
-113.59,8.22,113.01,4.74,101.1,Poor,Poor
-85.31,14.45,70.27,0.8,114.65,Good,Good
-89.43,16.46,72.1,1.05,160.78,Good,Good
-95.84,11.77,78.01,0.69,148.67,Fair,Fair
-98.8,11.36,88.44,0.66,156.53,Fair,Fair
-84.22,18.71,80.15,0.99,165.51,Good,Good
-96.5,12.27,68.72,0.62,99.08,Fair,Fair
-87.6,16.72,58.74,0.44,105.02,Good,Good
-98.41,9.42,31.22,0.07,21.61,Fair,Fair
-91.49,17.58,61.47,0.63,116.19,Good,Good
-96.93,11.71,60.68,0.47,79.39,Fair,Fair
-87.46,16.37,127.91,1.67,296.13,Fair,Fair
-98.24,11.19,47.73,0.3,82.38,Fair,Fair
-94.19,13.43,48.37,0.64,68.33,Fair,Fair
-106.09,9.2,68.07,0.86,99.7,Fair,Fair
-86.59,18.55,96.88,1.7,244.09,Fair,Fair
-89.47,16.48,57.02,0.62,77.97,Good,Good
-87.22,17.69,58.72,0.45,121.29,Good,Good
-92.26,17.94,65.62,0.59,120.01,Good,Good
-89.06,15.51,54.05,0.23,91.19,Good,Good
-86.55,17.14,95.1,0.74,195.96,Good,Good
-85.29,19.09,87.0,1.28,186.68,Fair,Fair
-88.45,15.0,100.28,0.91,183.26,Good,Good
-86.5,13.87,74.69,0.91,132.63,Good,Good
-93.78,16.45,59.91,0.65,84.27,Good,Good
-102.02,7.5,55.21,0.35,49.1,Fair,Fair
-90.4,16.34,86.43,0.98,174.85,Fair,Fair
-101.03,7.18,55.8,0.51,59.16,Fair,Fair
-87.09,16.2,110.01,1.81,234.2,Fair,Fair
-95.02,12.93,94.66,1.05,180.03,Fair,Fair
-91.36,14.05,45.01,0.34,70.38,Fair,Fair
-92.32,13.62,93.8,0.92,195.51,Fair,Fair
-82.66,19.37,74.94,0.59,146.72,Good,Good
-101.77,9.96,45.77,0.0,65.74,Fair,Fair
-100.49,11.5,71.79,0.73,142.88,Fair,Fair
-91.65,15.43,85.21,0.72,161.95,Fair,Fair
-94.3,10.25,116.16,1.61,222.57,Fair,Fair
-105.77,8.25,50.95,0.43,73.19,Fair,Fair
-87.79,18.92,72.43,0.21,160.62,Good,Good
-98.06,11.61,86.54,0.76,159.56,Fair,Fair
-90.06,14.81,42.2,0.29,62.85,Fair,Fair
-97.96,7.6,56.59,0.56,58.37,Fair,Fair
-88.58,15.31,69.14,0.53,138.46,Good,Good
-105.98,7.4,55.76,0.6,51.65,Fair,Fair
-105.97,7.13,43.25,0.28,37.48,Poor,Poor
-86.71,19.5,56.87,0.7,113.53,Good,Good
-87.68,16.69,55.39,0.24,84.15,Good,Good
-105.07,7.02,73.03,0.59,108.08,Fair,Fair
-86.96,16.06,64.01,0.37,108.48,Good,Good
-94.09,11.36,52.27,0.17,73.38,Fair,Fair
-94.24,10.88,66.07,0.86,93.21,Fair,Fair
-84.44,18.36,67.7,0.54,128.59,Good,Good
-89.91,15.26,81.03,0.65,137.5,Good,Good
-90.78,14.64,88.25,0.72,180.91,Fair,Fair
-82.83,17.76,53.46,0.3,87.51,Good,Good
-84.1,18.13,97.22,1.36,214.16,Fair,Fair
-96.45,14.22,63.27,0.52,128.0,Fair,Fair
-93.24,11.8,65.17,0.46,108.95,Fair,Fair
-104.02,5.75,69.75,0.69,85.91,Fair,Fair
-92.59,15.22,114.87,1.59,249.35,Fair,Fair
-90.23,14.18,81.52,0.77,163.93,Fair,Fair
-101.16,5.12,52.77,0.42,49.23,Fair,Fair
-90.65,17.72,103.83,1.08,229.32,Fair,Fair
-98.58,9.36,99.62,1.16,163.52,Poor,Poor
-92.71,14.04,88.48,0.82,176.2,Fair,Fair
-102.16,6.14,56.6,0.29,53.22,Fair,Fair
-89.31,14.13,99.44,1.1,196.51,Fair,Fair
-82.93,16.03,116.64,1.36,234.48,Fair,Fair
-87.16,17.35,68.48,0.63,118.08,Good,Good
-106.8,7.02,59.13,0.38,61.4,Fair,Fair
-85.39,17.69,67.52,1.05,104.2,Good,Good
-86.67,14.48,61.33,0.55,114.77,Good,Good
-101.18,8.88,78.41,0.83,111.69,Fair,Fair
-86.38,16.82,82.77,0.76,165.7,Good,Good
-103.87,8.72,69.86,0.63,95.84,Fair,Fair
-104.24,5.18,45.82,0.18,45.2,Fair,Fair
-87.73,14.59,92.77,1.09,164.32,Fair,Fair
-85.48,19.16,64.34,0.0,90.7,Good,Good
-81.14,18.06,56.17,0.15,88.56,Good,Good
-96.55,10.99,87.02,1.15,131.92,Fair,Fair
-86.48,16.22,56.89,0.72,118.96,Good,Good
-84.47,20.08,46.76,0.06,90.97,Good,Good
-92.66,16.39,95.65,1.37,211.46,Fair,Fair
-110.15,6.48,89.13,7.14,64.9,Poor,Poor
-95.97,12.33,50.5,0.44,96.22,Fair,Fair
-102.28,6.29,42.93,0.04,66.46,Fair,Fair
-93.12,15.15,88.04,0.89,186.2,Fair,Fair
-94.14,10.16,76.14,0.92,137.84,Fair,Fair
-93.02,14.59,100.5,1.65,201.35,Fair,Fair
-92.16,13.23,107.47,1.06,225.38,Fair,Fair
-103.92,8.21,77.28,0.22,107.53,Fair,Fair
-99.71,6.39,60.36,0.07,68.26,Fair,Fair
-99.57,14.77,55.94,0.35,90.82,Fair,Fair
-84.01,17.75,50.68,0.34,115.14,Good,Good
-99.65,11.5,78.11,0.86,122.47,Fair,Fair
-87.81,15.23,61.75,0.39,90.35,Good,Good
-84.69,15.11,51.06,0.65,77.56,Good,Good
-90.51,15.48,88.09,0.94,178.79,Fair,Fair
-81.55,21.17,56.34,0.15,114.53,Good,Good
-93.36,15.3,79.68,0.72,142.24,Good,Good
-88.23,15.05,102.63,0.72,209.95,Good,Good
-105.6,6.37,91.16,1.15,121.15,Poor,Poor
-86.9,13.6,71.51,0.48,147.82,Good,Good
-92.2,17.25,65.58,0.59,112.72,Good,Good
-85.92,17.73,63.45,0.51,107.76,Good,Good
-87.68,15.47,68.44,0.4,130.08,Good,Good
-93.67,13.78,67.25,0.48,107.11,Fair,Fair
-104.55,7.86,71.81,0.17,101.58,Fair,Fair
-86.35,12.77,57.05,0.51,81.17,Good,Good
-90.88,13.24,59.78,0.38,78.7,Fair,Fair
-95.59,14.58,80.63,0.92,176.95,Fair,Fair
-91.06,15.96,125.12,1.4,312.43,Fair,Fair
-99.22,7.02,65.65,0.69,82.99,Fair,Fair
-89.23,12.53,93.14,1.32,186.59,Fair,Fair
-87.68,15.98,61.17,0.0,137.83,Good,Good
-100.65,10.09,42.66,0.0,56.72,Fair,Fair
-85.95,16.94,97.62,0.51,198.95,Good,Good
-92.77,15.55,59.53,0.14,135.16,Good,Good
-86.85,19.71,98.26,1.23,216.33,Fair,Fair
-82.78,18.87,82.95,1.37,167.4,Fair,Fair
-88.97,18.18,73.38,0.19,160.72,Good,Good
-87.16,17.57,41.72,0.36,78.6,Good,Good
-89.21,13.66,79.97,0.74,155.83,Good,Good
-87.7,17.98,104.92,0.8,274.53,Good,Good
-94.28,14.24,65.93,0.23,139.9,Fair,Fair
-89.18,19.23,52.5,0.4,96.64,Good,Good
-84.88,14.96,76.2,0.56,140.76,Good,Good
-86.52,14.09,59.06,0.0,103.1,Good,Good
-94.42,14.04,95.38,1.4,215.25,Fair,Fair
-84.5,20.55,111.03,1.39,270.02,Fair,Fair
-93.0,17.04,66.41,0.27,141.66,Good,Good
-102.82,13.61,59.98,0.75,101.27,Fair,Fair
-102.89,12.35,101.76,1.08,205.48,Fair,Fair
-87.78,14.6,125.95,1.96,271.13,Fair,Fair
-100.49,10.24,59.52,0.58,80.56,Fair,Fair
-103.49,4.3,68.38,0.35,84.2,Fair,Fair
-88.48,16.34,85.76,0.48,177.33,Good,Good
-95.33,15.08,113.63,1.41,239.32,Fair,Fair
-96.42,11.37,58.09,0.18,98.6,Fair,Fair
-92.89,15.98,66.89,1.16,132.31,Fair,Fair
-99.83,7.98,49.84,0.15,52.08,Fair,Fair
-97.68,13.27,84.58,1.09,163.66,Fair,Fair
-98.75,3.9,78.3,1.04,89.29,Fair,Fair
-89.36,14.04,77.97,1.17,118.15,Fair,Fair
-88.41,13.81,91.53,0.88,163.83,Fair,Fair
-102.94,9.17,48.25,0.58,61.47,Fair,Fair
-87.35,14.4,64.19,0.83,123.26,Good,Good
-92.13,15.43,55.76,0.31,98.8,Good,Good
-103.87,6.8,90.31,1.23,139.74,Poor,Poor
-104.18,6.36,62.64,0.43,86.86,Fair,Fair
-87.63,17.84,44.72,0.0,91.33,Good,Good
-100.59,10.82,99.55,1.05,168.43,Fair,Fair
-86.54,13.8,116.84,1.45,268.1,Fair,Fair
-86.7,17.06,64.29,0.46,123.94,Good,Good
-90.86,15.38,68.35,0.46,128.02,Good,Good
-85.95,19.04,74.33,0.84,159.07,Good,Good
-107.19,5.1,93.2,0.7,124.98,Poor,Poor
-87.7,18.75,76.09,0.72,156.85,Good,Good
-82.78,18.75,61.21,0.56,104.55,Good,Good
-95.45,10.4,80.32,1.13,125.84,Fair,Fair
-95.18,11.79,79.16,0.48,105.83,Fair,Fair
-109.01,7.44,79.31,1.44,118.56,Poor,Poor
-85.86,17.6,66.9,0.18,141.16,Good,Good
-92.18,12.74,77.75,0.67,147.95,Fair,Fair
-98.03,9.71,92.53,1.28,149.94,Poor,Poor
-97.67,9.97,99.87,1.39,194.82,Poor,Poor
-104.36,8.49,50.76,0.33,68.73,Fair,Fair
-104.38,6.91,77.0,0.59,91.29,Fair,Fair
-107.49,7.92,64.99,0.32,94.83,Fair,Fair
-85.49,18.09,89.96,0.91,203.48,Good,Good
-103.28,8.87,44.99,0.21,36.0,Fair,Fair
-107.62,7.47,49.57,0.56,61.12,Fair,Fair
-94.56,14.64,103.51,1.19,222.63,Fair,Fair
-79.86,17.84,88.68,1.01,205.65,Fair,Fair
-87.74,18.5,80.79,1.23,175.7,Fair,Fair
-93.2,13.76,59.99,0.3,93.05,Fair,Fair
-93.62,13.85,62.78,0.51,117.29,Fair,Fair
-97.15,12.02,77.33,0.57,111.28,Fair,Fair
-94.59,14.45,85.77,0.77,188.36,Fair,Fair
-95.26,9.22,72.7,0.58,111.03,Fair,Fair
-99.02,10.89,93.74,1.18,171.84,Fair,Fair
-82.24,19.7,78.11,0.82,188.13,Good,Good
-90.86,14.89,98.82,0.97,227.38,Fair,Fair
-86.59,15.39,104.11,1.13,239.91,Fair,Fair
-88.88,13.6,88.59,0.88,188.77,Fair,Fair
-93.57,17.36,105.33,1.67,241.12,Fair,Fair
-106.66,7.71,66.87,0.47,73.85,Fair,Fair
-92.54,18.72,82.86,0.68,177.84,Fair,Fair
-100.67,11.33,72.69,0.57,129.65,Fair,Fair
-91.1,11.92,93.67,0.93,170.36,Fair,Fair
-91.0,15.13,96.85,1.18,211.51,Fair,Fair
-82.08,15.85,87.54,0.92,194.78,Good,Good
-88.87,11.7,107.69,1.38,227.98,Fair,Fair
-85.2,17.34,79.2,0.75,170.57,Good,Good
-103.13,7.38,58.93,0.87,80.04,Fair,Fair
-87.33,18.21,85.26,0.77,207.71,Good,Good
-107.05,5.47,57.21,1.12,63.12,Poor,Poor
-79.01,17.47,55.21,0.4,94.22,Good,Good
-97.03,9.72,68.21,0.31,121.4,Fair,Fair
-99.45,8.87,81.78,0.77,145.36,Fair,Fair
-95.45,13.43,92.76,1.04,187.09,Fair,Fair
-97.8,12.46,79.39,0.38,160.92,Fair,Fair
-107.47,5.32,63.12,0.4,91.21,Fair,Fair
-102.45,5.26,68.8,0.3,74.58,Fair,Fair
-102.84,8.4,77.37,0.74,112.21,Fair,Fair
-91.84,15.46,76.13,0.96,144.79,Good,Good
-86.6,15.65,98.53,1.18,230.26,Fair,Fair
-94.59,11.83,58.19,0.18,114.35,Fair,Fair
-87.78,14.26,72.68,1.26,161.0,Fair,Fair
-88.05,16.56,61.17,0.56,98.6,Good,Good
-99.89,9.19,68.71,0.25,92.79,Fair,Fair
-98.99,6.8,54.27,0.5,58.68,Fair,Fair
-88.73,17.77,116.29,1.66,285.82,Fair,Fair
-89.37,13.3,59.24,0.45,80.38,Good,Good
-103.2,7.34,63.13,0.51,61.5,Fair,Fair
-92.92,18.89,119.59,1.04,308.81,Fair,Fair
-101.52,10.62,47.62,0.0,43.86,Fair,Fair
-99.3,11.35,109.57,1.11,211.25,Fair,Fair
-90.47,16.12,61.44,0.38,96.84,Good,Good
-84.78,17.64,54.08,0.32,104.49,Good,Good
-85.5,19.01,64.48,0.96,109.92,Good,Good
-88.29,16.73,99.19,1.01,223.54,Fair,Fair
-94.09,13.27,102.95,1.26,214.28,Fair,Fair
-104.47,6.99,85.11,0.66,112.2,Fair,Fair
-90.39,19.59,54.92,0.76,132.93,Good,Good
-91.73,15.98,71.06,0.71,123.49,Good,Good
-99.79,14.12,79.61,1.12,138.53,Fair,Fair
-100.86,10.9,98.9,0.75,174.43,Fair,Fair
-83.53,19.19,94.96,0.72,235.03,Good,Good
-87.63,17.08,64.28,0.65,127.31,Good,Good
-92.24,13.75,116.49,1.39,254.52,Fair,Fair
-87.3,16.02,51.38,0.56,101.51,Good,Good
-89.06,13.63,136.49,2.12,294.47,Fair,Fair
-106.3,7.41,91.81,1.12,127.96,Poor,Poor
-93.74,9.78,81.02,0.87,129.19,Fair,Fair
-86.47,13.46,55.25,0.27,78.55,Good,Good
-87.96,16.2,84.75,0.39,182.61,Good,Good
-87.75,15.23,86.95,0.65,150.09,Good,Good
-99.45,13.17,92.07,0.99,220.0,Fair,Fair
-103.97,11.71,107.45,1.27,212.84,Fair,Fair
-85.32,15.27,53.02,0.41,100.38,Good,Good
-105.92,9.81,38.67,0.23,31.25,Fair,Fair
-100.98,5.16,41.37,0.67,29.62,Fair,Fair
-88.9,15.46,84.56,1.4,177.27,Fair,Fair
-85.03,18.04,62.96,0.81,121.73,Good,Good
-103.8,7.08,47.88,0.0,62.79,Fair,Fair
-91.96,13.2,63.18,0.57,87.24,Fair,Fair
-91.81,15.51,93.64,1.17,204.94,Fair,Fair
-89.53,17.58,75.1,0.95,163.66,Good,Good
-88.91,21.25,81.18,0.9,198.35,Good,Good
-98.61,11.45,55.07,0.0,52.03,Fair,Fair
-97.13,9.61,74.37,1.12,113.59,Fair,Fair
-95.57,10.48,85.88,1.13,170.95,Fair,Fair
-84.49,15.75,88.92,0.64,219.68,Good,Good
-97.15,11.55,83.73,0.91,166.13,Fair,Fair
-105.35,7.51,80.98,0.77,132.78,Poor,Poor
-86.63,17.03,80.23,1.14,176.81,Fair,Fair
-88.07,17.43,56.58,0.24,108.08,Good,Good
-104.43,7.41,73.89,0.69,88.54,Fair,Fair
-102.6,5.94,88.51,0.83,114.13,Fair,Fair
-88.76,17.22,108.29,1.41,244.08,Fair,Fair
-86.54,18.57,82.11,0.86,186.9,Good,Good
-96.2,11.06,77.23,0.81,122.29,Fair,Fair
-92.88,16.3,68.9,0.75,130.82,Good,Good
-86.71,17.39,62.21,0.77,124.92,Good,Good
-88.35,13.99,89.06,0.68,202.87,Fair,Fair
-90.86,16.02,99.53,1.29,223.8,Fair,Fair
-92.36,14.2,53.33,0.05,66.13,Fair,Fair
-100.34,8.14,46.58,0.0,50.94,Fair,Fair
-88.56,15.43,89.42,1.37,193.76,Fair,Fair
-82.13,15.03,64.11,0.34,84.54,Good,Good
-92.11,10.53,61.03,0.03,118.76,Fair,Fair
-84.88,17.58,79.99,0.91,192.27,Good,Good
-86.88,18.78,64.65,0.59,125.27,Good,Good
-102.17,8.91,46.76,0.69,63.13,Fair,Fair
-82.74,17.93,100.43,1.3,224.19,Fair,Fair
-93.12,16.17,44.09,0.42,59.95,Good,Good
-88.14,16.49,106.91,0.98,247.04,Good,Good
-90.29,16.37,98.66,0.97,229.54,Fair,Fair
-85.02,17.8,87.48,0.88,183.37,Good,Good
-107.85,10.56,100.17,1.42,166.64,Poor,Poor
-97.49,11.03,82.57,1.38,145.91,Fair,Fair
-86.3,14.68,68.48,0.92,132.09,Good,Good
-91.59,13.38,75.33,1.06,117.08,Fair,Fair
-88.27,16.09,69.42,0.72,157.68,Good,Good
-98.32,8.95,81.62,0.95,112.62,Fair,Fair
-101.14,12.08,92.47,0.92,154.04,Fair,Fair
-84.35,14.16,78.74,1.11,167.33,Fair,Fair
-95.05,11.81,108.51,0.97,214.18,Fair,Fair
-91.83,14.0,83.59,0.74,163.25,Fair,Fair
-104.58,8.11,48.56,0.19,72.04,Fair,Fair
-94.06,13.85,70.41,1.01,109.58,Fair,Fair
-81.92,19.91,62.1,0.46,141.55,Good,Good
-100.26,13.4,70.45,0.58,123.46,Fair,Fair
-95.24,11.87,80.01,0.9,120.3,Fair,Fair
-86.67,16.6,91.82,1.09,204.45,Fair,Fair
-97.34,8.54,79.21,0.88,92.55,Fair,Fair
-86.81,16.59,82.82,0.94,168.46,Good,Good
-92.04,17.71,66.91,0.71,144.07,Good,Good
-104.79,8.04,83.07,1.1,117.7,Poor,Poor
-103.68,8.65,50.86,0.63,60.89,Fair,Fair
-97.55,14.69,89.76,0.83,159.97,Fair,Fair
-100.16,12.9,65.2,0.62,116.08,Fair,Fair
-106.54,8.82,55.79,0.56,56.27,Fair,Fair
-94.81,14.74,118.16,1.1,244.83,Fair,Fair
-90.75,16.73,43.65,0.32,92.12,Good,Good
-97.18,8.61,69.04,0.27,96.29,Fair,Fair
-91.11,11.29,96.53,1.3,163.23,Fair,Fair
-89.22,13.66,72.98,0.6,118.7,Good,Good
-89.58,15.81,96.83,0.96,234.37,Good,Good
-91.57,16.24,64.24,0.44,96.96,Good,Good
-94.93,10.81,83.09,0.95,148.57,Fair,Fair
-93.94,11.03,76.15,0.91,152.68,Fair,Fair
-93.65,12.46,73.1,1.01,111.89,Fair,Fair
-99.37,10.01,46.41,0.36,46.38,Fair,Fair
-100.86,10.15,77.79,0.87,113.19,Fair,Fair
-91.49,14.6,81.87,0.81,178.87,Fair,Fair
-99.44,12.4,82.65,0.8,157.08,Fair,Fair
-90.59,13.82,82.77,0.85,152.49,Fair,Fair
-89.85,17.22,81.79,1.57,159.21,Fair,Fair
-91.14,15.46,99.8,0.99,209.91,Fair,Fair
-93.18,13.75,104.26,0.88,190.1,Fair,Fair
-98.86,11.79,83.07,1.06,132.62,Fair,Fair
-92.65,14.08,98.43,0.92,217.75,Fair,Fair
-83.96,15.74,92.55,0.87,185.93,Good,Good
-100.25,8.35,45.44,0.06,51.34,Fair,Fair
-93.83,15.41,74.94,0.24,155.97,Good,Good
-93.73,11.6,90.98,1.03,163.65,Fair,Fair
-87.39,16.52,76.42,0.95,175.57,Good,Good
-87.91,15.82,71.03,1.42,132.9,Good,Good
-100.34,6.39,63.31,0.46,66.33,Fair,Fair
-88.85,17.13,108.34,0.78,259.63,Good,Good
-97.24,12.96,72.12,0.69,145.39,Fair,Fair
-87.94,17.04,83.73,0.98,150.04,Good,Good
-101.18,7.46,60.4,0.0,67.06,Fair,Fair
-90.49,16.2,72.85,0.83,168.46,Good,Good
-95.61,16.19,77.44,0.69,164.87,Good,Good
-92.37,10.93,51.19,0.64,89.64,Fair,Fair
-94.6,12.82,115.52,1.4,240.24,Fair,Fair
-90.43,12.24,83.79,1.05,176.91,Fair,Fair
-93.25,11.14,55.42,0.36,107.05,Fair,Fair
-104.3,8.02,68.39,0.95,90.63,Fair,Fair
-88.19,19.44,74.68,0.86,129.08,Good,Good
-87.96,15.63,107.22,0.94,258.29,Good,Good
-89.45,14.17,78.71,0.63,165.05,Good,Good
-91.09,13.38,68.32,0.86,105.9,Fair,Fair
-100.94,6.98,90.91,0.6,123.1,Fair,Fair
-92.09,12.77,115.62,1.68,242.25,Fair,Fair
-88.0,16.15,56.95,0.58,111.9,Good,Good
-108.28,6.93,97.07,0.84,147.96,Poor,Poor
-86.65,19.19,62.8,0.48,101.87,Good,Good
-95.93,11.92,75.36,0.9,129.52,Fair,Fair
-89.46,14.58,60.52,0.25,80.38,Good,Good
-84.02,15.42,56.53,0.46,108.02,Good,Good
-94.13,14.28,76.03,1.19,133.8,Fair,Fair
-97.61,12.03,80.31,0.97,137.09,Fair,Fair
-93.31,12.28,98.02,0.97,196.34,Fair,Fair
-84.35,19.63,72.56,0.73,149.66,Good,Good
-105.3,7.06,56.95,0.43,50.88,Fair,Fair
-100.94,9.64,110.18,1.26,193.27,Poor,Poor
-102.9,5.85,71.7,0.59,87.87,Fair,Fair
-89.97,15.17,78.26,1.23,151.15,Good,Good
-88.99,14.26,84.97,1.04,167.74,Fair,Fair
-92.19,14.46,81.66,0.66,146.41,Fair,Fair
-83.02,19.87,56.26,0.39,114.62,Good,Good
-107.16,5.79,163.11,3.21,122.56,Poor,Poor
-86.9,16.71,81.35,0.5,185.53,Good,Good
-87.45,18.84,53.95,0.3,114.33,Good,Good
-107.91,5.94,91.76,1.2,125.63,Poor,Poor
-81.85,16.96,100.18,1.52,207.74,Fair,Fair
-89.74,16.51,67.07,0.45,150.5,Good,Good
-96.46,13.17,51.86,0.18,84.87,Fair,Fair
-81.26,15.67,58.85,0.22,103.11,Good,Good
-88.69,14.16,51.31,0.43,60.93,Good,Good
-87.56,17.03,72.21,0.69,165.25,Good,Good
-104.31,6.31,63.09,0.2,74.09,Fair,Fair
-94.83,14.3,84.73,0.81,162.38,Fair,Fair
-86.74,16.22,114.28,1.45,246.36,Fair,Fair
-103.9,7.59,71.61,0.35,109.16,Fair,Fair
-95.28,12.19,121.88,1.42,227.86,Fair,Fair
-87.3,13.93,58.65,0.46,99.63,Good,Good
-101.49,9.09,66.66,0.37,90.8,Fair,Fair
-102.46,11.68,92.06,0.71,185.28,Fair,Fair
-85.28,16.31,78.59,0.6,179.61,Good,Good
-83.67,15.43,98.55,0.69,197.48,Good,Good
-89.93,17.04,94.73,1.17,252.99,Fair,Fair
-89.24,16.12,90.28,1.33,193.42,Fair,Fair
-84.37,17.8,76.37,0.59,151.94,Good,Good
-84.87,16.65,70.12,0.7,174.01,Good,Good
-99.83,8.24,117.45,2.56,57.71,Poor,Poor
-100.55,7.2,39.78,0.3,54.05,Fair,Fair
-100.18,7.86,40.08,0.82,59.81,Fair,Fair
-102.68,7.3,55.78,0.51,23.91,Poor,Poor
-95.78,12.5,66.22,0.66,114.64,Fair,Fair
-96.58,11.82,85.54,0.8,143.97,Fair,Fair
-92.27,15.57,95.61,1.44,182.59,Fair,Fair
-95.06,9.53,56.64,0.61,94.49,Fair,Fair
-103.86,13.69,69.17,0.5,134.8,Fair,Fair
-99.49,6.79,60.66,0.56,95.75,Fair,Fair
-104.22,6.61,67.6,0.9,89.93,Fair,Fair
-85.51,17.76,50.98,0.0,88.92,Good,Good
-87.56,16.44,132.9,1.91,314.75,Fair,Fair
-89.17,18.65,83.26,1.18,229.8,Fair,Fair
-96.24,11.49,76.61,0.21,137.52,Fair,Fair
-90.51,16.44,76.86,0.53,174.18,Good,Good
-93.45,11.28,49.05,0.0,62.78,Fair,Fair
-106.63,2.94,82.52,0.79,105.66,Poor,Poor
-96.67,13.52,57.36,0.55,85.66,Fair,Fair
-92.94,12.87,44.65,0.4,66.16,Fair,Fair
-86.71,15.38,59.07,0.57,99.62,Good,Good
-89.47,15.08,91.3,0.52,161.89,Good,Good
-80.4,15.68,81.87,1.03,169.74,Fair,Fair
-102.9,9.2,49.12,0.46,66.83,Fair,Fair
-102.04,9.59,88.73,0.92,154.06,Fair,Fair
-89.63,14.82,80.27,1.03,165.0,Fair,Fair
-86.65,16.3,90.65,0.96,193.67,Good,Good
-102.58,6.15,56.6,0.61,74.06,Fair,Fair
-101.46,8.88,43.42,0.4,45.74,Fair,Fair
-87.38,16.97,68.59,0.84,146.44,Good,Good
-85.95,17.07,56.77,0.31,81.78,Good,Good
-88.35,19.43,69.12,0.28,169.24,Good,Good
-103.22,6.09,47.68,0.17,50.98,Fair,Fair
-97.4,12.17,76.14,0.36,122.15,Fair,Fair
-108.36,6.43,75.12,0.85,71.08,Fair,Fair
-91.93,15.22,103.65,0.74,239.42,Fair,Fair
-83.44,17.48,77.11,1.06,184.94,Good,Good
-94.74,10.63,71.69,0.72,98.97,Fair,Fair
-87.99,16.1,50.49,0.18,74.1,Good,Good
-106.68,7.13,63.37,0.68,73.19,Fair,Fair
-92.04,15.0,112.63,1.11,228.09,Fair,Fair
-89.45,13.65,85.55,0.39,157.45,Fair,Fair
-102.87,7.11,75.01,0.84,116.92,Fair,Fair
-104.8,7.41,63.76,0.44,75.61,Fair,Fair
-97.43,15.77,71.85,0.47,144.38,Good,Good
-102.24,9.3,42.76,0.64,53.39,Fair,Fair
-88.5,16.46,91.27,0.93,199.48,Good,Good
-102.54,5.91,51.56,0.0,50.9,Fair,Fair
-88.16,19.77,52.57,0.49,108.88,Good,Good
-94.93,11.81,77.24,0.51,161.71,Fair,Fair
-85.91,14.22,98.45,1.24,215.37,Fair,Fair
-92.71,15.83,100.48,0.76,210.69,Fair,Fair
-88.25,13.74,82.8,1.1,152.47,Fair,Fair
-104.34,9.39,47.99,0.14,69.67,Fair,Fair
-91.0,16.5,95.0,1.32,174.69,Fair,Fair
-99.89,13.65,82.54,0.89,186.4,Fair,Fair
-100.09,6.07,57.05,0.55,62.01,Fair,Fair
-89.19,12.84,55.22,0.0,85.26,Good,Good
-86.8,12.47,109.73,1.56,232.7,Fair,Fair
-89.21,14.87,74.66,0.46,117.94,Good,Good
-100.51,13.93,79.91,0.42,143.46,Fair,Fair
-86.48,15.78,49.03,0.29,101.47,Good,Good
-82.16,17.8,66.05,0.0,139.55,Good,Good
-88.14,16.8,86.28,0.97,186.11,Good,Good
-104.42,6.63,72.78,0.7,130.21,Fair,Fair
-92.75,11.85,113.56,1.55,226.18,Fair,Fair
-91.99,14.03,97.0,1.26,169.52,Fair,Fair
-92.76,16.17,117.17,1.64,259.71,Fair,Fair
-90.12,15.73,122.08,1.21,290.37,Fair,Fair
-90.91,13.66,40.28,0.1,36.99,Fair,Fair
-93.94,10.18,58.37,0.39,65.43,Fair,Fair
-85.76,14.86,70.69,1.37,115.26,Fair,Fair
-83.58,14.78,51.69,0.36,84.53,Good,Good
-86.65,11.91,67.61,0.75,85.56,Good,Good
-89.83,13.82,104.2,1.4,214.84,Fair,Fair
-96.73,9.82,75.64,0.74,120.52,Fair,Fair
-102.8,8.81,54.09,0.29,42.02,Fair,Fair
-92.16,18.23,85.69,0.72,175.97,Fair,Fair
-95.2,12.88,115.16,1.54,235.25,Fair,Fair
-95.02,15.96,63.02,0.22,115.8,Good,Good
-101.85,6.16,45.04,0.15,60.15,Fair,Fair
-103.97,5.46,64.38,0.44,89.48,Fair,Fair
-90.21,18.14,65.8,0.85,128.74,Good,Good
-114.45,3.37,108.86,6.51,47.36,Poor,Poor
-96.57,10.58,51.3,0.17,86.01,Fair,Fair
-104.61,7.13,85.41,0.6,134.53,Fair,Fair
-89.63,10.85,104.42,1.76,203.87,Fair,Fair
-104.45,7.82,49.94,0.23,46.83,Fair,Fair
-96.09,15.15,46.57,0.65,64.62,Good,Good
-87.06,16.58,56.89,0.4,109.68,Good,Good
-88.6,14.59,117.29,1.52,265.83,Fair,Fair
-105.1,5.65,59.25,0.84,45.52,Poor,Poor
-109.18,7.93,74.42,0.57,114.07,Fair,Fair
-93.78,13.24,98.4,1.31,202.85,Fair,Fair
-101.06,5.62,72.84,1.06,82.82,Fair,Fair
-106.16,5.55,81.13,1.16,134.35,Poor,Poor
-89.1,15.71,88.48,1.22,198.47,Fair,Fair
-90.53,13.28,78.33,0.73,136.23,Fair,Fair
-95.73,13.96,77.98,0.85,141.08,Fair,Fair
-89.06,16.41,61.99,0.42,90.16,Good,Good
-92.1,10.05,83.38,0.79,146.39,Fair,Fair
-113.54,4.38,124.37,3.56,73.82,Poor,Poor
-90.27,15.41,85.16,0.8,173.4,Fair,Fair
-102.78,8.47,53.35,0.0,70.33,Fair,Fair
-85.88,16.6,79.99,0.87,213.93,Good,Good
-100.51,7.9,65.42,0.46,92.8,Fair,Fair
-86.78,14.58,71.9,0.83,137.32,Good,Good
-84.75,19.31,80.13,1.05,192.9,Fair,Fair
-91.93,17.8,81.94,0.91,196.92,Fair,Fair
-90.9,13.01,123.51,1.35,241.85,Fair,Fair
-94.31,11.34,77.48,0.98,123.12,Fair,Fair
-93.89,18.32,51.87,0.41,81.5,Good,Good
-83.48,14.85,101.88,1.4,216.37,Fair,Fair
-87.92,13.59,94.02,1.16,206.97,Fair,Fair
-81.62,17.27,104.44,1.12,261.63,Fair,Fair
-98.44,7.68,53.18,0.41,55.49,Fair,Fair
-91.09,16.52,62.56,0.16,119.56,Good,Good
-96.37,10.85,76.7,0.88,116.02,Fair,Fair
-100.92,9.94,111.54,1.0,212.1,Fair,Fair
-85.41,18.71,75.74,1.02,160.51,Good,Good
-104.6,7.31,55.15,0.47,60.9,Fair,Fair
-99.76,12.67,68.49,0.34,106.67,Fair,Fair
-100.73,13.0,79.01,0.96,132.14,Fair,Fair
-83.08,17.09,97.52,1.04,220.14,Fair,Fair
-89.26,14.56,113.42,1.84,236.43,Fair,Fair
-89.96,17.01,73.73,0.51,123.56,Good,Good
-96.08,15.81,103.73,0.88,241.23,Fair,Fair
-102.19,8.2,70.66,0.67,105.83,Fair,Fair
-86.7,14.87,97.07,1.24,232.53,Fair,Fair
-97.66,11.33,72.79,0.63,101.3,Fair,Fair
-89.68,15.59,85.45,0.79,169.19,Good,Good
-98.67,12.07,97.85,1.38,156.52,Fair,Fair
-103.5,7.8,54.68,0.13,49.66,Fair,Fair
-93.2,17.83,54.65,0.85,88.85,Good,Good
-90.81,15.67,58.88,0.36,88.03,Good,Good
-94.01,13.93,76.22,0.7,158.11,Fair,Fair
-89.07,14.63,75.11,0.76,149.61,Good,Good
-101.45,7.1,71.35,0.76,110.13,Fair,Fair
-83.45,18.06,59.68,0.54,120.64,Good,Good
-93.71,11.72,98.87,1.46,172.07,Fair,Fair
-93.98,16.02,79.47,0.9,160.67,Good,Good
-86.81,18.34,50.52,0.42,99.53,Good,Good
-89.85,19.09,54.32,0.41,99.92,Good,Good
-89.62,15.8,89.03,0.7,173.56,Good,Good
-102.36,7.62,62.43,0.48,73.53,Fair,Fair
-82.75,21.83,63.54,0.8,157.11,Good,Good
-104.03,2.35,63.3,0.37,91.11,Fair,Fair
-93.68,18.19,78.24,0.99,174.51,Good,Good
-95.71,14.97,53.71,0.29,94.92,Fair,Fair
-90.73,12.98,104.5,1.62,188.38,Fair,Fair
-98.22,13.89,39.73,0.5,71.33,Good,Good
-86.74,14.31,81.53,0.55,165.09,Fair,Fair
-107.39,7.64,66.4,0.87,84.86,Fair,Fair
-101.26,7.04,61.09,0.16,79.09,Fair,Fair
-89.95,16.37,53.35,0.16,62.55,Good,Good
-92.83,13.49,50.08,0.23,57.86,Fair,Fair
-83.21,19.59,62.76,0.73,125.76,Good,Good
-99.07,13.57,57.07,0.63,81.16,Fair,Fair
-101.91,8.67,48.43,0.24,38.18,Fair,Fair
-97.6,8.54,110.11,1.25,201.89,Poor,Poor
-85.6,16.25,78.59,0.43,161.53,Good,Good
-90.6,17.84,55.45,0.2,75.76,Good,Good
-89.0,16.44,112.56,1.61,275.08,Fair,Fair
-103.31,6.95,74.76,1.16,93.49,Fair,Fair
-88.6,18.2,55.72,0.06,119.92,Good,Good
-103.29,7.55,64.7,0.49,85.84,Fair,Fair
-104.04,7.23,47.41,0.0,53.34,Fair,Fair
-93.67,17.02,75.41,0.98,160.09,Good,Good
-88.94,12.38,104.23,1.31,177.17,Fair,Fair
-101.69,11.86,59.51,0.69,100.1,Fair,Fair
-105.66,8.04,56.56,0.13,73.15,Fair,Fair
-96.79,12.39,60.67,0.71,88.26,Fair,Fair
-91.79,14.21,79.46,0.77,167.49,Fair,Fair
-100.16,5.26,68.7,0.86,92.48,Fair,Fair
-97.3,11.41,62.81,0.46,114.84,Fair,Fair
-89.82,16.74,95.35,1.02,196.27,Fair,Fair
-86.12,17.52,70.5,0.89,147.24,Good,Good
-108.79,4.63,80.13,0.86,97.95,Poor,Poor
-90.8,14.6,61.61,0.28,129.57,Fair,Fair
-87.27,15.11,87.75,1.19,166.23,Fair,Fair
-90.46,13.73,66.04,0.83,114.67,Fair,Fair
-102.43,6.03,73.32,1.1,109.19,Fair,Fair
-104.94,8.45,66.78,0.69,88.37,Fair,Fair
-93.66,11.0,117.43,1.96,230.24,Fair,Fair
-88.12,13.95,95.11,1.28,220.36,Fair,Fair
-84.08,16.96,69.6,0.35,109.68,Good,Good
-83.72,18.09,70.0,0.79,118.72,Good,Good
-82.52,22.22,49.25,0.75,101.69,Good,Good
-88.38,16.43,103.31,1.25,213.53,Fair,Fair
-86.65,17.28,87.61,1.1,186.86,Fair,Fair
-85.96,18.12,64.05,1.03,100.27,Good,Good
-89.57,18.33,62.98,0.5,134.51,Good,Good
-93.54,10.54,74.2,0.98,128.62,Fair,Fair
-89.49,17.67,58.7,0.69,74.3,Good,Good
-92.49,14.34,71.91,0.82,126.9,Fair,Fair
-100.47,7.94,47.85,0.1,71.85,Fair,Fair
-89.59,13.85,46.73,0.52,60.41,Good,Good
-104.24,5.11,67.16,0.47,93.88,Fair,Fair
-103.0,6.18,68.92,0.49,94.09,Fair,Fair
-100.53,12.7,93.73,0.93,161.7,Fair,Fair
-92.42,16.01,84.12,0.91,202.24,Fair,Fair
-96.38,11.07,70.42,0.44,103.57,Fair,Fair
-94.04,10.26,49.66,0.21,95.5,Fair,Fair
-88.07,16.17,72.15,0.63,118.29,Good,Good
-89.93,12.81,77.39,0.6,110.19,Good,Good
-108.15,5.95,66.53,0.79,74.51,Fair,Fair
-90.9,13.31,78.67,1.08,141.51,Fair,Fair
-97.78,14.08,90.38,0.65,183.54,Fair,Fair
-102.78,8.64,42.4,0.62,41.56,Fair,Fair
-92.08,15.9,95.84,0.85,230.94,Fair,Fair
-103.52,8.68,69.76,0.7,103.12,Fair,Fair
-84.77,16.36,99.58,1.19,216.03,Fair,Fair
-89.23,17.56,54.22,0.51,99.23,Good,Good
-86.88,16.04,91.19,1.23,181.1,Fair,Fair
-93.88,13.43,85.0,0.75,182.6,Fair,Fair
-100.9,13.49,93.83,0.95,182.4,Fair,Fair
-88.16,16.63,86.22,1.16,178.01,Fair,Fair
-92.49,16.71,67.24,0.44,130.3,Good,Good
-100.24,11.75,76.78,1.01,154.97,Fair,Fair
-93.83,10.67,77.48,1.11,116.15,Fair,Fair
-92.38,14.3,91.62,1.38,160.33,Fair,Fair
-91.15,14.82,92.6,0.84,165.19,Fair,Fair
-101.56,5.96,56.43,0.85,78.53,Fair,Fair
-91.82,15.94,43.76,0.47,84.92,Good,Good
-100.29,10.57,86.57,0.7,157.85,Fair,Fair
-91.1,15.7,78.31,0.75,143.98,Good,Good
-89.23,16.15,105.7,1.45,234.97,Fair,Fair
-90.51,11.07,89.09,0.95,158.96,Fair,Fair
-94.84,13.0,76.15,0.34,149.74,Fair,Fair
-114.63,0.73,113.43,4.65,58.36,Poor,Poor
-91.61,17.71,60.57,0.38,119.5,Good,Good
-89.8,16.95,55.64,0.0,84.87,Good,Good
-83.94,17.75,69.48,0.42,160.22,Good,Good
-90.27,15.17,111.45,1.52,269.47,Fair,Fair
-90.4,17.03,103.77,1.05,230.97,Fair,Fair
-88.72,15.54,55.14,0.14,77.78,Good,Good
-94.2,12.04,96.49,1.32,186.93,Fair,Fair
-104.53,8.15,62.41,0.67,81.42,Fair,Fair
-85.91,15.0,114.98,1.83,257.76,Fair,Fair
-93.13,14.49,121.31,2.11,267.8,Fair,Fair
-95.44,14.33,70.52,0.56,128.97,Fair,Fair
-86.36,20.22,63.57,0.47,131.64,Good,Good
-94.4,10.34,66.49,0.08,85.06,Fair,Fair
-104.39,5.67,61.04,0.4,85.44,Fair,Fair
-102.68,9.64,46.43,0.2,64.87,Fair,Fair
-100.63,8.6,47.36,0.0,53.38,Fair,Fair
-97.18,11.6,68.22,0.32,104.75,Fair,Fair
-89.9,14.59,65.32,0.93,80.54,Good,Good
-82.24,17.28,70.44,0.72,125.13,Good,Good
-90.82,13.81,96.59,0.97,209.75,Fair,Fair
-86.23,17.21,59.22,0.55,92.01,Good,Good
-94.29,13.51,55.45,0.27,77.19,Fair,Fair
-92.05,15.42,87.22,1.03,181.14,Fair,Fair
-94.4,12.61,86.37,0.64,155.47,Fair,Fair
-87.83,15.71,63.15,0.62,109.85,Good,Good
-88.19,14.38,74.85,0.52,156.92,Good,Good
-81.87,15.57,70.48,0.49,122.65,Good,Good
-101.5,9.34,65.82,0.71,90.57,Fair,Fair
-92.82,15.73,70.91,0.5,127.07,Good,Good
-87.04,19.25,52.12,0.06,112.12,Good,Good
-91.58,12.94,62.93,0.81,97.36,Fair,Fair
-103.71,8.77,52.92,0.11,74.51,Fair,Fair
-87.15,13.56,104.32,1.25,210.66,Fair,Fair
-87.98,19.76,92.27,1.12,244.31,Fair,Fair
-86.51,16.31,87.87,0.79,204.41,Good,Good
-103.67,6.04,65.67,0.37,93.8,Fair,Fair
-105.24,8.53,60.83,0.18,101.15,Fair,Fair
-91.0,15.75,70.25,0.57,114.77,Good,Good
-96.05,12.29,60.75,0.4,95.11,Fair,Fair
-92.47,16.59,84.81,1.24,191.21,Fair,Fair
-100.2,13.91,51.2,0.41,60.38,Fair,Fair
-92.36,17.37,55.0,0.42,112.13,Good,Good
-104.19,5.33,54.31,0.52,58.76,Fair,Fair
-100.25,5.13,59.47,0.52,60.84,Fair,Fair
-103.27,7.57,77.19,0.51,96.83,Fair,Fair
-89.0,15.9,78.25,0.64,168.75,Good,Good
-97.23,5.98,66.4,0.52,85.5,Fair,Fair
-98.01,14.63,58.37,0.15,68.06,Fair,Fair
-83.93,14.16,103.91,1.29,224.15,Fair,Fair
-101.64,14.55,75.07,0.98,128.68,Fair,Fair
-91.71,13.83,60.84,0.62,102.14,Fair,Fair
-95.89,14.81,97.17,1.48,198.61,Fair,Fair
-94.34,16.46,68.23,0.83,99.79,Good,Good
-89.87,12.43,108.14,1.09,221.74,Fair,Fair
-90.99,15.17,117.82,1.77,259.69,Fair,Fair
-99.96,10.08,44.88,0.0,26.91,Fair,Fair
-93.86,12.26,52.28,0.72,58.19,Fair,Fair
-92.11,13.65,59.56,0.75,90.9,Fair,Fair
-91.07,14.71,61.94,0.74,100.98,Fair,Fair
-98.21,11.7,90.71,0.4,179.26,Fair,Fair
-94.3,11.03,57.87,0.21,104.84,Fair,Fair
-84.75,18.21,81.48,0.69,190.5,Good,Good
-92.14,15.2,83.75,0.93,181.18,Fair,Fair
-90.01,14.69,109.57,1.66,215.37,Fair,Fair
-91.3,20.04,52.02,0.14,103.47,Good,Good
-84.51,17.93,42.96,0.0,88.33,Good,Good
-83.87,17.38,65.57,0.34,145.84,Good,Good
-87.73,17.9,108.33,1.62,229.77,Fair,Fair
-84.38,17.48,52.62,0.16,77.49,Good,Good
-104.25,3.99,97.34,1.12,136.5,Poor,Poor
-100.66,11.27,103.65,0.5,198.22,Fair,Fair
-86.58,19.28,90.29,1.42,220.94,Fair,Fair
-101.06,5.55,81.42,0.82,85.01,Fair,Fair
-96.47,12.13,70.76,0.34,97.36,Fair,Fair
-95.74,15.8,79.73,0.68,176.48,Good,Good
-101.9,8.41,53.85,0.45,52.79,Fair,Fair
-86.55,14.26,77.19,0.8,133.67,Good,Good
-91.98,14.54,68.4,0.61,106.82,Fair,Fair
-109.89,7.08,80.2,1.05,123.17,Poor,Poor
-87.39,18.16,58.31,0.45,87.71,Good,Good
-93.82,11.04,83.63,0.99,113.42,Fair,Fair
-95.91,14.21,67.09,0.31,135.95,Fair,Fair
-102.68,6.5,61.31,0.25,85.08,Fair,Fair
-86.83,16.12,73.54,0.89,147.29,Good,Good
-84.23,18.17,56.75,0.41,98.14,Good,Good
-89.13,18.17,74.62,0.24,145.07,Good,Good
-85.75,15.71,105.25,1.25,219.62,Fair,Fair
-92.21,13.66,90.26,1.18,194.42,Fair,Fair
-91.55,14.61,58.61,0.06,79.15,Fair,Fair
-86.8,16.88,51.28,0.14,87.25,Good,Good
-84.04,16.73,106.39,1.44,238.03,Fair,Fair
-89.74,16.84,89.62,1.12,187.22,Fair,Fair
-91.0,14.42,73.05,0.68,132.91,Fair,Fair
-89.51,19.71,65.17,0.29,163.63,Good,Good
-98.94,7.1,63.81,0.81,84.57,Fair,Fair
-93.25,13.17,116.58,1.2,230.77,Fair,Fair
-85.39,16.12,63.49,0.44,124.86,Good,Good
-86.94,15.8,85.82,0.62,170.81,Good,Good
-86.28,17.4,75.66,0.77,190.41,Good,Good
-90.52,15.32,101.82,1.54,197.5,Fair,Fair
-86.59,18.18,84.41,0.62,189.21,Good,Good
-81.76,19.19,63.79,0.15,125.46,Good,Good
-106.45,6.52,63.56,0.72,90.11,Fair,Fair
-90.0,14.93,66.54,0.55,127.34,Good,Good
-89.32,17.26,83.07,0.87,165.83,Good,Good
-92.23,10.9,73.42,0.38,114.44,Fair,Fair
-99.3,11.12,46.83,0.12,49.82,Fair,Fair
-90.12,17.77,48.94,0.31,75.12,Good,Good
-93.89,10.32,76.68,0.83,115.65,Fair,Fair
-98.42,10.9,102.29,1.58,189.61,Fair,Fair
-98.82,14.12,44.95,0.68,75.56,Fair,Fair
-104.43,5.38,86.44,0.69,96.06,Fair,Fair
-96.05,9.07,61.75,0.26,101.51,Fair,Fair
-100.4,11.06,84.62,1.06,147.87,Fair,Fair
-106.33,7.18,69.28,0.66,124.57,Fair,Fair
-94.18,13.73,103.71,1.56,212.71,Fair,Fair
-99.4,13.29,94.7,0.65,175.27,Fair,Fair
-86.54,16.47,58.79,0.08,111.21,Good,Good
-86.26,15.93,88.04,0.97,203.44,Good,Good
-103.45,7.68,62.0,0.24,93.01,Fair,Fair
-101.58,6.05,72.32,0.71,99.23,Fair,Fair
-92.55,13.47,95.59,0.92,209.33,Fair,Fair
-88.73,17.09,96.06,1.11,201.72,Fair,Fair
-92.96,15.56,88.28,1.2,176.65,Fair,Fair
-78.39,17.12,71.82,0.34,117.98,Good,Good
-87.61,17.29,77.4,0.33,144.1,Good,Good
-93.35,11.72,88.68,0.5,168.34,Fair,Fair
-89.79,12.25,96.78,1.32,204.99,Fair,Fair
-98.17,10.82,90.37,0.85,145.37,Fair,Fair
-88.14,15.76,69.78,0.39,126.31,Good,Good
-89.64,14.04,87.63,1.06,167.58,Fair,Fair
-94.06,15.77,95.23,1.09,194.49,Fair,Fair
-85.84,16.35,97.91,1.23,232.13,Fair,Fair
-102.52,4.75,64.75,0.27,68.18,Fair,Fair
-85.0,16.6,98.91,1.43,224.91,Fair,Fair
-98.51,13.19,83.57,1.36,136.69,Fair,Fair
-84.91,17.58,83.3,0.57,186.44,Good,Good
-93.02,9.43,55.95,0.31,69.21,Fair,Fair
-86.57,18.58,60.33,0.56,168.39,Good,Good
-104.39,5.16,91.73,1.08,105.73,Poor,Poor
-86.06,16.57,75.33,0.29,159.98,Good,Good
-89.72,16.23,88.22,0.74,167.15,Good,Good
-83.91,20.41,44.45,0.22,83.67,Good,Good
-94.54,10.53,61.53,0.58,95.32,Fair,Fair
-96.04,15.39,87.54,1.01,164.69,Fair,Fair
-100.31,5.33,44.75,0.32,41.79,Fair,Fair
-93.83,9.44,76.37,0.48,100.49,Fair,Fair
-86.93,18.15,67.86,0.76,117.38,Good,Good
-92.51,16.05,115.88,1.56,261.1,Fair,Fair
-90.86,14.12,93.6,0.89,181.52,Fair,Fair
-106.91,7.97,56.48,0.3,69.55,Fair,Fair
-89.95,14.71,55.98,0.22,98.93,Good,Good
-85.7,14.42,55.47,0.34,96.89,Good,Good
-82.78,17.22,81.67,1.04,144.19,Fair,Fair
-87.35,14.62,110.8,1.41,209.65,Fair,Fair
-87.9,17.1,84.84,0.92,179.82,Good,Good
-89.91,15.54,125.5,1.62,285.98,Fair,Fair
-91.15,14.36,58.16,0.59,92.39,Fair,Fair
-101.86,6.05,48.05,0.54,61.19,Fair,Fair
-101.88,8.89,76.23,0.57,113.3,Fair,Fair
-91.5,14.16,56.03,0.59,98.47,Fair,Fair
-85.75,17.25,70.85,0.69,152.48,Good,Good
-88.65,16.2,66.31,0.44,98.07,Good,Good
-88.86,15.05,115.66,1.24,256.16,Fair,Fair
-97.61,13.15,57.4,0.35,124.81,Fair,Fair
-87.21,19.0,84.04,0.46,194.28,Good,Good
-104.5,7.41,69.47,0.43,106.57,Fair,Fair
-84.63,18.71,58.85,0.26,126.41,Good,Good
-92.11,15.29,73.39,0.52,140.64,Good,Good
-89.58,14.04,76.31,1.2,143.25,Fair,Fair
-94.7,12.77,110.74,1.56,233.52,Fair,Fair
-87.73,17.34,51.52,0.53,90.29,Good,Good
-97.07,13.79,59.04,0.27,77.17,Fair,Fair
-102.3,6.35,51.54,0.65,43.73,Fair,Fair
-103.96,7.16,46.65,0.45,87.37,Fair,Fair
-85.42,18.07,49.07,0.53,112.47,Good,Good
-89.25,14.21,89.4,1.13,198.6,Fair,Fair
-92.11,16.86,73.98,0.69,155.88,Good,Good
-103.69,6.53,42.09,0.0,46.37,Fair,Fair
-95.57,10.93,85.47,1.02,141.51,Fair,Fair
-92.83,14.83,118.44,1.84,243.45,Fair,Fair
-93.32,17.09,87.38,0.74,216.73,Fair,Fair
-90.74,12.85,54.53,0.45,86.88,Fair,Fair
-85.89,16.87,64.28,0.58,154.24,Good,Good
-85.38,17.36,93.56,1.12,216.5,Fair,Fair
-82.19,19.36,83.91,0.77,205.21,Good,Good
-105.3,5.34,86.19,0.67,104.23,Poor,Poor
-97.71,14.36,72.07,0.61,102.25,Fair,Fair
-105.89,7.92,83.8,0.8,142.31,Poor,Poor
-105.82,6.34,67.94,0.69,77.32,Fair,Fair
-88.04,17.38,104.74,1.49,239.45,Fair,Fair
-107.51,4.03,80.91,0.62,102.61,Poor,Poor
-87.91,14.11,60.02,0.38,96.55,Good,Good
-96.4,9.72,74.53,0.62,127.31,Fair,Fair
-92.99,13.71,85.23,0.36,167.68,Fair,Fair
-95.32,10.66,44.47,0.11,52.71,Fair,Fair
-84.88,17.75,61.34,0.06,79.16,Good,Good
-82.93,13.89,103.36,1.74,200.25,Fair,Fair
-99.67,11.93,50.77,0.2,48.27,Fair,Fair
-91.48,18.2,90.18,1.3,223.77,Fair,Fair
-103.98,4.96,75.23,0.72,109.08,Fair,Fair
-104.11,6.19,74.82,0.5,81.92,Fair,Fair
-87.51,18.61,85.24,1.04,106.65,Fair,Fair
-96.87,10.27,90.36,1.01,184.03,Fair,Fair
-90.89,16.57,52.16,0.45,59.54,Good,Good
-105.05,8.25,46.49,0.41,48.62,Poor,Poor
-94.54,13.07,112.13,0.97,250.9,Fair,Fair
-87.37,14.21,67.39,0.36,140.83,Good,Good
-94.57,12.27,78.24,1.29,124.78,Fair,Fair
-85.96,19.47,61.8,0.36,131.98,Good,Good
-86.71,16.41,48.53,0.74,90.74,Good,Good
-97.92,6.29,72.37,1.19,104.69,Fair,Fair
-92.92,13.72,97.21,1.32,193.9,Fair,Fair
-93.83,16.08,73.67,0.46,145.75,Good,Good
-90.68,15.17,52.8,0.63,84.97,Good,Good
-104.66,5.94,73.62,1.0,105.28,Fair,Fair
-97.53,8.13,86.58,0.42,151.29,Fair,Fair
-94.89,11.86,46.82,0.13,73.34,Fair,Fair
-79.66,20.01,45.35,0.0,95.55,Good,Good
-91.64,17.87,87.36,0.82,223.57,Fair,Fair
-95.8,14.88,61.67,0.14,129.72,Fair,Fair
-99.82,3.6,52.02,0.74,51.13,Fair,Fair
-102.46,7.86,44.0,0.62,48.36,Fair,Fair
-88.79,16.61,101.28,1.14,211.32,Fair,Fair
-85.56,17.67,83.49,0.47,177.34,Good,Good
-84.76,16.16,95.94,1.33,195.8,Fair,Fair
-91.57,14.26,56.55,0.18,76.88,Fair,Fair
-98.73,12.47,66.02,0.37,75.45,Fair,Fair
-101.2,8.66,35.99,0.0,46.21,Fair,Fair
-95.8,8.11,100.2,1.54,149.29,Poor,Poor
-85.12,18.52,82.81,1.16,166.84,Fair,Fair
-90.47,11.07,89.74,1.42,160.6,Fair,Fair
-95.52,14.42,94.87,0.93,183.11,Fair,Fair
-104.48,9.98,65.26,0.0,106.47,Fair,Fair
-92.93,14.78,115.42,1.82,266.59,Fair,Fair
-91.15,17.39,49.56,0.79,71.71,Good,Good
-100.31,10.74,54.4,0.64,78.75,Fair,Fair
-90.9,15.09,100.33,1.27,215.22,Fair,Fair
-85.75,18.23,66.82,0.33,113.73,Good,Good
-94.57,12.34,74.46,0.42,125.35,Fair,Fair
-94.98,13.92,124.7,1.71,263.83,Fair,Fair
-83.02,16.31,61.11,0.77,115.74,Good,Good
-90.01,14.63,96.74,1.09,205.39,Fair,Fair
-89.44,16.32,62.97,0.0,113.87,Good,Good
-95.89,13.82,66.26,0.66,110.98,Fair,Fair
-85.82,16.7,90.56,1.07,190.98,Fair,Fair
-93.66,11.5,65.03,0.87,97.92,Fair,Fair
-92.91,15.51,126.81,1.96,278.23,Fair,Fair
-102.67,5.68,82.12,0.78,113.68,Fair,Fair
-105.97,8.01,60.27,0.68,63.4,Fair,Fair
-98.21,10.01,113.19,1.17,206.6,Fair,Fair
-95.32,16.43,56.28,0.52,80.68,Good,Good
-84.12,14.57,60.2,0.19,97.43,Good,Good
-83.63,15.42,86.84,0.69,159.96,Good,Good
-95.13,13.46,96.35,1.01,214.41,Fair,Fair
-86.29,15.01,52.92,0.07,94.55,Good,Good
-88.8,15.95,58.79,0.79,94.07,Good,Good
-94.14,13.58,111.03,1.36,243.32,Fair,Fair
-94.53,13.97,103.44,1.29,207.33,Fair,Fair
-91.3,16.64,98.74,1.38,205.04,Fair,Fair
-85.64,15.63,49.26,0.44,70.03,Good,Good
-85.89,14.25,43.63,0.29,61.31,Good,Good
-93.28,14.21,95.22,0.74,192.73,Fair,Fair
-105.69,6.6,67.95,0.58,91.29,Fair,Fair
-105.91,6.26,77.87,0.71,110.39,Fair,Fair
-81.13,16.1,104.29,0.98,241.17,Good,Good
-89.67,13.64,87.78,0.82,172.98,Fair,Fair
-89.72,14.93,76.98,0.52,140.98,Good,Good
-101.66,10.91,105.73,1.17,180.02,Fair,Fair
-93.62,17.21,62.94,0.55,121.07,Good,Good
-103.42,7.87,93.26,1.31,147.15,Poor,Poor
-91.37,19.33,67.99,0.76,124.33,Good,Good
-98.16,9.48,73.36,0.62,107.81,Fair,Fair
-101.75,10.58,90.58,0.78,158.9,Fair,Fair
-89.85,14.55,58.75,0.25,93.09,Good,Good
-96.55,10.88,63.12,0.77,75.83,Fair,Fair
-91.99,17.63,59.89,0.3,108.76,Good,Good
-92.95,13.05,80.0,0.92,135.31,Fair,Fair
-91.41,13.59,98.35,1.22,193.51,Fair,Fair
-90.24,14.0,94.25,1.28,184.08,Fair,Fair
-87.56,18.26,82.4,1.13,192.09,Fair,Fair
-99.94,13.95,56.92,0.5,78.16,Fair,Fair
-103.87,6.5,83.9,0.85,133.32,Fair,Fair
-91.59,11.99,77.07,0.43,138.63,Fair,Fair
-87.5,15.57,67.51,0.44,117.88,Good,Good
-92.41,16.21,116.73,1.33,276.38,Fair,Fair
-92.83,15.49,54.06,0.0,139.78,Good,Good
-90.7,12.72,110.24,1.41,207.97,Fair,Fair
-97.22,13.64,107.19,1.28,212.17,Fair,Fair
-99.19,13.16,74.78,0.51,131.93,Fair,Fair
-105.11,6.27,59.65,0.71,78.85,Fair,Fair
-90.64,14.47,102.31,1.23,216.33,Fair,Fair
-114.75,7.29,131.38,4.81,90.94,Poor,Poor
-85.67,16.87,64.56,0.44,118.99,Good,Good
-104.61,8.23,57.33,0.85,87.56,Fair,Fair
-104.91,8.47,47.05,0.29,38.42,Fair,Fair
-101.34,11.8,89.04,1.03,147.43,Fair,Fair
-103.76,10.89,163.23,5.11,136.23,Poor,Poor
-92.05,17.09,89.45,1.01,214.47,Fair,Fair
-92.04,14.93,52.12,0.37,62.26,Fair,Fair
-83.64,19.92,56.09,0.11,100.6,Good,Good
-85.47,19.75,60.32,0.49,113.88,Good,Good
-100.35,7.7,69.77,0.48,82.81,Fair,Fair
-104.21,8.43,47.06,0.38,50.12,Fair,Fair
-101.94,6.25,65.12,0.56,66.36,Fair,Fair
-84.14,17.76,107.8,0.83,266.9,Good,Good
-98.27,10.75,104.76,1.13,181.94,Fair,Fair
-87.6,14.37,74.02,0.6,149.86,Good,Good
-91.4,15.07,73.62,0.73,134.49,Good,Good
-90.72,15.13,90.43,1.27,187.34,Fair,Fair
-102.69,6.66,62.12,0.59,59.87,Fair,Fair
-103.15,4.71,66.15,0.59,88.96,Fair,Fair
-100.76,9.64,38.41,0.44,32.99,Fair,Fair
-93.06,17.91,53.0,0.0,86.6,Good,Good
-96.29,12.18,101.7,1.5,191.38,Fair,Fair
-87.44,13.15,104.24,1.12,218.92,Fair,Fair
-94.03,11.55,60.6,0.5,96.2,Fair,Fair
-91.66,16.42,80.56,0.56,153.41,Fair,Fair
-103.91,9.75,47.98,0.54,64.46,Fair,Fair
-86.53,15.92,120.47,2.06,299.77,Fair,Fair
-84.73,20.43,72.98,0.59,161.87,Good,Good
-93.71,16.73,96.92,1.47,215.14,Fair,Fair
-99.5,11.27,92.69,0.92,165.43,Fair,Fair
-105.51,6.49,61.12,0.38,67.79,Fair,Fair
-90.37,17.84,80.34,0.8,177.42,Fair,Fair
-94.35,10.35,52.99,0.48,78.5,Fair,Fair
-90.07,16.26,61.92,0.71,101.63,Good,Good
-89.5,12.5,56.44,0.31,82.92,Good,Good
-86.84,18.58,86.73,1.39,185.05,Fair,Fair
-91.29,13.61,112.23,0.94,206.26,Fair,Fair
-106.39,3.64,94.15,1.27,121.43,Poor,Poor
-89.36,17.5,63.57,0.7,83.37,Good,Good
-90.91,15.3,86.18,1.03,174.58,Fair,Fair
-83.59,17.04,93.77,1.22,217.57,Fair,Fair
-100.59,12.14,89.81,0.71,143.45,Fair,Fair
-89.88,12.2,85.58,0.63,152.84,Fair,Fair
-87.84,15.06,56.53,0.0,95.5,Good,Good
-103.75,6.74,61.11,0.34,93.83,Fair,Fair
-98.92,11.69,73.54,0.47,109.54,Fair,Fair
-90.9,14.57,74.02,0.84,140.33,Fair,Fair
-92.67,13.37,105.06,1.46,216.34,Fair,Fair
-86.46,16.26,57.14,0.0,122.8,Good,Good
-86.3,19.95,63.71,0.76,106.18,Good,Good
-94.4,14.52,63.56,0.19,118.14,Fair,Fair
-91.53,17.02,82.66,0.89,174.34,Fair,Fair
-96.67,12.14,102.15,1.32,199.37,Fair,Fair
-98.34,14.95,61.67,0.27,119.29,Fair,Fair
-91.05,16.46,66.06,0.82,116.45,Good,Good
-88.77,17.84,72.88,0.22,139.55,Good,Good
-102.65,11.67,64.09,0.39,125.25,Fair,Fair
-87.24,15.26,85.09,0.97,144.93,Good,Good
-92.76,12.49,96.16,1.03,179.28,Fair,Fair
-93.93,14.25,64.5,0.5,97.44,Fair,Fair
-98.94,10.02,84.71,0.8,132.46,Fair,Fair
-93.32,13.7,85.33,0.7,193.11,Fair,Fair
-85.78,17.83,77.95,0.4,168.71,Good,Good
-86.64,18.24,85.76,0.97,221.15,Good,Good
-90.37,15.98,93.59,1.11,194.58,Fair,Fair
-101.48,12.29,80.21,1.54,144.82,Fair,Fair
-109.98,9.45,74.51,0.69,118.57,Fair,Fair
-94.61,13.77,65.72,0.0,107.04,Fair,Fair
-87.89,12.43,74.04,0.61,118.93,Good,Good
-97.56,9.85,104.72,1.13,180.57,Poor,Poor
-102.97,7.41,60.36,0.0,62.99,Fair,Fair
-101.24,6.73,69.79,0.87,92.31,Fair,Fair
-95.29,14.49,85.22,0.96,158.47,Fair,Fair
-107.09,6.14,61.76,0.22,72.85,Fair,Fair
-90.92,17.66,74.65,0.72,132.4,Good,Good
-94.68,13.89,79.13,0.79,134.5,Fair,Fair
-88.78,15.32,121.64,1.47,288.22,Fair,Fair
-100.5,10.33,82.5,0.92,138.77,Fair,Fair
-84.65,16.08,118.52,1.29,279.68,Fair,Fair
-88.01,16.16,88.84,1.28,213.18,Fair,Fair
-90.72,12.56,129.58,1.86,260.64,Fair,Fair
-97.05,11.0,79.71,0.54,161.32,Fair,Fair
-88.41,16.9,112.29,1.03,287.87,Fair,Fair
-100.18,13.06,77.14,1.12,122.92,Fair,Fair
-85.69,19.1,75.5,0.61,158.68,Good,Good
-91.91,12.79,58.76,0.5,93.86,Fair,Fair
-83.91,15.77,69.01,0.52,113.01,Good,Good
-89.85,16.95,101.12,0.59,224.54,Good,Good
-95.9,10.31,72.4,0.15,124.39,Fair,Fair
-97.38,14.4,86.66,0.94,167.19,Fair,Fair
-88.63,16.21,52.3,0.53,78.31,Good,Good
-103.88,9.12,45.23,0.72,39.34,Fair,Fair
-87.59,15.12,79.66,0.29,130.56,Good,Good
-86.34,16.42,106.32,0.78,242.05,Good,Good
-85.99,14.74,60.1,0.32,104.72,Good,Good
-101.24,11.07,100.58,1.11,173.52,Fair,Fair
-92.24,18.06,66.46,1.1,152.24,Fair,Fair
-98.26,12.07,100.21,1.52,206.28,Fair,Fair
-89.55,17.21,68.2,0.45,141.03,Good,Good
-87.16,16.9,109.2,1.39,244.31,Fair,Fair
-84.47,17.94,70.52,0.61,136.99,Good,Good
-91.03,17.54,54.71,0.19,111.61,Good,Good
-90.69,13.98,71.03,0.92,146.69,Fair,Fair
-85.05,18.14,71.74,0.69,154.61,Good,Good
-95.25,10.17,76.05,0.67,121.68,Fair,Fair
-90.73,16.37,58.54,0.2,117.3,Good,Good
-88.26,14.44,105.88,1.3,218.34,Fair,Fair
-105.36,5.72,46.81,0.18,46.7,Poor,Poor
-79.41,18.19,71.5,0.59,163.79,Good,Good
-99.2,10.34,97.29,0.64,167.76,Fair,Fair
-98.76,9.44,96.04,0.99,179.13,Fair,Fair
-105.74,10.48,182.24,5.69,110.45,Poor,Poor
-90.63,17.46,99.14,0.62,262.05,Fair,Fair
-77.72,17.54,63.91,0.43,126.1,Good,Good
-87.28,19.0,94.05,1.23,199.26,Fair,Fair
-100.14,14.99,66.15,0.52,116.47,Fair,Fair
-89.26,14.31,83.08,0.85,175.2,Fair,Fair
-90.1,15.66,75.23,0.86,168.36,Good,Good
-95.51,10.89,89.02,0.85,155.27,Fair,Fair
-83.13,16.47,38.06,0.81,70.18,Good,Good
-88.9,14.23,73.31,1.22,125.62,Fair,Fair
-93.58,15.36,85.12,0.78,169.4,Fair,Fair
-99.35,6.12,70.35,0.51,72.84,Fair,Fair
-97.77,12.45,78.74,0.85,132.65,Fair,Fair
-97.34,11.1,49.17,0.0,72.85,Fair,Fair
-104.87,6.47,33.77,0.34,26.16,Fair,Fair
-88.74,15.51,66.84,0.65,134.41,Good,Good
-85.61,17.16,65.8,1.02,140.43,Good,Good
-101.86,5.44,67.2,0.61,68.12,Fair,Fair
-86.13,18.22,85.68,0.55,180.53,Good,Good
-86.01,15.85,95.66,0.91,192.47,Good,Good
-103.47,8.17,78.77,0.77,106.01,Fair,Fair
-86.19,18.48,74.07,0.86,157.94,Good,Good
-103.49,7.83,78.7,0.94,123.53,Fair,Fair
-98.18,7.47,87.32,0.88,128.25,Fair,Fair
-91.87,14.88,92.96,0.9,175.57,Fair,Fair
-102.2,7.59,67.46,0.69,82.0,Fair,Fair
-103.82,6.41,57.24,0.41,54.66,Fair,Fair
-87.47,18.67,75.77,0.66,163.68,Good,Good
-100.05,7.8,84.14,1.17,118.73,Poor,Poor
-89.11,14.75,56.78,0.0,85.52,Good,Good
-94.26,14.29,112.92,1.34,232.58,Fair,Fair
-90.61,12.57,127.28,1.42,223.39,Fair,Fair
-88.74,18.55,93.08,1.14,207.19,Fair,Fair
-89.13,14.36,61.15,0.4,96.86,Good,Good
-92.93,14.4,86.73,0.98,175.05,Fair,Fair
-88.93,17.67,45.75,0.53,81.85,Good,Good
-95.4,14.2,78.47,0.7,136.9,Fair,Fair
-104.43,6.15,67.97,0.44,86.47,Fair,Fair
-103.61,6.05,70.78,0.57,73.38,Fair,Fair
-107.64,7.01,174.58,7.92,186.33,Poor,Poor
-90.0,15.12,94.32,1.2,198.92,Fair,Fair
-90.4,14.06,94.79,1.31,212.34,Fair,Fair
-104.0,4.69,50.12,0.2,50.6,Fair,Fair
-82.83,18.46,91.12,1.09,225.38,Fair,Fair
-99.97,9.91,81.93,1.58,115.96,Poor,Poor
-102.16,8.15,52.73,0.0,80.89,Fair,Fair
-88.62,17.9,95.36,1.08,225.66,Fair,Fair
-92.04,13.89,77.26,0.29,127.87,Fair,Fair
-99.76,13.15,65.2,0.61,129.43,Fair,Fair
-103.83,9.91,40.35,0.27,60.69,Fair,Fair
-109.67,7.65,90.11,1.09,136.35,Poor,Poor
-103.11,6.39,54.59,0.53,52.8,Fair,Fair
-105.62,5.39,70.24,0.62,88.33,Fair,Fair
-104.74,7.69,42.32,0.22,40.07,Fair,Fair
-84.5,17.51,100.97,0.85,185.17,Good,Good
-104.89,6.17,49.7,0.17,59.59,Fair,Fair
-99.63,11.07,81.86,0.8,159.87,Fair,Fair
-87.7,15.83,39.38,0.22,84.34,Good,Good
-105.53,8.14,70.05,0.76,98.54,Fair,Fair
-97.25,11.72,59.57,0.45,101.15,Fair,Fair
-100.29,7.55,47.3,0.4,49.3,Fair,Fair
-102.52,8.08,42.14,0.25,51.41,Fair,Fair
-88.78,18.29,68.66,0.19,123.59,Good,Good
-85.31,15.43,53.24,0.29,93.67,Good,Good
-87.81,14.63,86.3,0.6,153.15,Fair,Fair
-85.17,17.27,68.21,0.72,140.08,Good,Good
-105.75,8.33,62.17,0.4,61.45,Fair,Fair
-90.41,15.08,71.61,0.8,147.51,Good,Good
-93.21,13.37,89.3,0.84,208.93,Fair,Fair
-89.13,17.12,87.83,0.8,158.59,Good,Good
-93.94,12.69,81.57,0.68,146.06,Fair,Fair
-95.29,11.07,79.27,0.52,159.83,Fair,Fair
-102.73,7.98,71.61,0.86,76.93,Fair,Fair
-93.11,15.56,89.09,0.99,208.67,Fair,Fair
-104.31,6.83,69.36,0.45,76.2,Fair,Fair
-87.09,19.93,66.99,0.51,126.15,Good,Good
-83.92,13.1,78.67,0.95,170.37,Good,Good
-98.51,11.84,60.13,0.16,93.16,Fair,Fair
-107.91,11.66,104.85,4.88,98.15,Poor,Poor
-82.56,15.72,88.22,1.03,226.02,Fair,Fair
-90.97,19.13,56.27,0.34,83.9,Good,Good
-101.75,11.81,85.67,1.03,164.35,Fair,Fair
-94.93,12.39,106.28,1.54,239.12,Fair,Fair
-93.24,13.03,89.46,1.51,198.27,Fair,Fair
-101.34,7.1,45.87,0.6,25.67,Fair,Fair
-79.0,19.08,66.67,0.29,119.36,Good,Good
-89.69,15.37,100.87,1.08,213.56,Fair,Fair
-98.25,14.73,54.86,0.25,84.6,Fair,Fair
-106.34,8.41,53.55,0.42,52.99,Fair,Fair
-79.89,16.15,65.25,0.53,154.45,Good,Good
-84.4,16.0,65.52,0.77,131.97,Good,Good
-87.65,16.24,53.72,0.32,115.14,Good,Good
-102.19,10.59,92.42,1.06,143.69,Fair,Fair
-95.72,12.63,75.52,0.32,124.8,Fair,Fair
-91.13,14.7,86.14,1.12,175.46,Fair,Fair
-98.91,14.22,80.09,0.92,163.23,Fair,Fair
-94.0,10.16,81.52,1.15,143.44,Fair,Fair
-97.35,9.96,37.5,0.63,37.17,Fair,Fair
-91.84,15.53,69.45,0.48,98.05,Good,Good
-92.71,14.11,82.14,0.79,149.52,Fair,Fair
-86.83,16.5,60.94,0.77,111.89,Good,Good
-90.64,14.19,81.06,1.13,174.7,Fair,Fair
-99.8,13.27,60.64,0.46,91.13,Fair,Fair
-88.07,15.59,80.16,0.85,163.8,Good,Good
-85.2,16.38,86.72,0.92,179.87,Good,Good
-92.35,17.8,72.95,0.94,168.88,Good,Good
-101.62,7.79,57.49,0.2,78.57,Fair,Fair
-85.95,18.18,94.79,1.2,199.95,Fair,Fair
-93.22,10.08,57.14,0.21,97.37,Fair,Fair
-94.91,14.76,102.27,0.86,215.3,Fair,Fair
-93.78,12.79,105.48,1.55,229.33,Fair,Fair
-90.17,15.22,56.63,0.33,96.49,Good,Good
-107.6,6.52,62.05,0.55,92.49,Fair,Fair
-106.13,6.36,51.97,0.04,50.14,Fair,Fair
-83.33,17.17,80.86,1.17,180.21,Fair,Fair
-84.63,15.56,108.07,0.99,238.84,Good,Good
-88.72,13.77,61.22,0.53,85.25,Good,Good
-95.37,12.43,47.55,0.58,99.4,Fair,Fair
-87.94,16.83,61.86,0.36,101.88,Good,Good
-89.69,15.9,64.77,0.48,99.01,Good,Good
-88.42,15.24,95.23,1.13,206.81,Fair,Fair
-96.13,9.14,59.49,0.3,71.13,Fair,Fair
-82.26,15.78,50.79,0.0,86.62,Good,Good
-103.33,8.43,56.19,0.46,83.2,Fair,Fair
-89.34,16.19,59.3,0.57,89.26,Good,Good
-90.38,16.01,129.93,1.75,302.67,Fair,Fair
-92.33,11.78,48.19,0.16,65.78,Fair,Fair
-90.09,13.79,71.11,0.4,139.27,Fair,Fair
-87.69,15.88,53.96,0.36,91.49,Good,Good
-88.84,16.81,46.18,0.01,82.57,Good,Good
-94.32,14.38,72.78,0.43,154.63,Fair,Fair
-97.63,11.59,103.3,1.34,197.76,Fair,Fair
-87.49,16.5,121.61,1.61,270.18,Fair,Fair
-93.49,14.26,58.89,0.58,126.55,Fair,Fair
-102.8,6.05,50.45,0.75,61.53,Fair,Fair
-105.75,8.29,57.43,0.47,63.83,Fair,Fair
-92.4,16.52,93.09,0.75,211.35,Fair,Fair
-104.0,6.43,58.33,0.64,85.38,Fair,Fair
-99.28,12.31,72.15,0.58,128.65,Fair,Fair
-96.97,9.96,88.2,1.01,126.74,Poor,Poor
-100.85,5.21,65.77,0.36,85.95,Fair,Fair
-89.94,14.65,62.69,0.54,103.22,Good,Good
-100.23,8.48,50.86,0.0,57.1,Fair,Fair
-85.02,18.67,97.72,0.63,223.46,Good,Good
-102.02,11.26,76.8,0.47,128.95,Fair,Fair
-105.46,7.38,52.5,0.11,61.75,Fair,Fair
-95.76,12.23,64.76,0.33,91.55,Fair,Fair
-98.0,10.03,47.8,0.18,73.11,Fair,Fair
-94.0,15.57,91.3,1.05,182.22,Fair,Fair
-87.36,16.35,58.17,0.61,103.17,Good,Good
-98.17,14.7,49.93,0.25,74.23,Fair,Fair
-103.93,5.23,74.08,0.69,94.66,Fair,Fair
-99.4,10.52,81.16,0.64,150.48,Fair,Fair
-94.22,13.56,65.6,0.77,106.26,Fair,Fair
-89.92,16.98,92.28,0.4,189.36,Good,Good
-88.16,15.9,77.08,0.72,162.02,Good,Good
-106.06,7.55,68.5,0.42,87.99,Fair,Fair
-121.47,0.66,127.52,4.95,41.13,Poor,Poor
-88.71,16.23,65.42,0.56,179.75,Good,Good
-84.13,17.86,65.77,0.67,139.59,Good,Good
-99.9,8.07,55.41,0.41,61.4,Fair,Fair
-97.6,11.89,97.34,1.27,183.42,Fair,Fair
-86.95,15.6,105.62,1.94,221.77,Fair,Fair
-96.69,12.02,80.9,1.57,133.02,Fair,Fair
-81.47,17.26,89.77,1.11,183.97,Fair,Fair
-90.19,17.77,55.29,0.45,104.72,Good,Good
-106.51,6.1,58.35,0.43,52.36,Fair,Fair
-102.99,10.14,76.23,0.05,113.98,Fair,Fair
-98.55,11.5,86.51,0.87,152.49,Fair,Fair
-85.42,20.21,79.07,0.65,143.79,Good,Good
-88.5,16.33,49.96,0.35,92.4,Good,Good
-87.64,14.79,89.27,0.94,190.65,Fair,Fair
-89.0,14.58,84.56,0.63,141.65,Fair,Fair
-91.65,12.47,74.72,0.78,134.14,Fair,Fair
-99.45,5.97,53.45,0.32,80.82,Fair,Fair
-93.26,14.43,66.21,0.89,138.44,Fair,Fair
-80.87,17.07,69.55,0.09,156.34,Good,Good
-94.07,14.04,103.32,0.91,241.51,Fair,Fair
-93.66,13.89,123.6,1.71,259.51,Fair,Fair
-95.33,13.96,83.66,0.89,187.68,Fair,Fair
-104.77,7.64,45.53,0.0,50.47,Fair,Fair
-87.38,15.63,109.68,1.15,266.12,Fair,Fair
-87.66,15.67,57.26,0.61,104.6,Good,Good
-96.82,14.36,49.07,0.0,60.15,Fair,Fair
-94.28,14.07,90.1,0.94,155.32,Fair,Fair
-92.39,15.79,74.56,1.12,146.33,Fair,Fair
-95.63,10.99,71.36,0.95,115.37,Fair,Fair
-90.16,16.28,41.44,0.25,84.63,Good,Good
-92.71,15.89,64.68,0.19,127.83,Good,Good
-91.08,13.57,60.46,0.4,87.16,Fair,Fair
-104.28,5.67,79.87,1.07,103.41,Fair,Fair
-98.65,11.14,89.58,1.4,159.26,Fair,Fair
-93.99,10.88,73.37,1.08,109.78,Fair,Fair
-90.76,15.18,84.57,0.58,194.38,Fair,Fair
-96.61,11.28,51.68,0.19,96.65,Fair,Fair
-96.24,13.92,120.31,1.65,240.5,Fair,Fair
-92.26,14.62,70.25,0.28,117.44,Fair,Fair
-106.2,6.08,68.15,0.83,76.67,Fair,Fair
-96.11,16.15,87.2,1.37,192.04,Fair,Fair
-85.32,16.48,89.85,1.25,206.12,Fair,Fair
-85.4,15.57,61.98,0.45,96.13,Good,Good
-85.4,16.32,120.99,1.87,310.35,Fair,Fair
-116.62,0.61,155.25,3.67,58.5,Poor,Poor
-89.62,13.44,71.72,0.56,109.21,Good,Good
-91.35,15.12,74.39,0.95,137.45,Good,Good
-97.05,11.44,99.36,1.6,186.93,Fair,Fair
-97.39,14.09,64.92,0.54,75.27,Fair,Fair
-82.06,16.41,100.65,1.04,215.48,Fair,Fair
-91.41,13.94,61.35,0.61,100.91,Fair,Fair
-96.39,11.17,61.01,0.67,102.35,Fair,Fair
-104.95,6.63,82.21,0.57,88.33,Fair,Fair
-103.36,5.13,47.74,0.0,51.49,Fair,Fair
-96.93,13.5,62.13,1.13,131.55,Fair,Fair
-85.69,13.9,83.95,0.48,181.68,Fair,Fair
-100.79,7.25,47.55,0.15,39.47,Fair,Fair
-92.24,14.91,50.35,0.63,52.54,Fair,Fair
-102.95,7.68,66.24,0.45,60.04,Fair,Fair
-100.3,11.19,72.08,0.44,127.66,Fair,Fair
-98.7,11.4,71.14,0.58,133.83,Fair,Fair
-96.24,11.6,70.58,0.4,127.01,Fair,Fair
-98.57,8.27,57.22,0.73,69.14,Fair,Fair
-79.67,18.0,55.73,0.11,84.56,Good,Good
-87.93,15.42,112.81,1.3,254.75,Fair,Fair
-105.9,6.53,42.96,0.51,55.45,Fair,Fair
-85.17,17.8,91.79,1.3,218.13,Fair,Fair
-104.66,7.91,79.53,0.43,111.35,Fair,Fair
-90.06,18.18,41.83,0.58,81.78,Good,Good
-88.6,15.12,103.92,1.42,231.93,Fair,Fair
-85.73,14.52,57.94,0.65,89.32,Good,Good
-94.85,12.62,49.74,0.32,85.04,Fair,Fair
-93.95,16.97,122.38,1.95,296.79,Fair,Fair
-88.69,18.23,52.98,0.66,102.0,Good,Good
-94.13,12.86,77.31,1.16,129.24,Fair,Fair
-91.55,14.11,54.75,0.28,81.74,Fair,Fair
-90.06,15.07,55.39,0.16,90.45,Good,Good
-90.98,13.8,107.79,1.46,230.85,Fair,Fair
-82.86,18.0,57.21,0.24,117.47,Good,Good
-91.8,13.81,120.75,1.7,260.79,Fair,Fair
-82.01,18.68,46.05,0.03,94.54,Good,Good
-95.96,14.69,56.27,0.41,93.23,Fair,Fair
-92.02,15.02,41.69,0.06,53.19,Good,Good
-96.62,11.91,71.65,0.65,124.38,Fair,Fair
-92.32,11.91,58.77,0.75,74.96,Fair,Fair
-98.21,8.27,48.89,0.33,41.08,Fair,Fair
-97.07,12.5,109.48,1.41,205.96,Fair,Fair
-90.96,7.81,112.31,1.81,164.13,Poor,Poor
-87.81,18.29,71.92,0.37,165.28,Good,Good
-84.68,14.38,104.38,1.28,220.5,Fair,Fair
-98.63,11.78,72.72,0.74,110.3,Fair,Fair
-102.82,10.5,61.62,0.66,71.51,Fair,Fair
-85.69,17.83,77.51,0.87,138.66,Good,Good
-108.3,8.51,54.49,0.8,66.38,Fair,Fair
-93.99,13.86,47.66,0.59,84.2,Fair,Fair
-91.82,19.16,67.9,0.38,140.77,Good,Good
-88.89,16.1,84.62,1.11,174.04,Fair,Fair
-101.93,12.67,81.23,0.75,142.81,Fair,Fair
-88.97,14.28,90.6,1.1,213.15,Fair,Fair
-84.66,15.49,110.24,1.45,245.43,Fair,Fair
-94.93,13.45,85.09,0.5,179.24,Fair,Fair
-83.01,16.39,107.45,1.29,245.3,Fair,Fair
-103.49,5.25,61.37,0.88,66.62,Fair,Fair
-104.25,5.35,69.43,0.98,96.42,Fair,Fair
-94.66,16.77,64.51,0.28,112.72,Good,Good
-84.3,17.71,74.34,0.53,156.7,Good,Good
-83.61,17.12,79.02,0.98,191.54,Good,Good
-94.33,10.93,65.16,0.63,96.45,Fair,Fair
-104.07,10.76,39.96,0.17,31.03,Fair,Fair
-91.65,17.34,100.37,1.17,214.41,Fair,Fair
-104.21,5.11,81.62,0.6,119.21,Fair,Fair
-86.16,15.06,54.07,0.59,104.1,Good,Good
-101.46,8.11,52.37,0.52,76.26,Fair,Fair
-101.44,4.92,63.08,0.3,72.49,Fair,Fair
-82.62,16.41,94.47,1.22,214.21,Fair,Fair
-82.88,16.77,59.13,0.28,137.64,Good,Good
-94.05,16.96,54.19,0.28,80.53,Good,Good
-99.32,10.47,52.25,0.72,73.41,Fair,Fair
-82.96,16.84,73.64,0.87,157.5,Good,Good
-85.34,17.56,51.18,0.02,53.13,Good,Good
-85.76,17.93,56.06,0.36,105.71,Good,Good
-108.1,7.73,61.9,0.51,69.83,Fair,Fair
-86.2,18.75,77.11,0.87,161.33,Good,Good
-82.31,17.11,48.55,0.48,72.82,Good,Good
-87.93,15.4,78.24,0.68,134.95,Good,Good
-99.12,12.0,67.14,0.45,129.4,Fair,Fair
-88.65,13.68,94.37,0.9,207.72,Fair,Fair
-86.69,19.74,69.42,0.95,164.49,Good,Good
-101.2,8.15,45.4,0.29,56.81,Fair,Fair
-87.58,14.82,89.4,1.21,213.21,Fair,Fair
-88.98,17.47,73.26,0.77,168.91,Good,Good
-119.22,4.82,129.28,5.33,32.77,Poor,Poor
-89.61,15.08,111.27,1.63,252.0,Fair,Fair
-94.93,13.02,98.52,0.99,207.79,Fair,Fair
-90.66,12.72,84.55,0.48,162.6,Fair,Fair
-88.4,11.84,77.65,0.79,152.3,Good,Good
-97.9,11.93,53.12,0.31,84.36,Fair,Fair
-91.23,14.07,90.24,1.26,179.23,Fair,Fair
-91.85,13.61,81.61,0.62,162.67,Fair,Fair
-103.41,5.05,81.87,0.89,103.81,Fair,Fair
-89.08,17.42,97.7,1.18,227.38,Fair,Fair
-93.97,14.77,95.1,1.32,241.35,Fair,Fair
-92.14,16.01,81.59,0.43,156.01,Fair,Fair
-103.52,5.89,81.95,0.73,129.68,Fair,Fair
-93.16,15.88,83.07,0.57,191.75,Fair,Fair
-104.32,8.21,66.12,0.84,97.3,Fair,Fair
-94.07,11.59,74.08,0.36,134.51,Fair,Fair
-85.27,17.45,86.25,0.66,176.26,Good,Good
-92.61,15.95,71.24,0.58,153.63,Good,Good
-102.74,6.67,41.46,0.65,37.13,Fair,Fair
-98.89,6.39,56.2,0.34,72.4,Fair,Fair
-100.45,7.46,117.79,1.25,195.26,Poor,Poor
-86.76,14.61,87.12,1.04,176.65,Fair,Fair
-99.92,11.57,54.58,0.03,65.83,Fair,Fair
-84.07,15.15,51.6,0.3,112.65,Good,Good
-99.28,10.62,107.04,1.14,202.37,Fair,Fair
-97.99,14.09,79.77,1.22,133.48,Fair,Fair
-88.2,15.68,87.57,0.61,171.4,Good,Good
-103.96,6.62,63.27,0.56,86.94,Fair,Fair
-86.13,15.55,110.65,1.37,253.53,Fair,Fair
-84.76,16.45,75.36,0.83,171.14,Good,Good
-90.15,15.92,77.65,0.7,197.51,Good,Good
-89.2,15.62,61.81,0.22,83.32,Good,Good
-96.24,11.11,93.46,1.38,155.7,Fair,Fair
-106.54,7.07,63.74,0.57,68.43,Fair,Fair
-103.52,8.81,44.31,0.25,69.31,Fair,Fair
-103.3,9.06,99.43,1.02,171.94,Poor,Poor
-84.8,16.49,52.67,0.28,96.6,Good,Good
-90.99,14.17,101.55,0.96,213.74,Fair,Fair
-93.12,16.91,123.86,1.28,275.69,Fair,Fair
-103.87,9.64,88.85,0.77,131.12,Fair,Fair
-96.47,9.68,46.74,0.57,65.23,Fair,Fair
-106.07,7.23,80.9,1.12,96.42,Poor,Poor
-85.31,19.98,62.1,0.74,88.94,Good,Good
-89.28,15.8,57.19,0.32,88.62,Good,Good
-86.84,15.16,118.45,1.93,265.96,Fair,Fair
-85.27,17.31,55.93,0.24,110.49,Good,Good
-87.47,16.25,86.11,0.89,168.74,Good,Good
-88.44,18.41,95.55,0.98,230.34,Good,Good
-104.41,9.15,71.23,0.88,90.57,Fair,Fair
-93.83,9.04,108.12,1.53,170.76,Poor,Poor
-101.89,7.39,71.62,0.98,111.17,Fair,Fair
-88.01,19.16,87.43,1.03,196.72,Fair,Fair
-90.41,13.62,98.0,1.37,192.99,Fair,Fair
-93.87,13.98,63.05,0.53,133.29,Fair,Fair
-96.8,12.33,85.16,0.6,134.77,Fair,Fair
-89.29,16.37,59.38,0.18,92.27,Good,Good
-90.59,13.51,87.98,0.65,194.37,Fair,Fair
-104.82,4.18,84.14,0.64,99.95,Fair,Fair
-87.6,17.69,68.1,0.59,146.26,Good,Good
-105.16,8.49,47.25,0.53,71.44,Fair,Fair
-89.1,15.55,70.66,0.72,150.12,Good,Good
-84.32,20.48,89.98,0.76,203.7,Good,Good
-83.85,16.84,65.53,0.33,140.78,Good,Good
-97.21,12.7,81.89,1.08,168.91,Fair,Fair
-99.67,7.41,68.54,0.72,102.57,Fair,Fair
-102.83,8.58,41.04,0.41,57.07,Fair,Fair
-95.8,10.93,63.67,0.65,90.94,Fair,Fair
-88.72,14.19,84.16,0.5,165.22,Fair,Fair
-103.01,9.01,45.25,0.27,38.81,Fair,Fair
-84.31,16.67,92.88,0.99,191.92,Good,Good
-87.25,15.83,86.15,1.38,175.29,Fair,Fair
-96.73,14.36,85.38,0.83,164.0,Fair,Fair
-104.68,6.26,76.67,0.89,88.18,Fair,Fair
-91.0,13.85,123.64,1.49,277.61,Fair,Fair
-94.87,10.86,67.36,0.71,110.57,Fair,Fair
-99.11,10.87,76.97,0.95,137.85,Fair,Fair
-111.53,7.16,73.68,0.76,113.34,Fair,Fair
-102.66,6.37,72.55,0.68,87.66,Fair,Fair
-92.13,11.87,62.38,0.07,81.69,Fair,Fair
-90.48,15.18,55.26,0.57,101.73,Good,Good
-101.47,6.08,67.96,0.58,81.95,Fair,Fair
-91.77,15.77,66.2,0.6,100.04,Good,Good
-93.93,10.84,54.91,0.34,110.08,Fair,Fair
-92.09,11.44,99.3,1.26,172.39,Fair,Fair
-101.48,11.75,89.79,1.0,168.55,Fair,Fair
-98.84,9.59,74.49,0.41,121.83,Fair,Fair
-92.82,15.62,65.7,1.08,130.95,Fair,Fair
-100.04,6.94,45.34,0.0,27.98,Fair,Fair
-86.89,18.17,52.82,0.36,87.69,Good,Good
-93.95,14.65,74.63,0.59,128.87,Fair,Fair
-90.53,13.8,71.24,0.4,116.01,Fair,Fair
-88.67,13.54,114.64,1.37,229.28,Fair,Fair
-93.94,13.06,105.76,1.14,218.82,Fair,Fair
-105.11,5.85,49.02,0.33,44.9,Poor,Poor
-89.43,14.57,65.32,0.82,127.25,Good,Good
-101.13,7.63,69.64,0.93,85.84,Fair,Fair
-82.59,16.35,88.2,1.16,168.53,Fair,Fair
-93.02,13.12,48.82,0.0,67.38,Fair,Fair
-87.07,15.52,59.92,0.69,90.8,Good,Good
-90.7,18.94,47.92,0.74,102.03,Good,Good
-86.72,17.09,67.33,0.5,120.73,Good,Good
-103.3,8.54,76.24,1.01,116.37,Fair,Fair
-91.6,8.87,77.25,0.37,94.73,Fair,Fair
-85.44,15.45,86.63,0.7,159.66,Good,Good
-86.16,15.63,99.44,0.93,216.87,Good,Good
-86.03,16.59,71.49,0.9,121.44,Good,Good
-97.69,9.74,54.09,0.46,74.06,Fair,Fair
-89.71,14.59,96.47,0.97,218.84,Fair,Fair
-91.28,16.93,66.84,0.69,112.94,Good,Good
-88.62,13.42,84.66,1.2,184.69,Fair,Fair
-95.31,16.26,94.16,1.2,245.56,Fair,Fair
-97.04,6.95,54.47,0.0,51.82,Fair,Fair
-90.74,14.55,49.54,0.0,88.8,Fair,Fair
-92.06,15.43,52.87,0.27,83.99,Good,Good
-87.08,18.11,82.87,0.44,219.44,Good,Good
-91.35,17.16,55.29,0.05,90.7,Good,Good
-85.2,17.85,53.58,0.0,95.22,Good,Good
-92.14,14.47,115.76,1.45,242.53,Fair,Fair
-105.83,9.3,49.43,0.47,40.17,Poor,Poor
-85.01,15.54,92.22,1.22,167.62,Fair,Fair
-97.48,16.47,61.86,0.45,104.81,Good,Good
-96.9,13.43,79.96,0.92,140.18,Fair,Fair
-105.28,5.83,74.73,0.63,105.31,Fair,Fair
-90.48,14.98,78.49,0.79,168.56,Fair,Fair
-102.45,4.82,56.68,0.21,52.11,Fair,Fair
-106.2,5.77,39.81,0.63,45.21,Fair,Poor
-88.71,19.05,99.0,1.23,233.18,Fair,Fair
-98.33,12.43,68.07,0.67,118.01,Fair,Fair
-104.01,6.38,70.89,0.25,107.2,Fair,Fair
-85.54,17.05,71.1,0.86,137.36,Good,Good
-104.14,7.92,66.62,0.3,84.28,Fair,Fair
-91.74,11.92,109.9,0.92,235.73,Fair,Fair
-87.39,15.32,105.86,1.04,230.04,Fair,Fair
-103.83,9.64,50.34,0.16,63.83,Fair,Fair
-101.89,7.85,64.21,0.33,70.85,Fair,Fair
-93.05,14.3,100.25,1.33,204.4,Fair,Fair
-86.31,17.43,45.21,0.12,88.45,Good,Good
-103.28,8.31,66.62,0.52,111.48,Fair,Fair
-89.83,14.82,86.79,0.71,160.36,Fair,Fair
-89.66,15.12,102.18,0.79,215.41,Good,Good
-88.25,15.01,95.55,0.97,175.68,Good,Good
-84.61,13.9,61.05,0.19,83.97,Good,Good
-99.38,12.78,71.56,0.63,131.83,Fair,Fair
-96.24,13.57,53.13,0.43,79.6,Fair,Fair
-88.3,14.97,41.67,0.0,81.88,Good,Good
-91.84,15.14,127.4,1.52,288.23,Fair,Fair
-92.96,14.58,126.91,1.67,265.66,Fair,Fair
-86.42,16.31,88.38,0.49,152.12,Good,Good
-88.42,14.84,112.46,1.41,235.55,Fair,Fair
-89.71,14.2,87.18,0.87,171.18,Fair,Fair
-100.99,8.03,70.65,0.86,87.04,Fair,Fair
-91.33,10.98,79.37,1.33,140.52,Fair,Fair
-82.63,18.6,88.05,1.11,197.32,Fair,Fair
-100.54,7.98,59.86,0.46,98.45,Fair,Fair
-103.96,5.95,63.1,0.44,79.83,Fair,Fair
-93.62,11.1,48.43,0.12,51.83,Fair,Fair
-94.74,16.24,85.22,0.69,209.5,Fair,Fair
-97.31,12.34,58.3,0.43,95.75,Fair,Fair
-97.55,15.87,36.23,0.0,54.26,Good,Good
-88.63,15.83,63.4,0.91,131.64,Good,Good
-93.6,7.61,79.7,0.97,123.05,Fair,Fair
-85.52,18.51,102.08,0.75,239.72,Good,Good
-91.44,15.27,80.44,0.52,142.26,Fair,Fair
-90.24,17.97,78.06,0.93,168.78,Good,Good
-84.73,16.34,67.29,0.81,116.52,Good,Good
-87.26,16.67,95.08,0.25,188.59,Good,Good
-94.32,13.7,89.21,0.58,194.48,Fair,Fair
-97.39,9.71,86.31,1.01,148.88,Poor,Poor
-89.65,16.58,99.28,1.2,237.58,Fair,Fair
-87.75,15.1,122.88,1.96,261.87,Fair,Fair
-89.73,14.24,77.99,0.78,154.14,Good,Good
-79.62,18.59,73.19,0.5,151.39,Good,Good
-103.04,8.46,53.99,0.48,38.14,Fair,Fair
-86.05,19.99,86.72,0.68,196.19,Good,Good
-104.26,8.36,44.13,0.62,48.9,Fair,Fair
-83.02,16.3,65.6,0.37,124.86,Good,Good
-82.93,15.46,58.72,0.28,104.73,Good,Good
-87.43,16.43,70.86,0.62,145.26,Good,Good
-100.71,6.69,61.16,0.19,84.7,Fair,Fair
-103.78,6.94,61.52,0.27,68.21,Fair,Fair
-101.34,8.39,49.5,0.19,53.13,Fair,Fair
-83.26,17.09,97.15,0.9,215.19,Good,Good
-98.06,9.04,93.58,1.09,142.28,Poor,Poor
-91.29,14.08,72.09,1.02,129.14,Fair,Fair
-98.27,9.84,67.28,0.98,102.12,Fair,Fair
-88.32,15.5,88.31,0.98,176.61,Good,Good
-91.42,14.57,66.36,0.59,136.65,Fair,Fair
-84.32,19.08,71.52,0.54,98.92,Good,Good
-94.58,11.54,86.17,1.14,148.17,Fair,Fair
-85.91,16.7,47.45,0.59,80.43,Good,Good
-94.01,15.87,70.18,0.8,127.2,Good,Good
-96.6,8.88,96.04,1.31,146.94,Poor,Poor
-89.18,14.8,74.23,0.49,134.94,Good,Good
-89.39,15.45,65.0,0.44,99.8,Good,Good
-83.32,20.58,65.49,0.36,127.76,Good,Good
-82.82,19.32,62.09,0.73,115.3,Good,Good
-104.37,7.28,72.11,0.67,70.69,Fair,Fair
-87.41,13.33,88.53,0.77,151.98,Fair,Fair
-105.4,10.23,64.09,0.26,94.93,Fair,Fair
-88.95,13.23,71.52,0.69,136.29,Good,Good
-92.75,11.52,58.9,0.31,82.59,Fair,Fair
-87.81,13.32,82.21,0.62,171.76,Fair,Fair
-87.95,14.09,69.19,0.85,148.02,Good,Good
-84.98,17.8,67.89,0.46,130.65,Good,Good
-80.38,16.67,68.12,0.5,102.82,Good,Good
-93.41,15.8,128.31,1.52,277.43,Fair,Fair
-84.44,18.78,70.37,0.35,146.03,Good,Good
-90.72,15.21,54.35,0.0,104.45,Good,Good
-91.71,13.99,76.48,1.09,119.29,Fair,Fair
-97.71,10.86,77.49,0.72,127.64,Fair,Fair
-99.98,11.77,76.56,0.63,126.8,Fair,Fair
-88.56,14.03,64.83,0.42,129.75,Good,Good
-90.91,13.57,59.25,0.35,93.82,Fair,Fair
-87.68,19.49,83.56,0.85,168.28,Good,Good
-108.3,5.71,82.57,1.18,118.81,Poor,Poor
-87.35,19.24,66.72,0.57,180.59,Good,Good
-84.54,16.98,71.12,0.61,158.75,Good,Good
-91.16,16.1,67.51,0.55,115.31,Good,Good
-87.5,18.33,102.3,1.14,250.12,Fair,Fair
-87.59,17.25,94.56,1.07,208.08,Fair,Fair
-84.76,20.66,82.01,0.8,181.29,Good,Good
-91.93,17.42,51.79,0.06,91.27,Good,Good
-91.25,17.71,104.42,1.73,246.49,Fair,Fair
-93.71,15.98,91.42,0.34,186.19,Fair,Fair
-98.0,13.2,114.74,1.4,235.74,Fair,Fair
-98.09,11.77,60.34,0.69,102.19,Fair,Fair
-88.67,18.1,68.82,0.43,126.04,Good,Good
-92.38,14.7,99.28,1.56,190.24,Fair,Fair
-100.74,7.1,62.18,0.53,52.56,Fair,Fair
-103.28,7.36,56.1,0.63,67.67,Fair,Fair
-87.21,15.23,114.93,1.08,247.98,Fair,Fair
-92.7,14.39,100.92,1.34,223.69,Fair,Fair
-87.43,14.67,115.8,1.67,269.57,Fair,Fair
-90.1,15.88,80.56,0.49,178.79,Fair,Fair
-89.77,13.33,104.19,1.62,210.65,Fair,Fair
-82.88,17.91,58.4,0.81,94.75,Good,Good
-94.55,11.74,43.84,0.0,75.96,Fair,Fair
-88.22,16.85,62.57,0.32,95.52,Good,Good
-100.36,9.16,63.65,0.56,107.42,Fair,Fair
-87.89,14.53,76.08,0.58,127.05,Good,Good
-90.71,18.06,66.78,0.64,152.98,Good,Good
-104.81,7.47,66.8,0.6,88.49,Fair,Fair
-107.78,8.67,85.39,0.63,138.59,Poor,Poor
-98.38,8.42,52.17,0.23,43.27,Fair,Fair
-91.76,19.15,43.58,0.03,75.22,Good,Good
-88.34,14.72,114.48,1.07,252.72,Fair,Fair
-87.73,12.97,92.1,1.46,191.96,Fair,Fair
-85.56,17.17,56.85,0.41,85.0,Good,Good
-99.72,11.5,67.71,0.98,120.63,Fair,Fair
-86.2,17.82,49.62,0.3,80.08,Good,Good
-89.27,13.76,106.36,1.24,187.86,Fair,Fair
-106.88,8.43,63.32,0.38,86.33,Fair,Fair
-95.98,11.26,66.8,0.51,84.15,Fair,Fair
-90.83,17.92,80.35,0.85,172.87,Fair,Fair
-105.14,8.54,47.54,0.48,50.41,Fair,Fair
-98.91,10.79,67.76,0.79,117.44,Fair,Fair
-90.68,14.01,96.96,0.89,202.7,Fair,Fair
-86.44,20.63,55.89,0.52,90.78,Good,Good
-87.55,17.64,73.84,0.63,159.55,Good,Good
-84.89,17.65,74.1,0.82,162.65,Good,Good
-89.55,14.83,64.83,0.59,143.94,Good,Good
-97.98,11.02,77.02,0.64,145.59,Fair,Fair
-89.71,16.45,46.19,0.0,70.75,Good,Good
-91.9,13.55,49.33,0.13,82.06,Fair,Fair
-83.18,17.91,60.95,0.55,119.02,Good,Good
-100.14,5.02,56.65,0.43,59.33,Fair,Fair
-92.8,13.51,50.54,0.35,63.54,Fair,Fair
-92.74,11.53,86.09,0.77,158.3,Fair,Fair
-80.56,17.33,61.31,0.5,106.19,Good,Good
-98.65,8.45,39.66,0.33,61.98,Fair,Fair
-92.04,15.57,61.83,0.82,116.46,Good,Good
-102.96,5.51,65.44,0.99,78.11,Fair,Fair
-95.25,15.62,67.61,1.06,147.71,Fair,Fair
-100.12,8.19,46.09,0.56,44.65,Fair,Fair
-100.06,11.58,103.01,0.35,178.12,Fair,Fair
-93.31,15.26,116.33,1.38,239.38,Fair,Fair
-101.92,9.64,50.56,0.15,75.77,Fair,Fair
-88.82,15.97,74.16,0.34,113.9,Good,Good
-102.21,14.3,113.86,1.24,227.51,Fair,Fair
-91.09,15.78,75.95,0.68,150.48,Good,Good
-86.99,15.54,93.61,1.02,176.99,Fair,Fair
-89.49,16.75,58.95,0.46,108.21,Good,Good
-91.79,14.43,102.86,1.15,203.83,Fair,Fair
-90.02,12.79,118.26,1.56,241.73,Fair,Fair
-103.01,6.28,77.9,1.12,103.33,Fair,Fair
-93.24,15.82,74.89,0.82,152.0,Good,Good
-90.08,14.94,59.52,0.48,112.4,Fair,Fair
-90.84,14.72,89.48,0.76,194.3,Fair,Fair
-92.81,10.83,56.32,0.22,86.52,Fair,Fair
-88.23,16.55,75.07,0.69,152.27,Good,Good
-90.69,18.23,126.64,1.64,309.75,Fair,Fair
-88.47,12.17,78.04,0.63,176.12,Good,Good
-96.46,13.26,85.16,0.51,187.33,Fair,Fair
-89.46,13.93,115.48,2.04,243.13,Fair,Fair
-89.0,17.17,62.9,0.04,99.5,Good,Good
-93.5,13.76,81.12,0.17,154.17,Fair,Fair
-90.98,10.26,77.5,0.69,125.03,Fair,Fair
-89.8,14.39,56.79,0.13,107.5,Good,Good
-85.0,18.04,74.99,0.84,160.0,Good,Good
-80.63,17.09,82.39,0.96,147.25,Good,Good
-87.36,17.48,95.02,0.56,232.17,Good,Good
-89.81,14.49,76.35,0.61,173.6,Good,Good
-93.37,17.97,72.85,1.07,144.18,Fair,Fair
-94.28,14.06,79.23,1.27,174.7,Fair,Fair
-85.45,18.39,55.5,0.08,112.81,Good,Good
-102.31,11.34,136.69,5.09,74.4,Poor,Poor
-90.41,17.45,99.24,0.93,216.56,Fair,Fair
-88.94,17.52,88.48,1.05,201.0,Fair,Fair
-98.4,15.56,106.1,1.35,272.52,Fair,Fair
-92.55,11.22,75.44,0.64,112.99,Fair,Fair
-93.35,16.29,106.07,0.72,235.8,Fair,Fair
-90.22,14.98,81.83,0.63,157.96,Fair,Fair
-103.81,5.88,59.53,0.06,69.3,Fair,Fair
-104.02,6.13,72.4,0.61,105.59,Fair,Fair
-84.7,19.65,79.41,1.02,167.03,Good,Good
-88.29,14.77,73.1,0.57,148.44,Good,Good
-84.88,16.31,57.51,0.38,101.06,Good,Good
-96.26,11.52,90.09,0.91,173.21,Fair,Fair
-106.8,8.54,60.39,0.35,55.72,Fair,Fair
-103.85,6.62,73.97,0.3,108.88,Fair,Fair
-94.74,13.97,55.21,0.41,85.14,Fair,Fair
-94.99,15.13,96.89,1.18,213.81,Fair,Fair
-104.89,7.99,38.71,0.16,41.88,Fair,Fair
-103.28,3.84,66.49,0.43,76.85,Fair,Fair
-92.51,9.63,97.98,0.7,197.3,Fair,Fair
-88.87,17.97,72.47,0.85,116.76,Good,Good
-84.84,17.08,66.83,0.56,157.58,Good,Good
-89.41,14.98,99.89,1.47,259.27,Fair,Fair
-87.37,16.72,83.05,0.5,143.7,Good,Good
-98.42,11.2,85.18,1.13,165.11,Fair,Fair
-95.43,9.69,92.93,0.48,172.18,Fair,Fair
-98.77,12.55,86.74,0.89,173.0,Fair,Fair
-98.43,10.76,100.17,1.09,164.11,Fair,Fair
-101.78,7.02,50.41,0.18,68.07,Fair,Fair
-91.45,15.4,47.7,0.51,76.72,Good,Good
-96.05,14.73,92.57,0.9,204.03,Fair,Fair
-91.19,16.0,85.68,1.07,184.67,Fair,Fair
-88.49,15.77,80.06,0.56,164.03,Good,Good
-95.98,11.08,80.67,0.78,123.62,Fair,Fair
-87.08,20.54,65.79,0.0,110.42,Good,Good
-89.18,17.49,61.22,0.42,104.3,Good,Good
-108.72,5.78,85.7,1.03,120.82,Poor,Poor
-95.39,11.4,96.22,0.78,158.88,Fair,Fair
-106.4,5.43,74.06,0.77,82.63,Fair,Fair
-104.22,7.7,64.25,0.68,75.95,Fair,Fair
-89.02,14.51,57.42,0.75,120.48,Good,Good
-87.77,16.29,54.57,0.47,91.45,Good,Good
-104.32,7.41,52.64,0.13,58.3,Fair,Fair
-88.98,15.53,88.45,0.66,172.81,Good,Good
-91.93,17.55,85.09,0.94,198.8,Fair,Fair
-86.34,12.52,58.2,0.4,89.83,Good,Good
-95.55,16.17,95.69,1.37,244.03,Fair,Fair
-92.78,14.79,102.34,0.63,195.56,Fair,Fair
-104.76,4.98,83.38,1.36,115.7,Poor,Poor
-84.37,19.59,94.61,1.02,196.98,Fair,Fair
-98.13,10.29,88.41,1.02,167.86,Fair,Fair
-93.8,13.8,58.67,0.0,96.42,Fair,Fair
-96.42,12.83,136.57,5.08,86.31,Poor,Poor
-88.69,16.3,56.4,0.6,98.51,Good,Good
-101.06,8.19,72.34,0.62,117.21,Fair,Fair
-103.89,8.43,77.14,0.72,104.04,Fair,Fair
-81.28,18.41,75.26,0.47,169.95,Good,Good
-90.27,16.2,59.71,0.4,109.53,Good,Good
-87.86,17.45,56.77,0.85,98.69,Good,Good
-85.81,19.23,89.48,1.44,206.5,Fair,Fair
-84.1,18.42,75.83,0.56,151.28,Good,Good
-104.33,5.86,71.03,0.34,104.19,Fair,Fair
-90.42,17.05,52.03,0.35,103.41,Good,Good
-96.23,13.09,119.98,1.35,247.8,Fair,Fair
-96.97,14.38,63.03,0.21,83.49,Fair,Fair
-104.37,4.64,63.8,0.56,70.28,Fair,Fair
-84.4,15.0,83.92,1.22,226.42,Fair,Fair
-88.36,17.73,59.12,0.58,120.77,Good,Good
-90.82,14.35,115.82,1.47,231.14,Fair,Fair
-87.83,15.95,73.58,0.85,150.21,Good,Good
-96.6,13.3,50.83,0.52,77.45,Fair,Fair
-87.67,16.06,82.35,1.03,189.0,Fair,Fair
-85.3,17.38,94.18,0.95,227.26,Good,Good
-85.34,14.24,106.35,1.61,244.74,Fair,Fair
-90.95,13.87,85.53,0.88,199.27,Fair,Fair
-103.47,8.08,81.5,0.82,93.93,Fair,Fair
-90.12,16.93,52.33,0.03,112.75,Good,Good
-86.63,16.83,83.41,1.19,187.61,Fair,Fair
-87.53,13.22,62.32,0.65,112.51,Good,Good
-97.71,10.41,100.7,1.16,179.69,Fair,Fair
-101.85,6.72,66.98,0.51,89.52,Fair,Fair
-102.9,9.2,49.73,0.8,41.61,Fair,Fair
-91.4,13.8,83.96,1.06,156.37,Fair,Fair
-105.38,7.78,82.69,1.11,121.84,Poor,Poor
-104.09,8.47,58.87,0.59,81.72,Fair,Fair
-92.55,15.75,76.51,0.89,147.89,Good,Good
-86.47,17.45,60.89,0.49,116.27,Good,Good
-91.95,15.98,48.92,0.0,81.34,Good,Good
-89.15,10.45,86.04,0.77,141.31,Fair,Fair
-88.99,14.17,63.51,0.08,133.83,Good,Good
-88.54,15.97,70.63,0.53,140.39,Good,Good
-104.45,6.36,68.37,0.65,91.27,Fair,Fair
-93.73,13.62,73.33,1.25,151.05,Fair,Fair
-96.32,14.05,117.3,1.78,240.11,Fair,Fair
-101.75,10.62,80.16,0.69,113.78,Fair,Fair
-91.22,17.0,70.45,0.76,114.17,Good,Good
-104.92,8.73,52.85,0.17,51.55,Fair,Fair
-86.99,13.94,70.97,0.37,118.55,Good,Good
-89.22,12.74,67.47,0.48,154.06,Good,Good
-101.53,6.07,82.29,1.09,107.02,Poor,Poor
-88.83,16.28,119.54,1.53,285.58,Fair,Fair
-91.66,17.39,109.3,0.82,259.43,Fair,Fair
-100.12,6.64,55.29,0.21,74.37,Fair,Fair
-94.2,13.84,98.48,1.26,185.02,Fair,Fair
-86.5,14.54,113.0,1.52,243.79,Fair,Fair
-87.11,16.65,119.13,1.53,294.09,Fair,Fair
-103.7,6.54,94.85,1.21,121.22,Poor,Poor
-84.64,17.33,56.96,0.19,114.62,Good,Good
-94.32,12.89,102.33,1.18,207.46,Fair,Fair
-91.69,12.85,91.3,1.24,200.73,Fair,Fair
-88.88,14.69,107.85,1.19,236.24,Fair,Fair
-93.95,13.41,76.56,0.79,97.9,Fair,Fair
-99.61,11.71,61.45,0.58,68.11,Fair,Fair
-83.38,14.68,79.51,0.57,137.79,Good,Good
-92.93,12.9,95.81,0.27,206.24,Fair,Fair
-87.47,17.9,82.68,1.03,197.02,Fair,Fair
-91.92,12.12,81.37,1.0,143.7,Fair,Fair
-89.17,15.94,86.97,0.99,169.64,Good,Good
-92.31,16.21,57.81,0.25,106.98,Good,Good
-102.72,3.36,84.24,1.16,102.71,Poor,Poor
-91.95,16.49,66.38,0.35,120.39,Good,Good
-103.93,8.75,49.71,0.3,41.01,Fair,Fair
-89.73,18.28,51.54,0.53,88.78,Good,Good
-91.26,16.31,119.4,1.29,312.24,Fair,Fair
-86.24,15.26,74.43,0.49,135.71,Good,Good
-90.98,17.07,62.06,0.3,111.44,Good,Good
-87.72,15.55,110.23,1.91,263.48,Fair,Fair
-92.77,14.96,103.77,1.0,213.32,Fair,Fair
-89.63,11.89,68.77,0.8,117.38,Good,Good
-93.35,14.77,79.69,0.41,145.71,Fair,Fair
-92.17,16.7,108.21,1.38,257.63,Fair,Fair
-96.86,10.04,59.95,0.29,87.23,Fair,Fair
-103.9,6.39,39.8,0.0,28.73,Fair,Fair
-84.48,14.71,76.01,0.68,178.37,Good,Good
-98.38,13.33,82.09,0.94,170.31,Fair,Fair
-93.22,14.85,86.66,0.83,190.63,Fair,Fair
-92.62,12.4,60.83,0.88,93.86,Fair,Fair
-99.03,8.74,85.79,0.88,129.36,Fair,Fair
-99.18,7.86,47.5,0.46,45.01,Fair,Fair
-90.8,15.61,84.56,0.97,184.39,Fair,Fair
-102.34,7.14,53.98,0.42,70.46,Fair,Fair
-91.62,16.77,65.23,0.82,134.18,Good,Good
-99.85,7.46,68.28,0.66,106.54,Fair,Fair
-85.2,17.27,99.28,0.97,214.68,Good,Good
-88.92,13.33,88.93,1.02,178.43,Fair,Fair
-100.38,3.8,77.54,0.76,70.06,Fair,Fair
-93.77,15.09,91.45,1.01,206.21,Fair,Fair
-81.12,13.94,104.02,1.79,215.99,Fair,Fair
-108.34,6.46,65.54,0.1,75.65,Fair,Fair
-87.13,18.35,85.93,1.11,217.13,Fair,Fair
-104.99,6.98,68.59,0.68,93.28,Fair,Fair
-87.3,16.24,65.84,0.34,95.77,Good,Good
-83.76,19.81,59.64,0.26,110.27,Good,Good
-88.13,16.52,91.32,0.71,188.13,Good,Good
-90.58,18.21,109.41,1.36,262.64,Fair,Fair
-94.33,14.39,75.05,0.93,156.56,Fair,Fair
-100.67,12.18,115.73,1.19,211.78,Fair,Fair
-102.09,6.49,64.22,0.76,63.51,Fair,Fair
-89.25,17.31,54.81,0.08,101.57,Good,Good
-96.73,13.15,27.9,0.74,61.7,Good,Good
-94.26,14.64,75.59,0.99,118.41,Fair,Fair
-87.84,18.7,65.11,0.25,136.58,Good,Good
-90.96,14.21,117.35,1.93,248.51,Fair,Fair
-115.98,3.12,127.84,6.23,30.42,Poor,Poor
-96.14,12.44,88.17,0.83,175.99,Fair,Fair
-87.02,15.4,92.04,1.17,194.0,Fair,Fair
-103.38,7.14,91.05,1.09,118.04,Poor,Poor
-90.61,17.77,61.81,1.01,123.31,Fair,Fair
-82.93,16.03,66.78,0.04,97.97,Good,Good
-84.63,13.94,94.73,0.89,180.74,Fair,Fair
-105.48,4.27,85.11,0.87,112.37,Poor,Poor
-89.71,11.58,105.17,1.17,216.57,Fair,Fair
-101.34,11.64,64.83,0.88,70.01,Fair,Fair
-104.82,6.58,74.18,1.03,106.87,Fair,Fair
-85.17,16.81,98.72,1.57,238.16,Fair,Fair
-86.06,14.22,54.89,0.09,83.7,Good,Good
-90.63,13.01,75.09,0.69,138.87,Fair,Fair
-88.59,16.62,88.01,0.89,182.61,Good,Good
-85.67,15.53,111.64,1.61,242.25,Fair,Fair
-103.62,7.17,54.43,0.4,79.21,Fair,Fair
-90.69,12.9,107.99,1.17,229.4,Fair,Fair
-99.66,12.38,51.83,0.44,53.41,Fair,Fair
-107.63,5.56,67.44,0.19,99.27,Fair,Fair
-88.7,13.43,69.08,0.61,131.09,Good,Good
-103.58,7.45,48.18,0.2,44.99,Fair,Fair
-101.53,7.85,72.25,0.92,114.55,Fair,Fair
-91.58,13.91,112.57,1.32,236.88,Fair,Fair
-80.14,19.46,49.56,0.37,103.26,Good,Good
-89.48,18.54,61.82,0.2,140.26,Good,Good
-101.41,7.62,61.52,0.13,84.64,Fair,Fair
-93.34,14.03,46.1,0.56,97.89,Fair,Fair
-90.62,14.13,63.54,0.32,93.25,Fair,Fair
-104.93,7.3,60.19,0.66,81.36,Fair,Fair
-91.84,13.85,58.26,0.33,89.84,Fair,Fair
-94.66,15.86,104.69,0.97,235.69,Fair,Fair
-96.46,12.33,85.19,0.55,146.48,Fair,Fair
-86.71,14.58,110.32,1.41,263.51,Fair,Fair
-85.23,17.22,95.12,1.0,189.33,Good,Good
-96.68,11.24,53.58,0.44,95.08,Fair,Fair
-96.23,10.41,64.04,0.53,91.31,Fair,Fair
-104.07,6.54,43.53,0.19,44.67,Fair,Fair
-87.3,17.0,105.99,0.89,253.21,Good,Good
-105.21,7.82,48.97,0.31,67.91,Fair,Fair
-101.3,7.41,62.26,0.53,87.01,Fair,Fair
-101.94,11.64,105.53,1.16,202.16,Fair,Fair
-98.11,13.53,69.42,0.23,112.83,Fair,Fair
-85.36,18.37,89.07,0.98,206.14,Good,Good
-89.06,13.09,39.77,0.44,81.73,Good,Good
-92.4,13.16,78.03,0.55,145.86,Fair,Fair
-89.87,13.03,50.03,0.0,92.93,Good,Good
-88.03,19.39,64.24,0.72,101.69,Good,Good
-87.86,17.25,83.02,1.1,180.79,Fair,Fair
-84.41,17.08,71.29,0.88,132.89,Good,Good
-89.93,14.72,101.71,1.21,227.27,Fair,Fair
-90.05,12.6,75.33,0.64,136.93,Fair,Fair
-88.27,15.03,64.16,0.41,103.37,Good,Good
-92.52,16.61,75.47,0.69,134.26,Good,Good
-86.87,17.36,118.38,1.22,298.74,Fair,Fair
-94.47,11.03,57.31,0.31,75.06,Fair,Fair
-88.64,14.98,68.02,0.39,120.71,Good,Good
-89.7,15.71,107.1,1.29,275.71,Fair,Fair
-78.78,18.85,76.41,1.07,158.32,Good,Good
-104.23,6.82,82.57,0.7,88.26,Fair,Fair
-96.08,16.57,101.08,1.11,207.14,Fair,Fair
-88.83,16.88,59.63,0.2,63.76,Good,Good
-82.73,14.9,95.31,1.55,204.54,Fair,Fair
-91.95,13.85,77.82,1.14,146.72,Fair,Fair
-93.5,14.6,70.04,0.82,111.74,Fair,Fair
-94.79,11.11,60.66,0.15,75.9,Fair,Fair
-97.38,8.8,88.14,0.98,109.7,Fair,Fair
-102.33,4.16,96.54,1.43,132.9,Poor,Poor
-92.78,13.62,107.89,0.85,230.77,Fair,Fair
-83.04,19.19,71.91,0.7,116.89,Good,Good
-88.66,15.73,85.58,0.95,189.11,Good,Good
-103.03,7.91,52.16,0.58,62.24,Fair,Fair
-86.25,17.7,67.59,0.78,89.57,Good,Good
-99.06,12.09,82.73,1.17,149.78,Fair,Fair
-97.95,13.05,66.81,0.64,117.82,Fair,Fair
-92.43,13.68,52.6,0.17,61.58,Fair,Fair
-92.06,12.19,71.77,1.11,113.7,Fair,Fair
-84.01,16.91,90.86,0.96,231.66,Good,Good
-83.12,17.57,104.06,1.22,238.19,Fair,Fair
-96.93,13.18,53.25,0.06,96.32,Fair,Fair
-86.32,16.96,84.89,0.94,172.09,Good,Good
-93.9,13.21,50.13,0.81,56.19,Fair,Fair
-86.18,16.76,97.87,0.96,235.02,Good,Good
-94.0,15.58,99.67,1.59,215.86,Fair,Fair
-86.47,17.91,68.88,0.72,147.79,Good,Good
-89.77,15.41,120.02,1.28,270.03,Fair,Fair
-85.59,18.51,103.67,1.16,257.85,Fair,Fair
-91.45,17.44,89.04,1.08,209.37,Fair,Fair
-88.82,15.77,55.29,0.65,95.36,Good,Good
-96.23,10.9,75.16,0.45,115.52,Fair,Fair
-77.84,18.36,68.63,1.14,138.11,Good,Good
-87.06,19.6,51.44,0.62,109.23,Good,Good
-101.93,6.93,104.47,1.31,170.97,Poor,Poor
-100.03,12.05,62.25,0.0,93.62,Fair,Fair
-90.79,15.51,80.51,0.96,177.52,Fair,Fair
-100.8,8.63,40.22,0.74,48.44,Fair,Fair
-104.64,5.68,73.26,0.66,99.99,Fair,Fair
-82.72,17.62,63.06,0.68,129.01,Good,Good
-95.14,14.14,60.4,0.45,117.28,Fair,Fair
-84.29,15.95,96.74,1.23,191.49,Fair,Fair
-86.2,21.75,78.43,0.65,173.76,Good,Good
-89.78,14.6,60.77,0.05,79.69,Good,Good
-94.64,11.89,98.33,1.03,219.34,Fair,Fair
-100.69,7.68,67.53,0.63,91.75,Fair,Fair
-89.98,15.44,45.36,0.0,58.93,Good,Good
-85.17,16.49,83.01,0.98,155.19,Good,Good
-96.38,13.87,53.95,0.01,69.89,Fair,Fair
-91.14,14.11,89.71,0.84,184.82,Fair,Fair
-91.06,15.1,101.76,1.04,191.15,Fair,Fair
-95.27,14.79,97.3,0.81,201.11,Fair,Fair
-100.98,9.19,99.2,1.29,171.66,Poor,Poor
-85.43,20.03,90.42,1.08,236.36,Fair,Fair
-94.33,11.93,76.46,0.94,111.61,Fair,Fair
-106.17,8.29,81.51,1.18,134.68,Poor,Poor
-104.93,7.04,68.77,0.23,81.68,Fair,Fair
-96.88,10.79,57.85,0.05,80.41,Fair,Fair
-89.33,12.41,91.11,0.71,153.85,Fair,Fair
-106.23,8.43,64.25,0.63,86.59,Fair,Fair
-83.89,20.86,64.99,0.61,132.49,Good,Good
-98.47,10.47,101.29,0.98,186.0,Fair,Fair
-95.2,15.96,69.08,0.41,132.73,Good,Good
-98.45,13.49,72.14,0.39,119.62,Fair,Fair
-94.54,10.93,85.18,1.28,177.32,Fair,Fair
-93.41,14.45,81.11,1.04,170.71,Fair,Fair
-83.23,17.35,47.62,0.48,93.73,Good,Good
-93.78,14.38,110.31,1.36,242.44,Fair,Fair
-84.35,16.03,117.53,1.55,292.08,Fair,Fair
-87.97,18.8,67.33,0.81,134.45,Good,Good
-102.48,8.16,50.39,0.22,52.38,Fair,Fair
-89.0,15.47,52.96,0.25,66.14,Good,Good
-93.42,10.81,51.16,0.29,70.73,Fair,Fair
-91.83,17.78,89.37,1.23,219.34,Fair,Fair
-92.28,15.86,73.37,0.78,140.16,Good,Good
-103.02,10.91,58.97,0.52,48.46,Fair,Fair
-80.74,19.03,44.92,0.51,62.69,Good,Good
-89.92,17.36,98.83,1.22,229.48,Fair,Fair
-92.52,16.55,58.35,0.53,131.72,Good,Good
-98.14,8.66,97.44,1.2,180.41,Poor,Poor
-97.07,9.81,87.83,1.3,126.93,Poor,Poor
-85.9,15.3,100.02,0.81,194.18,Good,Good
-89.71,16.76,66.27,0.81,127.65,Good,Good
-92.32,15.03,81.04,0.68,149.3,Fair,Fair
-90.42,14.69,51.67,0.49,74.21,Fair,Fair
-101.88,4.0,90.57,1.02,112.02,Poor,Poor
-100.8,5.32,53.85,0.49,58.28,Fair,Fair
-98.94,10.74,96.38,1.04,190.51,Fair,Fair
-82.39,17.35,65.74,0.38,116.65,Good,Good
-100.7,11.2,62.41,0.32,81.69,Fair,Fair
-97.53,11.25,60.71,0.22,102.35,Fair,Fair
-91.35,18.0,53.53,0.01,100.51,Good,Good
-96.26,12.88,90.5,0.57,177.54,Fair,Fair
-87.83,16.02,52.57,0.49,88.15,Good,Good
-89.54,16.21,113.83,0.95,269.8,Good,Good
-102.85,6.85,78.01,0.18,98.66,Fair,Fair
-100.73,9.7,97.81,1.26,156.67,Poor,Poor
-87.45,12.09,102.05,1.3,192.34,Fair,Fair
-85.7,15.46,58.13,0.6,118.84,Good,Good
-94.45,10.38,49.92,0.0,70.97,Fair,Fair
-88.59,15.0,106.43,1.45,221.21,Fair,Fair
-103.06,8.82,58.67,0.12,92.79,Fair,Fair
-90.75,13.87,77.05,0.81,149.14,Fair,Fair
-98.88,9.83,53.29,0.5,42.72,Fair,Fair
-101.42,8.02,37.85,0.0,45.44,Fair,Fair
-75.42,18.58,56.49,0.0,100.92,Good,Good
-83.57,16.11,51.82,0.25,69.4,Good,Good
-107.15,7.98,91.16,1.09,143.84,Poor,Poor
-107.06,6.94,90.28,0.83,151.58,Poor,Poor
-103.8,9.79,52.75,0.05,47.32,Fair,Fair
-91.59,17.41,115.37,1.21,283.85,Fair,Fair
-106.59,6.16,40.99,0.29,28.93,Poor,Poor
-98.79,10.85,92.58,1.07,174.79,Fair,Fair
-101.18,6.85,56.38,0.42,69.2,Fair,Fair
-111.78,6.66,94.05,3.85,60.63,Poor,Poor
-86.85,19.13,74.78,0.72,167.72,Good,Good
-101.33,7.31,64.55,0.94,66.32,Fair,Fair
-85.53,21.39,57.41,0.72,112.2,Good,Good
-100.79,8.47,40.33,0.08,52.63,Fair,Fair
-87.78,16.34,84.49,0.87,182.39,Good,Good
-97.91,11.47,114.69,4.06,46.92,Poor,Poor
-108.5,7.72,90.26,0.8,128.56,Poor,Poor
-92.51,13.7,67.65,0.17,132.54,Fair,Fair
-99.66,12.94,74.77,0.89,115.62,Fair,Fair
-87.84,15.68,46.92,0.07,78.32,Good,Good
-84.91,15.4,73.09,0.8,113.95,Good,Good
-90.45,13.43,83.31,0.29,164.77,Fair,Fair
-86.62,15.08,95.7,1.22,190.34,Fair,Fair
-98.85,11.48,75.76,0.42,140.25,Fair,Fair
-89.73,13.44,52.37,0.38,106.31,Good,Good
-85.73,20.95,49.59,0.06,119.93,Good,Good
-82.56,17.42,84.79,1.48,217.69,Fair,Fair
-83.88,16.27,72.57,0.86,145.79,Good,Good
-82.1,16.24,59.84,0.0,122.75,Good,Good
-87.56,14.24,64.39,0.22,113.79,Good,Good
-84.34,19.51,52.82,0.0,94.62,Good,Good
-94.2,9.79,74.39,1.14,128.9,Fair,Fair
-88.73,16.74,44.11,0.0,73.95,Good,Good
-92.74,13.88,92.2,0.7,186.21,Fair,Fair
-89.43,15.99,104.5,1.41,232.29,Fair,Fair
-89.86,15.61,75.03,0.65,125.99,Good,Good
-92.45,13.18,85.76,0.73,182.43,Fair,Fair
-93.18,10.85,126.86,2.08,252.1,Fair,Fair
-94.43,14.07,113.35,1.25,244.79,Fair,Fair
-101.13,4.99,49.56,0.23,52.17,Fair,Fair
-105.1,9.17,67.75,0.26,108.76,Fair,Fair
-106.19,6.27,59.72,0.77,68.44,Fair,Fair
-91.96,15.04,55.31,0.02,98.3,Good,Good
-88.86,16.9,83.31,0.58,158.7,Good,Good
-84.23,18.67,54.92,0.2,109.19,Good,Good
-94.9,11.27,89.51,0.9,134.62,Fair,Fair
-97.49,10.86,58.81,0.41,87.43,Fair,Fair
-88.66,16.8,130.52,1.8,312.37,Fair,Fair
-100.96,11.71,101.21,1.41,172.73,Fair,Fair
-90.19,12.81,77.66,0.51,121.99,Fair,Fair
-101.82,4.26,55.89,0.46,73.97,Fair,Fair
-104.6,8.18,92.34,1.18,142.86,Poor,Poor
-86.8,16.52,53.61,0.2,96.15,Good,Good
-89.69,14.91,37.89,0.0,38.72,Good,Good
-98.44,12.63,75.0,1.04,129.83,Fair,Fair
-107.81,10.73,65.51,0.48,94.61,Fair,Fair
-85.32,17.07,72.73,0.64,161.63,Good,Good
-89.54,14.22,91.84,1.09,177.83,Fair,Fair
-90.23,17.32,123.07,1.59,303.82,Fair,Fair
-91.7,15.06,92.88,1.29,177.11,Fair,Fair
-103.04,5.88,68.76,0.56,98.71,Fair,Fair
-96.56,11.67,43.42,0.08,49.64,Fair,Fair
-94.64,13.26,52.91,0.25,79.29,Fair,Fair
-82.98,16.77,82.8,0.71,164.35,Good,Good
-100.62,5.48,38.38,0.12,18.71,Fair,Fair
-84.65,17.79,68.56,0.53,136.03,Good,Good
-93.49,11.55,72.57,0.6,87.6,Fair,Fair
-106.79,6.99,68.88,0.63,90.27,Fair,Fair
-91.5,14.76,71.82,0.51,162.25,Fair,Fair
-86.76,15.02,76.16,0.89,149.54,Good,Good
-87.61,15.82,126.04,1.48,264.05,Fair,Fair
-100.7,8.18,47.93,0.3,46.16,Fair,Fair
-108.31,6.16,96.08,0.93,128.99,Poor,Poor
-100.78,9.63,103.9,0.97,179.11,Fair,Fair
-99.28,11.37,83.16,0.81,136.18,Fair,Fair
-82.56,17.33,65.92,0.38,130.15,Good,Good
-93.52,12.91,107.71,1.66,233.77,Fair,Fair
-100.83,5.71,48.31,0.27,61.2,Fair,Fair
-82.49,19.55,63.12,0.67,158.67,Good,Good
-86.93,19.12,55.82,0.57,108.36,Good,Good
-102.84,7.05,76.75,0.5,111.98,Fair,Fair
-89.68,13.32,108.42,1.25,237.82,Fair,Fair
-98.62,11.35,76.5,0.79,122.97,Fair,Fair
-92.35,12.43,92.21,1.23,194.2,Fair,Fair
-81.22,18.16,52.28,0.32,79.19,Good,Good
-103.96,6.09,72.58,0.77,81.58,Fair,Fair
-91.25,15.92,41.59,0.33,65.42,Good,Good
-87.83,16.84,66.99,0.17,103.33,Good,Good
-98.84,6.8,65.52,0.32,82.09,Fair,Fair
-91.13,16.46,57.94,0.4,87.05,Good,Good
-112.04,5.23,90.7,0.39,104.91,Poor,Poor
-99.47,7.0,55.66,0.05,59.13,Fair,Fair
-95.83,12.82,62.51,0.17,94.38,Fair,Fair
-84.51,17.52,76.79,0.74,159.32,Good,Good
-99.7,10.72,70.97,0.41,112.07,Fair,Fair
-88.81,17.64,92.54,1.61,211.19,Fair,Fair
-93.57,13.51,87.95,0.94,192.71,Fair,Fair
-85.63,15.7,48.49,0.12,91.05,Good,Good
-87.65,19.02,67.53,0.74,202.71,Good,Good
-106.72,7.45,60.28,0.5,88.61,Fair,Fair
-102.79,7.57,40.44,0.23,54.78,Fair,Fair
-100.1,12.61,79.47,0.34,159.02,Fair,Fair
-86.03,15.74,102.96,1.37,203.68,Fair,Fair
-93.85,13.17,117.64,1.19,234.04,Fair,Fair
-97.22,11.75,54.34,0.23,96.03,Fair,Fair
-98.0,11.04,53.69,0.75,81.48,Fair,Fair
-87.0,16.53,66.09,0.67,148.82,Good,Good
-85.75,18.46,57.72,0.54,123.18,Good,Good
-97.11,11.83,49.66,0.0,73.18,Fair,Fair
-88.02,17.61,57.54,0.26,102.09,Good,Good
-98.23,14.08,90.24,1.12,182.42,Fair,Fair
-88.67,16.64,67.31,0.45,123.77,Good,Good
-91.25,13.32,78.07,0.89,160.92,Fair,Fair
-94.52,13.24,120.69,1.18,253.07,Fair,Fair
-93.45,16.54,94.85,0.67,218.89,Fair,Fair
-95.44,10.52,68.48,0.64,106.08,Fair,Fair
-100.88,3.92,64.93,0.83,85.29,Fair,Fair
-94.95,11.21,88.97,0.94,161.93,Fair,Fair
-104.56,7.86,75.41,0.79,123.98,Fair,Fair
-93.39,15.16,71.38,0.69,119.4,Good,Good
-88.24,18.48,81.66,1.58,167.03,Fair,Fair
-104.94,10.84,120.37,7.17,39.51,Poor,Poor
-98.51,9.45,100.15,1.3,172.16,Poor,Poor
-91.15,16.81,75.25,0.89,165.32,Good,Good
-102.2,7.09,56.6,0.27,83.19,Fair,Fair
-97.24,10.75,79.46,0.72,125.26,Fair,Fair
-97.77,12.85,88.27,1.04,164.54,Fair,Fair
-82.47,14.98,87.34,1.12,184.37,Fair,Fair
-101.4,8.18,50.61,0.68,50.36,Fair,Fair
-103.53,9.07,72.93,0.47,80.95,Fair,Fair
-91.3,15.0,62.51,1.13,133.56,Fair,Fair
-101.7,8.67,51.33,0.11,63.1,Fair,Fair
-90.14,18.7,65.02,0.92,124.01,Good,Good
-89.44,13.17,87.01,0.99,174.39,Fair,Fair
-84.17,18.86,59.53,0.54,111.35,Good,Good
-100.23,10.49,45.15,0.34,59.84,Fair,Fair
-88.83,16.17,84.56,0.38,183.18,Good,Good
-106.73,9.05,43.65,0.0,38.0,Poor,Poor
-84.74,17.76,76.74,0.82,167.38,Good,Good
-90.58,16.78,73.63,1.04,166.29,Fair,Fair
-88.19,15.35,75.32,0.85,159.23,Good,Good
-90.62,14.12,50.94,0.0,82.55,Fair,Fair
-98.71,9.44,73.43,0.86,106.64,Fair,Fair
-105.91,6.78,55.71,0.59,44.28,Poor,Poor
-80.72,19.2,53.1,0.05,108.03,Good,Good
-86.52,14.92,68.86,0.94,115.45,Good,Good
-84.14,17.69,80.82,0.6,153.98,Good,Good
-91.11,15.77,85.11,0.74,173.44,Fair,Fair
-97.41,12.29,63.67,0.17,92.88,Fair,Fair
-98.07,11.62,72.22,0.45,101.12,Fair,Fair
-84.05,20.68,54.89,0.77,104.63,Good,Good
-82.95,17.18,54.5,0.76,133.03,Good,Good
-100.29,7.93,77.36,0.45,121.75,Fair,Fair
-82.26,18.41,50.74,0.53,89.63,Good,Good
-84.14,17.3,100.6,1.11,253.33,Fair,Fair
-84.44,16.12,84.76,0.92,151.2,Good,Good
-89.58,15.96,54.94,0.65,89.37,Good,Good
-91.9,14.16,71.21,0.89,103.15,Fair,Fair
-87.01,18.66,51.4,0.0,92.16,Good,Good
-87.36,14.36,61.32,0.21,105.12,Good,Good
-95.44,15.25,70.34,0.73,126.66,Good,Good
-87.08,18.89,55.5,0.32,109.81,Good,Good
-96.51,12.93,78.7,0.61,170.53,Fair,Fair
-85.24,17.68,88.41,0.95,170.53,Good,Good
-83.6,17.4,70.74,0.24,163.16,Good,Good
-87.17,14.1,72.89,0.62,110.33,Good,Good
-91.53,13.62,71.45,0.43,131.28,Fair,Fair
-109.95,5.86,66.21,0.22,77.2,Fair,Fair
-102.58,7.3,60.17,0.44,57.46,Fair,Fair
-89.19,14.52,98.43,0.75,203.88,Fair,Fair
-97.14,12.02,52.29,0.34,49.66,Fair,Fair
-95.79,13.58,55.51,0.44,94.96,Fair,Fair
-88.55,15.88,55.53,0.33,90.83,Good,Good
-86.19,17.27,101.65,1.37,265.74,Fair,Fair
-97.28,12.27,78.66,0.7,136.07,Fair,Fair
-87.6,16.96,99.48,0.87,265.44,Good,Good
-101.85,9.08,51.61,0.0,81.74,Fair,Fair
-91.44,14.88,96.08,1.14,208.69,Fair,Fair
-88.09,14.98,121.55,1.41,292.74,Fair,Fair
-91.13,17.54,58.68,0.23,139.62,Good,Good
-89.96,12.75,92.85,1.08,197.35,Fair,Fair
-93.06,17.1,81.16,0.95,144.13,Fair,Fair
-103.54,6.58,38.17,0.1,36.16,Fair,Fair
-86.68,16.47,103.05,1.23,231.88,Fair,Fair
-101.09,10.05,62.56,0.56,94.67,Fair,Fair
-83.19,17.62,81.34,1.24,183.83,Fair,Fair
-90.83,14.77,71.18,0.29,154.19,Fair,Fair
-102.81,8.36,141.16,2.98,78.57,Poor,Poor
-94.11,15.48,78.59,0.76,157.1,Good,Good
-87.58,13.76,48.7,0.48,75.13,Good,Good
-102.33,7.71,55.32,0.53,84.24,Fair,Fair
-101.13,10.27,84.73,0.85,147.13,Fair,Fair
-101.46,7.79,44.07,0.29,51.71,Fair,Fair
-86.68,14.65,73.25,0.42,125.81,Good,Good
-92.0,12.56,51.6,0.0,89.86,Fair,Fair
-84.21,19.61,68.22,0.91,126.25,Good,Good
-90.05,16.78,82.24,0.89,172.0,Fair,Fair
-91.61,15.71,90.29,0.86,200.98,Fair,Fair
-104.82,6.28,74.27,0.64,101.56,Fair,Fair
-89.38,16.31,72.26,1.12,120.52,Good,Good
-92.07,15.44,81.03,0.73,163.17,Fair,Fair
-89.78,15.1,102.21,1.0,242.73,Good,Good
-85.11,15.7,73.41,0.99,168.38,Good,Good
-83.35,15.5,77.84,1.12,147.24,Good,Good
-92.78,18.12,51.56,0.0,91.76,Good,Good
-94.96,15.1,99.76,0.79,210.66,Fair,Fair
-90.63,14.9,68.23,0.73,104.19,Fair,Fair
-101.95,5.71,91.54,1.28,113.72,Poor,Poor
-99.23,11.07,53.77,0.29,55.27,Fair,Fair
-92.34,16.93,78.83,0.97,144.35,Good,Good
-91.89,16.39,83.09,0.46,161.79,Fair,Fair
-90.04,13.87,89.85,1.0,197.56,Fair,Fair
-96.09,12.86,72.88,0.64,129.19,Fair,Fair
-91.02,14.49,78.63,1.02,144.93,Fair,Fair
-89.69,19.45,52.81,0.7,92.23,Good,Good
-100.87,9.74,110.72,1.51,174.45,Poor,Poor
-87.69,20.06,68.2,0.59,140.57,Good,Good
-90.11,14.38,97.77,1.09,218.8,Fair,Fair
-93.87,12.96,88.22,1.03,195.49,Fair,Fair
-92.78,15.51,87.27,0.96,213.1,Fair,Fair
-96.97,9.55,75.26,0.65,126.98,Fair,Fair
-94.35,8.74,74.51,0.9,108.61,Fair,Fair
-93.4,15.05,98.06,0.73,181.36,Fair,Fair
-91.12,11.07,100.66,1.28,174.39,Fair,Fair
-81.45,18.74,53.79,0.0,90.59,Good,Good
-90.15,16.52,77.47,0.82,189.54,Good,Good
-91.86,14.57,98.26,1.18,166.96,Fair,Fair
-83.7,16.18,84.47,0.67,175.95,Good,Good
-86.03,17.15,76.49,0.84,144.81,Good,Good
-95.88,13.21,67.83,0.58,98.15,Fair,Fair
-99.48,10.54,78.84,0.99,137.54,Fair,Fair
-83.96,18.91,62.66,0.6,104.88,Good,Good
-106.21,7.73,79.61,1.19,135.67,Poor,Poor
-99.9,12.36,70.44,0.42,111.42,Fair,Fair
-85.57,16.65,84.39,0.95,177.06,Good,Good
-89.69,13.63,108.9,1.35,210.12,Fair,Fair
-91.63,14.19,109.43,0.94,226.18,Fair,Fair
-93.17,13.68,45.04,0.11,70.48,Fair,Fair
-93.09,14.92,93.96,1.05,207.04,Fair,Fair
-89.01,16.5,80.33,0.84,153.02,Good,Good
-92.78,14.63,78.11,0.91,149.87,Fair,Fair
-101.54,7.11,56.5,0.01,88.16,Fair,Fair
-90.48,13.44,93.65,1.21,164.64,Fair,Fair
-87.47,16.31,47.64,0.31,100.59,Good,Good
-88.17,14.64,71.18,0.72,133.41,Good,Good
-89.73,14.57,111.39,1.53,237.88,Fair,Fair
-104.25,8.66,142.5,6.67,81.67,Poor,Poor
-82.03,16.99,84.0,0.65,171.95,Good,Good
-99.98,12.31,74.13,0.58,116.79,Fair,Fair
-86.0,14.57,86.96,0.87,196.04,Fair,Fair
-88.16,16.65,48.35,0.83,67.28,Good,Good
-88.78,12.66,52.64,0.29,64.83,Good,Good
-91.17,13.6,103.26,1.39,207.19,Fair,Fair
-94.5,10.62,69.75,0.72,97.98,Fair,Fair
-85.4,14.08,117.14,1.58,226.93,Fair,Fair
-90.83,17.0,90.77,0.92,202.61,Fair,Fair
-87.92,16.29,52.24,0.55,96.45,Good,Good
-85.7,16.33,62.06,0.28,111.62,Good,Good
-101.67,6.65,73.88,0.31,89.06,Fair,Fair
-94.48,15.24,74.52,0.87,126.12,Good,Good
-89.5,13.18,125.1,6.0,68.47,Fair,Poor
-79.95,15.04,105.31,1.23,233.76,Fair,Fair
-92.32,14.91,66.84,0.42,126.65,Fair,Fair
-87.06,17.58,89.98,1.35,195.34,Fair,Fair
-90.63,16.89,64.22,0.5,114.56,Good,Good
-97.65,14.13,67.58,0.27,114.4,Fair,Fair
-92.75,15.83,55.32,0.38,94.91,Good,Good
-107.19,5.0,73.02,0.63,87.08,Fair,Fair
-92.99,16.07,74.85,0.35,132.06,Good,Good
-98.67,6.87,69.08,0.92,101.63,Fair,Fair
-104.46,7.05,66.44,0.27,85.01,Fair,Fair
-92.77,11.22,91.43,0.99,169.93,Fair,Fair
-93.88,12.95,90.42,0.87,196.92,Fair,Fair
-103.36,3.96,53.39,0.43,63.17,Fair,Fair
-95.94,11.14,68.49,0.77,97.37,Fair,Fair
-91.53,8.29,90.49,0.53,148.77,Fair,Fair
-108.77,8.18,53.75,0.0,73.7,Fair,Fair
-90.98,16.68,63.94,0.31,115.98,Good,Good
-96.72,14.41,73.93,0.82,115.22,Fair,Fair
-99.79,9.95,90.47,0.9,165.36,Fair,Fair
-98.93,12.46,145.43,7.75,97.72,Poor,Poor
-95.78,12.01,65.44,0.2,93.13,Fair,Fair
-104.35,8.16,84.04,0.85,148.39,Fair,Fair
-104.2,7.87,65.98,0.65,69.82,Fair,Fair
-92.35,14.67,105.01,0.97,225.37,Fair,Fair
-89.17,13.12,53.59,0.29,104.06,Good,Good
-95.71,14.66,95.88,1.25,197.89,Fair,Fair
-83.65,16.14,61.95,0.45,102.19,Good,Good
-89.56,15.83,86.79,0.94,185.21,Good,Good
-89.56,17.77,82.75,1.04,158.79,Fair,Fair
-93.58,17.4,82.88,0.81,165.1,Fair,Fair
-86.44,13.3,64.27,0.36,117.56,Good,Good
-96.43,11.05,79.32,0.87,119.94,Fair,Fair
-99.29,10.77,95.47,0.73,171.97,Fair,Fair
-94.95,11.88,48.89,0.36,81.18,Fair,Fair
-109.24,8.23,81.87,0.94,117.47,Poor,Poor
-97.36,12.66,57.26,0.31,91.21,Fair,Fair
-102.98,7.52,82.17,0.53,118.13,Fair,Fair
-94.88,11.71,103.76,1.09,199.4,Fair,Fair
-90.95,13.77,96.37,1.02,176.51,Fair,Fair
-86.31,16.16,88.97,0.61,205.62,Good,Good
-105.44,4.48,76.94,0.23,85.87,Fair,Fair
-93.54,15.68,106.25,1.58,203.77,Fair,Fair
-90.92,16.09,70.25,1.02,124.27,Fair,Fair
-93.69,14.04,60.33,0.92,89.46,Fair,Fair
-90.56,14.84,56.17,0.01,89.41,Fair,Fair
-101.93,9.96,37.69,0.24,41.57,Fair,Fair
-93.44,12.84,73.66,0.55,108.4,Fair,Fair
-89.09,13.69,109.73,1.61,217.85,Fair,Fair
-104.65,6.6,60.11,0.65,89.87,Fair,Fair
-106.89,9.47,113.1,3.39,43.18,Poor,Poor
-96.27,12.36,35.25,0.29,31.59,Fair,Fair
-102.76,8.61,58.86,0.39,58.84,Fair,Fair
-88.72,15.18,62.5,0.26,80.84,Good,Good
-94.91,13.41,68.49,0.8,123.66,Fair,Fair
-87.58,16.56,63.24,0.53,113.79,Good,Good
-93.42,12.86,84.94,0.9,165.89,Fair,Fair
-105.99,7.94,47.06,0.44,52.75,Fair,Fair
-90.51,10.89,112.59,1.55,230.64,Fair,Fair
-92.25,14.89,112.55,1.32,227.07,Fair,Fair
-94.12,12.4,104.8,0.87,205.74,Fair,Fair
-87.26,16.09,84.07,0.95,169.26,Good,Good
-105.61,10.14,50.03,0.24,53.64,Fair,Fair
-102.78,7.98,29.09,0.08,48.18,Fair,Fair
-90.41,16.24,65.05,0.15,140.04,Good,Good
-96.05,13.23,48.07,0.37,70.19,Fair,Fair
-99.42,13.59,72.41,0.54,135.33,Fair,Fair
-89.38,16.14,59.73,0.07,111.27,Good,Good
-92.29,11.98,107.43,1.1,215.52,Fair,Fair
-85.71,16.1,95.85,1.04,190.95,Fair,Fair
-94.66,13.75,79.08,0.5,133.13,Fair,Fair
-81.64,17.49,69.98,1.1,130.82,Good,Good
-86.47,17.54,79.14,0.83,177.63,Good,Good
-91.36,13.34,87.73,1.45,183.27,Fair,Fair
-81.71,15.36,62.38,0.53,86.15,Good,Good
-93.71,14.99,80.64,0.86,163.63,Fair,Fair
-90.75,17.97,94.08,1.3,256.66,Fair,Fair
-87.57,16.69,91.16,1.08,231.33,Fair,Fair
-91.54,13.31,56.25,0.53,70.38,Fair,Fair
-91.43,15.13,97.18,0.98,187.62,Fair,Fair
-101.44,8.63,69.74,1.06,85.64,Fair,Fair
-97.05,13.19,62.69,0.27,122.79,Fair,Fair
-102.85,4.77,66.02,0.28,90.99,Fair,Fair
-94.09,11.32,66.69,0.12,110.98,Fair,Fair
-90.49,13.4,110.89,1.64,265.94,Fair,Fair
-83.45,15.67,97.62,1.06,212.08,Fair,Fair
-82.17,15.16,58.79,0.84,95.84,Good,Good
-95.94,9.58,100.8,0.99,159.89,Fair,Fair
-99.38,11.16,59.27,0.3,97.02,Fair,Fair
-99.21,12.0,113.37,1.22,208.31,Fair,Fair
-95.22,12.18,62.05,0.76,100.3,Fair,Fair
-91.15,11.21,111.83,1.46,215.99,Fair,Fair
-102.04,8.68,66.4,0.76,100.8,Fair,Fair
-93.71,14.34,58.35,0.67,110.96,Fair,Fair
-86.42,15.7,79.31,0.59,153.63,Good,Good
-94.67,10.95,80.86,0.92,133.49,Fair,Fair
-102.66,7.12,79.35,0.44,90.91,Fair,Fair
-90.87,15.27,98.18,0.89,213.71,Fair,Fair
-91.47,14.27,87.48,1.35,180.81,Fair,Fair
-89.73,10.75,101.22,1.12,175.8,Fair,Fair
-104.43,7.77,61.29,0.32,77.03,Fair,Fair
-91.67,15.97,55.1,0.49,99.43,Good,Good
-94.05,15.74,57.43,0.73,101.78,Good,Good
-89.26,18.11,86.07,1.62,229.95,Fair,Fair
-85.82,14.89,69.45,0.24,93.05,Good,Good
-93.07,14.63,63.88,0.84,105.69,Fair,Fair
-89.54,14.57,85.11,1.29,203.04,Fair,Fair
-95.42,11.4,108.93,1.23,194.79,Fair,Fair
-85.31,16.15,84.31,1.41,180.03,Fair,Fair
-87.62,18.79,80.16,1.05,179.16,Fair,Fair
-108.14,6.96,52.34,0.63,55.61,Fair,Fair
-97.66,13.11,54.41,0.94,94.42,Fair,Fair
-93.09,13.6,82.2,0.67,174.52,Fair,Fair
-88.75,15.91,111.8,1.54,276.17,Fair,Fair
-95.05,12.22,78.72,1.1,144.47,Fair,Fair
-93.69,15.56,79.03,0.83,171.04,Good,Good
-89.13,15.55,76.24,0.87,130.34,Good,Good
-98.06,13.08,76.8,0.18,143.36,Fair,Fair
-84.35,19.02,65.69,0.02,108.64,Good,Good
-102.11,10.94,96.61,0.98,180.19,Fair,Fair
-80.71,18.76,79.1,0.64,166.96,Good,Good
-88.4,16.06,103.43,1.37,230.36,Fair,Fair
-87.67,15.94,82.7,0.99,151.1,Good,Good
-90.14,13.7,74.95,0.78,117.23,Fair,Fair
-93.23,13.51,94.57,0.92,154.82,Fair,Fair
-90.14,15.0,110.29,1.59,225.8,Fair,Fair
-100.5,6.15,52.89,0.65,55.55,Fair,Fair
-101.35,11.82,84.65,0.87,150.35,Fair,Fair
-88.82,15.74,67.12,0.7,92.94,Good,Good
-96.51,12.57,60.78,0.14,87.9,Fair,Fair
-83.54,17.21,101.71,0.69,231.72,Good,Good
-88.93,16.6,84.82,1.07,197.85,Fair,Fair
-97.1,14.06,53.94,0.42,72.76,Fair,Fair
-93.0,14.45,116.2,0.94,238.7,Fair,Fair
-98.85,14.49,54.58,0.39,79.09,Fair,Fair
-86.79,15.14,85.51,0.91,174.92,Good,Good
-88.98,17.51,59.52,0.33,93.35,Good,Good
-101.41,7.19,56.01,0.64,51.52,Fair,Fair
-101.81,10.25,94.17,1.42,167.98,Fair,Fair
-86.92,17.9,95.69,0.48,209.92,Good,Good
-103.27,7.53,57.65,0.23,80.35,Fair,Fair
-104.14,7.9,79.73,0.98,108.79,Fair,Fair
-101.39,12.66,62.95,0.52,94.04,Fair,Fair
-95.52,11.13,60.02,0.41,98.13,Fair,Fair
-109.72,7.13,55.91,0.44,76.66,Fair,Fair
-97.19,11.81,77.4,0.69,136.47,Fair,Fair
-90.17,16.02,105.5,1.12,240.71,Fair,Fair
-93.87,11.65,85.42,0.95,156.89,Fair,Fair
-83.73,16.4,84.23,0.62,193.08,Good,Good
-103.49,5.34,79.44,0.73,89.11,Fair,Fair
-91.23,12.62,104.22,1.36,214.7,Fair,Fair
-92.29,10.91,52.78,0.19,88.49,Fair,Fair
-89.99,14.63,108.39,1.61,224.14,Fair,Fair
-104.05,6.26,52.31,0.56,65.18,Fair,Fair
-99.44,9.68,93.5,0.91,159.67,Fair,Fair
-87.9,16.95,85.8,0.99,168.5,Good,Good
-107.22,6.43,73.3,0.97,80.26,Fair,Fair
-100.3,12.56,87.81,1.33,140.09,Fair,Fair
-96.71,8.89,134.8,3.26,107.27,Poor,Poor
-92.87,12.03,59.72,0.72,103.19,Fair,Fair
-90.16,15.28,72.12,0.63,138.78,Good,Good
-85.23,18.51,65.21,0.33,150.18,Good,Good
-100.6,8.2,71.35,0.64,96.17,Fair,Fair
-101.59,12.5,102.94,1.12,203.64,Fair,Fair
-98.06,13.1,89.67,0.63,175.62,Fair,Fair
-103.81,6.3,56.08,0.12,50.89,Fair,Fair
-82.51,18.6,59.43,0.37,127.27,Good,Good
-104.34,7.29,81.74,0.58,113.22,Fair,Fair
-86.8,15.56,46.81,0.33,101.07,Good,Good
-101.67,9.29,45.64,0.1,60.41,Fair,Fair
-94.56,13.94,70.56,0.66,107.93,Fair,Fair
-89.59,12.66,61.89,0.61,114.94,Good,Good
-95.51,12.88,105.62,1.33,207.5,Fair,Fair
-90.16,14.46,85.71,0.81,149.4,Fair,Fair
-97.98,9.67,69.09,0.34,110.77,Fair,Fair
-87.68,13.66,115.22,1.85,239.29,Fair,Fair
-93.67,14.62,58.35,0.26,80.39,Fair,Fair
-83.58,19.33,67.58,0.24,164.59,Good,Good
-90.07,16.77,78.8,0.71,175.28,Good,Good
-90.58,18.38,75.78,0.83,146.11,Good,Good
-91.17,17.33,104.9,1.48,242.32,Fair,Fair
-100.6,12.93,87.42,0.79,180.25,Fair,Fair
-94.75,13.15,61.58,0.48,143.81,Fair,Fair
-100.37,8.49,59.64,0.66,81.76,Fair,Fair
-97.83,13.28,86.72,0.95,180.2,Fair,Fair
-98.67,10.59,102.69,1.87,212.83,Fair,Fair
-91.31,17.05,73.0,0.6,160.24,Good,Good
-100.71,13.24,55.91,0.35,94.24,Fair,Fair
-92.77,13.64,84.65,0.36,169.7,Fair,Fair
-86.02,13.61,70.89,0.23,130.48,Good,Good
-100.84,8.09,66.96,0.52,75.58,Fair,Fair
-90.89,16.3,53.12,0.54,106.57,Good,Good
-93.31,15.38,105.29,1.15,233.83,Fair,Fair
-89.12,15.65,82.95,0.6,151.54,Good,Good
-100.61,13.58,88.04,0.62,170.65,Fair,Fair
-95.09,12.19,52.09,0.48,67.18,Fair,Fair
-102.67,11.51,96.6,1.29,208.18,Fair,Fair
-104.45,10.78,44.1,0.45,42.27,Fair,Fair
-94.47,12.12,84.34,1.08,150.56,Fair,Fair
-88.17,16.56,99.14,1.69,244.8,Fair,Fair
-97.44,10.63,105.39,1.17,183.13,Fair,Fair
-91.5,14.96,60.61,0.25,106.46,Fair,Fair
-94.39,13.74,105.31,1.34,222.51,Fair,Fair
-84.19,19.69,78.69,0.44,186.89,Good,Good
-103.84,10.12,61.55,0.22,95.7,Fair,Fair
-96.78,11.17,67.69,0.52,121.16,Fair,Fair
-92.0,13.01,91.24,0.92,171.98,Fair,Fair
-107.5,10.16,114.24,6.55,73.34,Poor,Poor
-94.3,12.06,86.25,0.7,168.9,Fair,Fair
-97.51,11.57,67.45,0.34,118.79,Fair,Fair
-92.85,13.72,91.86,0.91,193.05,Fair,Fair
-94.78,10.68,55.9,0.12,79.21,Fair,Fair
-87.48,14.08,70.39,0.44,139.83,Good,Good
-92.42,15.29,70.58,0.83,133.54,Good,Good
-93.31,14.1,113.08,1.29,223.31,Fair,Fair
-86.24,17.49,96.2,1.2,222.49,Fair,Fair
-93.25,15.49,73.74,0.77,145.66,Good,Good
-95.27,13.54,64.9,0.82,87.01,Fair,Fair
-102.88,7.98,53.22,0.58,47.97,Fair,Fair
-99.09,12.01,53.73,0.41,82.96,Fair,Fair
-99.12,12.6,71.87,0.83,121.86,Fair,Fair
-91.33,16.71,83.02,1.46,162.48,Fair,Fair
-93.27,15.59,52.83,0.3,91.08,Good,Good
-87.65,13.5,106.83,1.21,204.79,Fair,Fair
-91.24,18.12,64.52,0.53,127.63,Good,Good
-104.62,7.66,56.0,0.42,46.62,Fair,Fair
-88.65,18.53,62.5,0.0,90.68,Good,Good
-87.71,17.45,83.5,0.83,163.82,Good,Good
-87.61,15.97,74.19,0.49,126.1,Good,Good
-86.39,17.07,74.05,0.55,155.92,Good,Good
-87.15,17.51,75.61,0.64,167.26,Good,Good
-88.01,16.67,86.37,0.85,220.96,Good,Good
-102.46,11.38,43.6,0.38,53.07,Fair,Fair
-92.9,13.29,98.89,1.28,203.93,Fair,Fair
-107.91,7.97,60.24,0.47,87.92,Fair,Fair
-89.07,15.03,67.9,0.6,103.58,Good,Good
-106.46,7.1,56.85,0.16,73.5,Fair,Fair
-91.13,17.71,65.22,0.47,111.12,Good,Good
-103.07,8.71,74.55,0.84,94.36,Fair,Fair
-95.7,12.68,102.86,0.98,181.84,Fair,Fair
-100.33,7.63,80.54,1.18,93.81,Poor,Poor
-83.31,14.81,59.12,0.39,128.05,Good,Good
-103.23,7.13,43.16,0.0,54.81,Fair,Fair
-88.97,17.61,58.66,0.0,111.25,Good,Good
-89.82,14.33,67.07,0.42,118.71,Good,Good
-98.36,12.86,67.21,0.9,151.3,Fair,Fair
-84.44,18.3,57.28,0.03,100.89,Good,Good
-85.93,19.24,47.84,0.0,77.27,Good,Good
-97.01,11.5,83.09,1.06,135.33,Fair,Fair
-96.34,13.61,115.99,1.74,221.95,Fair,Fair
-83.98,18.56,77.84,0.77,169.8,Good,Good
-91.72,10.5,97.03,1.4,162.25,Fair,Fair
-97.87,14.41,54.74,0.26,79.63,Fair,Fair
-87.81,12.13,89.07,1.09,167.37,Fair,Fair
-90.69,16.1,76.76,0.86,172.99,Good,Good
-93.83,13.03,60.54,0.39,99.08,Fair,Fair
-91.56,16.21,79.13,0.61,166.05,Good,Good
-102.61,6.21,45.2,0.41,47.85,Fair,Fair
-91.87,13.26,74.33,0.91,141.74,Fair,Fair
-98.76,12.56,105.95,1.36,214.86,Fair,Fair
-101.0,6.84,51.94,0.45,65.62,Fair,Fair
-85.0,17.11,61.25,0.4,118.64,Good,Good
-94.84,11.39,81.23,0.56,117.59,Fair,Fair
-90.01,13.36,81.36,0.67,134.94,Fair,Fair
-97.02,12.69,73.5,0.65,108.16,Fair,Fair
-86.15,13.18,80.43,0.6,196.25,Fair,Fair
-91.46,14.61,83.09,0.52,197.26,Fair,Fair
-87.66,13.48,70.62,1.01,135.38,Fair,Fair
-90.55,16.33,66.77,0.5,131.57,Good,Good
-85.05,14.49,60.36,0.7,75.11,Good,Good
-95.16,15.97,55.62,0.39,106.4,Good,Good
-90.2,15.29,58.76,0.62,105.0,Good,Good
-95.04,12.41,69.61,0.02,81.52,Fair,Fair
-90.4,15.03,59.81,0.51,93.29,Good,Good
-97.36,10.91,96.07,1.29,196.33,Fair,Fair
-94.64,16.33,55.17,0.58,127.05,Good,Good
-89.34,18.05,63.11,0.29,96.4,Good,Good
-90.39,15.44,86.08,0.9,178.23,Fair,Fair
-88.53,12.19,99.23,1.01,178.53,Fair,Fair
-90.76,14.46,64.56,0.66,128.54,Fair,Fair
-93.29,12.64,44.02,0.3,75.38,Fair,Fair
-106.51,9.67,68.58,0.77,110.4,Fair,Fair
-90.03,15.79,87.42,0.95,195.28,Fair,Fair
-84.63,16.82,87.85,0.96,152.92,Good,Good
-91.86,15.17,68.55,0.71,130.17,Good,Good
-85.68,14.81,101.91,1.03,219.54,Fair,Fair
-101.69,4.14,64.57,0.45,81.9,Fair,Fair
-96.26,12.81,103.67,1.45,200.18,Fair,Fair
-90.01,15.63,63.14,0.15,105.46,Good,Good
-94.79,15.7,71.99,0.5,171.22,Good,Good
-89.09,13.15,117.35,1.69,242.37,Fair,Fair
-96.45,12.39,57.36,0.0,101.32,Fair,Fair
-86.62,15.5,116.82,1.52,265.55,Fair,Fair
-86.93,17.51,46.0,0.01,75.93,Good,Good
-93.11,15.32,100.45,1.41,187.62,Fair,Fair
-84.73,17.36,79.32,0.43,177.09,Good,Good
-86.13,20.94,83.96,0.86,202.12,Good,Good
-91.04,15.37,80.66,0.81,163.13,Fair,Fair
-95.83,13.46,49.49,0.31,61.39,Fair,Fair
-99.59,15.02,46.9,0.39,74.47,Good,Good
-99.72,7.42,49.5,0.2,53.63,Fair,Fair
-85.78,19.72,64.41,0.64,109.23,Good,Good
-85.61,17.7,82.4,0.86,183.09,Good,Good
-86.15,16.59,78.43,0.07,162.13,Good,Good
-90.33,18.81,72.1,0.5,145.8,Good,Good
-97.63,10.44,111.85,1.17,204.06,Fair,Fair
-90.36,15.05,75.66,0.7,131.95,Good,Good
-88.55,16.53,98.04,1.17,240.4,Fair,Fair
-102.66,8.58,71.84,0.43,101.81,Fair,Fair
-85.29,17.91,51.54,0.37,68.0,Good,Good
-100.05,7.73,58.84,0.67,71.82,Fair,Fair
-92.9,14.23,78.68,1.34,141.77,Fair,Fair
-90.68,19.44,72.29,0.62,159.99,Good,Good
-92.66,15.44,66.93,0.43,135.8,Good,Good
-93.59,16.02,89.36,0.95,199.74,Fair,Fair
-84.88,13.22,77.43,0.8,132.89,Good,Good
-92.14,15.99,75.46,1.23,139.66,Fair,Fair
-105.48,6.69,51.88,0.61,47.86,Poor,Poor
-97.46,13.89,51.17,0.0,128.71,Fair,Fair
-85.63,15.76,103.45,1.25,214.21,Fair,Fair
-104.86,9.25,76.77,0.58,102.13,Fair,Fair
-85.47,15.6,60.51,0.04,80.02,Good,Good
-87.65,17.48,78.06,0.79,195.44,Good,Good
-95.09,11.59,55.53,0.56,86.06,Fair,Fair
-83.34,16.05,66.63,0.55,94.84,Good,Good
-91.41,15.46,67.22,0.69,148.18,Good,Good
-93.56,12.25,45.16,0.36,61.03,Fair,Fair
-96.99,9.23,95.54,1.17,169.55,Poor,Poor
-90.31,18.78,106.26,1.2,263.73,Fair,Fair
-84.38,18.67,62.73,0.23,142.88,Good,Good
-83.17,17.01,79.14,1.04,168.77,Good,Good
-109.36,7.48,73.66,0.66,103.27,Fair,Fair
-93.03,17.14,52.64,0.26,106.34,Good,Good
-87.27,17.26,88.08,0.87,181.42,Good,Good
-91.95,14.96,95.69,1.22,220.69,Fair,Fair
-91.64,15.78,69.85,0.76,122.4,Good,Good
-93.22,14.3,87.29,1.22,183.74,Fair,Fair
-82.66,15.17,58.25,0.79,85.45,Good,Good
-87.31,15.6,105.48,1.45,228.11,Fair,Fair
-99.16,12.64,74.85,0.77,133.49,Fair,Fair
-92.17,14.75,55.71,0.19,98.19,Fair,Fair
-83.39,19.3,78.75,0.35,160.87,Good,Good
-88.03,15.49,100.23,1.38,218.96,Fair,Fair
-87.49,15.57,66.35,0.37,130.43,Good,Good
-87.67,17.26,106.94,1.49,237.7,Fair,Fair
-100.8,4.33,56.72,0.29,65.0,Fair,Fair
-117.37,2.78,130.67,7.14,34.51,Poor,Poor
-91.73,13.35,93.54,0.98,173.37,Fair,Fair
-94.08,11.91,68.41,0.91,125.66,Fair,Fair
-105.38,8.24,67.47,0.66,92.48,Fair,Fair
-85.16,16.22,68.5,0.96,111.02,Good,Good
-103.65,5.12,98.9,1.29,112.35,Poor,Poor
-89.04,15.18,54.3,0.62,85.77,Good,Good
-91.46,12.99,96.43,1.0,196.89,Fair,Fair
-87.0,17.15,105.02,1.14,237.87,Fair,Fair
-99.75,9.1,58.72,0.77,76.37,Fair,Fair
-84.63,17.05,74.89,0.96,158.94,Good,Good
-85.36,17.16,93.05,1.06,214.22,Fair,Fair
-81.02,18.33,57.17,0.43,69.09,Good,Good
-101.5,7.23,58.86,0.83,49.25,Fair,Fair
-90.57,11.28,113.2,1.18,192.23,Fair,Fair
-86.87,16.47,85.12,1.29,195.43,Fair,Fair
-98.05,10.55,72.27,0.51,105.04,Fair,Fair
-90.04,11.67,111.72,1.14,228.36,Fair,Fair
-86.85,15.08,57.31,0.24,103.42,Good,Good
-91.01,17.43,62.75,0.42,99.52,Good,Good
-85.14,15.98,73.58,0.52,150.21,Good,Good
-84.85,15.08,84.65,0.82,175.47,Good,Good
-98.5,11.45,76.12,0.27,144.55,Fair,Fair
-99.46,8.48,54.07,0.51,80.01,Fair,Fair
-96.59,14.41,115.36,1.52,239.62,Fair,Fair
-85.97,15.14,81.1,0.77,133.97,Good,Good
-85.67,18.21,101.9,1.33,254.5,Fair,Fair
-103.66,6.29,87.2,1.14,115.43,Poor,Poor
-86.72,16.84,79.5,0.27,158.08,Good,Good
-101.36,9.5,43.56,0.46,55.34,Fair,Fair
-100.41,6.57,36.55,0.1,37.08,Fair,Fair
-99.66,5.06,59.48,0.06,58.86,Fair,Fair
-97.55,11.57,84.32,1.4,159.25,Fair,Fair
-85.73,17.2,79.93,0.75,151.22,Good,Good
-102.27,6.02,86.17,1.21,130.92,Poor,Poor
-98.37,11.43,103.0,0.78,189.58,Fair,Fair
-103.52,8.3,48.39,0.33,35.46,Fair,Fair
-107.99,7.49,47.69,0.12,67.27,Fair,Fair
-93.73,12.1,100.79,1.26,181.73,Fair,Fair
-110.44,8.2,98.48,7.15,105.31,Poor,Poor
-90.18,16.16,71.16,0.94,120.74,Good,Good
-98.92,5.71,78.92,0.95,85.88,Fair,Fair
-108.2,5.46,80.97,0.74,110.65,Poor,Poor
-91.98,13.56,73.54,0.47,149.35,Fair,Fair
-85.65,16.54,64.38,0.15,134.81,Good,Good
-96.69,11.82,68.97,0.93,109.7,Fair,Fair
-94.71,10.63,114.75,1.2,225.71,Fair,Fair
-101.2,7.5,56.48,0.64,63.11,Fair,Fair
-88.04,16.71,70.5,0.49,118.23,Good,Good
-101.85,6.49,75.98,0.66,113.96,Fair,Fair
-93.33,16.46,73.07,0.74,153.66,Good,Good
-104.8,6.93,49.03,0.27,55.73,Fair,Fair
-107.44,7.27,80.52,0.78,112.98,Poor,Poor
-101.71,9.1,48.3,0.52,52.08,Fair,Fair
-103.16,7.54,38.17,0.14,36.02,Fair,Fair
-91.46,14.2,119.49,1.65,266.51,Fair,Fair
-82.16,17.26,92.98,0.85,204.85,Good,Good
-87.29,16.14,61.43,0.0,108.63,Good,Good
-94.11,14.36,42.63,0.1,83.12,Fair,Fair
-87.73,16.08,48.11,0.48,100.36,Good,Good
-88.26,17.72,76.19,0.8,190.85,Good,Good
-103.74,8.37,59.79,0.4,66.39,Fair,Fair
-82.19,18.71,56.82,0.46,120.87,Good,Good
-95.25,12.11,116.64,1.81,223.56,Fair,Fair
-87.07,17.31,76.12,0.68,145.67,Good,Good
-96.34,11.15,63.03,0.13,89.59,Fair,Fair
-92.43,16.9,58.97,0.29,107.38,Good,Good
-99.14,10.19,36.01,0.49,37.25,Fair,Fair
-92.21,14.77,118.82,1.5,253.82,Fair,Fair
-89.52,13.59,69.01,0.19,139.83,Good,Good
-88.29,12.16,133.13,1.97,250.62,Fair,Fair
-103.36,7.09,70.24,0.5,92.8,Fair,Fair
-97.15,12.33,80.93,0.81,162.56,Fair,Fair
-91.74,15.91,63.62,1.07,108.92,Fair,Fair
-107.97,7.78,73.85,0.45,100.55,Fair,Fair
-97.11,12.51,83.38,0.88,141.51,Fair,Fair
-85.84,17.45,106.56,1.03,265.14,Fair,Fair
-91.38,14.69,90.27,0.78,162.51,Fair,Fair
-92.74,10.12,59.18,0.47,70.19,Fair,Fair
-88.3,14.36,77.47,1.2,148.95,Fair,Fair
-90.0,15.31,82.33,0.56,169.41,Good,Good
-93.92,15.41,53.7,0.0,92.47,Good,Good
-85.66,14.04,56.18,0.45,89.77,Good,Good
-83.88,14.98,58.99,0.51,97.81,Good,Good
-85.46,15.59,103.84,1.25,211.04,Fair,Fair
-96.64,12.84,94.21,1.15,186.03,Fair,Fair
-95.18,18.16,91.13,0.9,245.12,Fair,Fair
-82.7,20.85,52.33,0.0,107.08,Good,Good
-96.89,13.44,63.59,0.62,83.36,Fair,Fair
-88.94,17.7,55.99,0.13,128.47,Good,Good
-117.16,2.06,113.77,5.95,43.67,Poor,Poor
-80.64,19.4,75.69,1.11,194.79,Good,Good
-84.61,17.71,80.37,0.81,188.03,Good,Good
-93.71,14.78,92.16,0.8,225.06,Fair,Fair
-93.93,12.88,113.99,1.13,236.45,Fair,Fair
-103.41,8.84,57.79,0.64,77.57,Fair,Fair
-100.71,6.19,40.68,0.46,53.87,Fair,Fair
-113.33,6.08,96.53,5.2,57.49,Poor,Poor
-103.51,7.33,61.65,0.14,113.55,Fair,Fair
-90.32,14.64,67.57,0.51,102.25,Fair,Fair
-100.94,8.14,98.7,1.16,136.69,Poor,Poor
-88.82,17.15,59.17,0.52,103.19,Good,Good
-91.67,14.88,50.19,0.0,78.16,Fair,Fair
-89.98,14.27,102.94,1.01,211.33,Fair,Fair
-89.44,14.14,81.17,0.62,180.84,Fair,Fair
-95.87,11.78,76.11,0.71,151.01,Fair,Fair
-92.66,14.95,74.44,0.6,133.98,Fair,Fair
-95.83,11.02,57.78,0.43,110.41,Fair,Fair
-91.87,18.49,50.1,0.28,96.61,Good,Good
-90.39,13.62,94.66,0.52,217.99,Fair,Fair
-95.36,16.44,108.62,1.54,275.11,Fair,Fair
-105.44,8.45,88.6,1.47,139.61,Poor,Poor
-83.39,16.95,58.53,0.35,108.43,Good,Good
-97.3,10.54,98.07,0.98,174.63,Fair,Fair
-88.6,14.9,71.18,0.92,152.2,Good,Good
-91.0,12.4,56.41,0.28,93.0,Fair,Fair
-91.38,13.12,115.57,2.14,225.96,Fair,Fair
-104.63,8.93,63.03,0.53,104.85,Fair,Fair
-88.54,17.24,86.54,0.99,178.09,Good,Good
-91.14,13.81,92.35,1.01,216.38,Fair,Fair
-100.0,10.65,77.12,0.85,132.35,Fair,Fair
-92.39,16.43,91.24,0.63,193.83,Fair,Fair
-91.22,14.75,107.81,0.77,205.29,Fair,Fair
-98.28,13.05,69.42,0.44,129.32,Fair,Fair
-90.57,17.26,57.32,0.16,91.75,Good,Good
-82.89,15.93,90.72,0.7,182.95,Good,Good
-86.11,16.19,100.39,1.25,219.68,Fair,Fair
-84.96,18.2,97.8,0.77,225.45,Good,Good
-96.94,13.2,78.6,0.81,125.5,Fair,Fair
-99.25,8.08,80.14,0.95,120.29,Fair,Fair
-94.42,11.73,72.85,0.13,123.4,Fair,Fair
-100.01,15.72,60.2,0.32,79.3,Good,Good
-94.81,13.44,41.71,0.54,60.03,Fair,Fair
-90.21,16.02,62.25,0.02,90.46,Good,Good
-89.95,13.19,102.85,1.29,213.45,Fair,Fair
-88.22,15.2,62.09,0.71,107.32,Good,Good
-83.28,14.29,120.36,1.46,258.06,Fair,Fair
-85.52,19.16,80.66,0.68,170.63,Good,Good
-106.7,9.65,45.05,0.27,57.52,Fair,Fair
-95.75,17.31,56.63,0.28,75.5,Good,Good
-90.94,14.22,92.42,1.14,180.75,Fair,Fair
-86.75,17.84,50.46,0.56,91.28,Good,Good
-91.99,17.88,67.68,0.61,109.52,Good,Good
-89.04,12.21,68.16,0.91,125.24,Good,Good
-87.11,18.32,96.29,1.18,221.98,Fair,Fair
-92.74,13.26,63.07,0.72,108.14,Fair,Fair
-102.73,6.94,73.37,0.59,95.31,Fair,Fair
-88.26,13.52,89.41,1.42,193.26,Fair,Fair
-85.02,20.32,70.78,0.34,157.01,Good,Good
-94.49,13.87,113.84,1.45,273.87,Fair,Fair
-85.83,15.96,81.21,1.15,161.26,Fair,Fair
-87.84,19.23,61.34,0.13,115.95,Good,Good
-92.77,13.68,82.62,0.91,177.47,Fair,Fair
-89.85,15.02,75.04,1.15,173.49,Good,Good
-88.25,15.64,83.84,0.41,184.88,Good,Good
-87.15,15.34,81.65,0.73,152.87,Good,Good
-91.64,14.78,59.83,0.31,104.97,Fair,Fair
-91.68,15.47,64.72,0.52,107.45,Good,Good
-88.23,15.42,91.1,1.18,204.15,Fair,Fair
-84.66,18.94,65.22,0.95,130.15,Good,Good
-86.55,16.05,66.65,0.89,143.19,Good,Good
-85.76,16.14,105.69,0.82,217.46,Good,Good
-88.64,15.63,92.27,0.85,206.41,Good,Good
-97.04,10.18,78.77,0.59,126.65,Fair,Fair
-90.39,16.15,67.7,0.79,114.32,Good,Good
-85.54,18.5,74.51,1.13,185.68,Good,Good
-89.04,14.09,65.91,0.71,112.03,Good,Good
-102.96,6.94,51.31,0.37,45.23,Fair,Fair
-83.91,17.29,83.91,0.45,167.82,Good,Good
-89.35,11.76,50.72,0.51,61.09,Good,Good
-91.02,13.31,75.0,0.54,130.73,Fair,Fair
-90.83,15.38,113.01,0.87,265.5,Fair,Fair
-86.04,17.9,46.29,0.14,80.02,Good,Good
-100.28,11.08,105.26,1.32,216.31,Fair,Fair
-96.82,14.76,69.56,0.63,123.94,Fair,Fair
-95.24,13.72,89.6,0.89,168.75,Fair,Fair
-92.58,15.8,96.06,1.01,230.53,Fair,Fair
-86.2,16.37,92.83,1.02,230.69,Fair,Fair
-90.97,16.08,58.81,0.62,146.71,Good,Good
-102.73,5.97,70.88,0.8,95.92,Fair,Fair
-85.73,17.9,105.22,1.55,246.77,Fair,Fair
-88.54,16.22,87.43,1.43,218.4,Fair,Fair
-105.06,8.52,79.13,0.2,132.11,Fair,Fair
-89.69,14.22,63.8,0.47,84.87,Good,Good
-86.44,15.15,58.87,0.31,101.07,Good,Good
-97.06,10.77,107.04,1.42,194.21,Fair,Fair
-86.0,18.13,82.49,0.99,169.67,Good,Good
-89.62,13.28,72.81,0.23,141.79,Good,Good
-89.79,17.64,67.41,0.45,107.22,Good,Good
-103.4,4.34,68.85,0.63,64.73,Fair,Fair
-84.51,16.16,123.85,1.61,268.74,Fair,Fair
-98.47,12.16,56.51,0.36,72.26,Fair,Fair
-91.73,16.71,54.4,0.0,74.49,Good,Good
-101.81,5.44,62.82,0.73,78.73,Fair,Fair
-91.92,12.65,53.29,0.72,99.18,Fair,Fair
-100.38,7.5,38.31,0.21,50.48,Fair,Fair
-99.54,8.15,58.33,0.13,98.01,Fair,Fair
-87.15,19.45,48.1,0.38,87.56,Good,Good
-88.22,15.27,123.9,1.55,285.88,Fair,Fair
-91.41,11.42,36.1,0.05,54.0,Good,Good
-102.94,4.84,63.76,0.54,57.88,Fair,Fair
-97.68,8.37,100.51,1.32,178.11,Poor,Poor
-95.6,11.22,74.72,0.81,147.72,Fair,Fair
-81.54,20.5,56.03,0.43,115.46,Good,Good
-86.31,17.03,49.23,0.42,109.55,Good,Good
-102.95,5.21,86.04,1.07,99.4,Poor,Poor
-93.28,15.58,85.92,1.0,162.84,Fair,Fair
-102.09,7.3,66.54,0.55,91.23,Fair,Fair
-93.97,14.26,95.28,0.72,197.26,Fair,Fair
-93.91,14.07,95.32,0.95,194.93,Fair,Fair
-89.51,14.98,65.01,0.6,113.41,Good,Good
-100.64,7.25,59.31,0.33,78.44,Fair,Fair
-93.49,14.04,127.68,1.87,270.19,Fair,Fair
-85.87,17.47,107.6,1.45,272.76,Fair,Fair
-99.09,5.2,72.89,0.66,92.23,Fair,Fair
-93.26,13.86,99.98,1.56,221.13,Fair,Fair
-97.52,12.75,63.02,0.12,113.01,Fair,Fair
-109.45,9.68,135.24,5.65,145.35,Poor,Poor
-89.54,16.84,86.9,0.74,179.21,Good,Good
-95.26,7.77,50.53,0.26,59.55,Fair,Fair
-94.83,11.16,51.68,0.31,83.89,Fair,Fair
-92.32,15.77,74.88,0.41,137.86,Good,Good
-82.77,17.87,90.22,1.45,186.19,Fair,Fair
-85.35,19.21,57.01,0.39,111.13,Good,Good
-100.95,8.71,45.16,0.11,39.76,Fair,Fair
-89.08,12.82,96.8,1.01,181.71,Fair,Fair
-92.12,13.78,61.99,0.57,95.63,Fair,Fair
-90.38,13.94,69.07,0.75,119.82,Fair,Fair
-88.91,15.24,52.85,0.13,78.94,Good,Good
-92.37,15.01,99.74,0.74,212.42,Fair,Fair
-99.42,11.9,104.38,1.04,194.93,Fair,Fair
-89.43,16.74,51.67,0.0,103.48,Good,Good
-91.69,11.77,48.67,0.26,78.51,Fair,Fair
-84.21,15.58,66.4,0.54,91.1,Good,Good
-82.52,16.25,109.84,1.35,253.82,Fair,Fair
-90.58,15.32,59.18,0.31,94.21,Good,Good
-96.59,9.41,97.58,0.86,155.77,Fair,Fair
-102.93,6.94,72.47,1.0,95.91,Fair,Fair
-101.59,6.54,82.23,1.18,133.13,Poor,Poor
-91.06,12.87,64.92,0.14,133.49,Fair,Fair
-95.26,11.83,53.89,0.0,78.23,Fair,Fair
-86.72,17.67,56.9,0.5,83.24,Good,Good
-81.06,17.35,63.26,0.61,93.39,Good,Good
-97.28,8.85,140.79,4.93,120.75,Poor,Poor
-86.73,17.06,77.67,0.98,135.8,Good,Good
-90.23,13.98,76.95,0.7,137.0,Fair,Fair
-86.42,20.11,59.74,0.82,124.54,Good,Good
-89.12,14.51,85.62,0.69,149.92,Fair,Fair
-86.55,16.28,53.93,0.0,120.24,Good,Good
-92.14,18.4,62.38,0.29,137.57,Good,Good
-95.05,12.63,97.96,0.94,180.28,Fair,Fair
-84.7,18.04,78.04,0.71,203.37,Good,Good
-89.23,15.66,53.05,0.23,79.47,Good,Good
-98.22,11.41,86.39,1.06,152.62,Fair,Fair
-85.31,17.58,74.21,0.52,145.25,Good,Good
-89.3,14.77,56.93,0.13,84.19,Good,Good
-95.23,12.5,55.01,0.57,73.99,Fair,Fair
-104.84,7.09,78.37,0.65,134.22,Fair,Fair
-93.02,13.99,65.57,0.27,85.39,Fair,Fair
-108.67,8.51,79.25,0.88,111.06,Fair,Fair
-90.44,16.64,57.34,0.0,90.72,Good,Good
-100.7,5.48,49.7,0.28,51.5,Fair,Fair
-93.87,11.59,83.78,0.65,134.53,Fair,Fair
-95.13,12.54,98.65,1.33,183.18,Fair,Fair
-98.87,13.02,55.22,0.16,71.17,Fair,Fair
-95.21,13.91,49.92,0.34,59.45,Fair,Fair
-95.31,10.42,49.58,0.47,56.02,Fair,Fair
-101.48,10.34,100.57,1.01,207.8,Fair,Fair
-89.1,17.72,88.85,0.99,217.64,Good,Good
-87.24,15.96,66.83,0.69,143.71,Good,Good
-94.82,13.91,89.94,1.1,191.55,Fair,Fair
-88.78,17.73,99.58,1.14,265.68,Fair,Fair
-92.09,14.87,122.39,1.54,300.96,Fair,Fair
-82.63,16.73,81.2,0.23,153.41,Good,Good
-96.73,11.68,90.85,0.87,168.23,Fair,Fair
-99.65,11.85,167.73,5.42,116.88,Poor,Poor
-96.81,12.17,99.43,0.88,201.39,Fair,Fair
-89.5,13.68,76.11,0.73,132.31,Good,Good
-93.84,13.21,64.8,0.46,102.07,Fair,Fair
-95.25,9.95,71.67,0.7,100.66,Fair,Fair
-97.05,14.49,51.69,0.73,93.1,Fair,Fair
-91.54,16.25,45.27,0.33,69.48,Good,Good
-96.57,16.98,43.98,0.15,66.83,Good,Good
-86.28,19.9,86.29,1.52,204.68,Fair,Fair
-93.05,10.02,71.82,0.69,104.34,Fair,Fair
-101.57,7.16,64.88,0.11,90.11,Fair,Fair
-80.49,20.08,59.37,0.3,116.36,Good,Good
-93.54,12.81,69.7,0.74,123.29,Fair,Fair
-92.15,15.93,98.72,1.45,235.41,Fair,Fair
-92.45,12.92,87.17,1.0,172.26,Fair,Fair
-105.68,6.67,49.09,0.73,56.59,Fair,Fair
-86.31,17.36,61.74,0.09,101.15,Good,Good
-103.97,5.57,79.37,0.74,99.83,Fair,Fair
-100.68,7.18,53.82,0.94,43.4,Fair,Fair
-91.83,14.79,52.02,0.39,78.57,Fair,Fair
-103.5,7.85,62.99,0.05,90.04,Fair,Fair
-87.14,16.9,44.49,0.0,72.6,Good,Good
-90.5,12.21,124.63,1.08,262.0,Fair,Fair
-84.26,19.53,53.69,0.03,83.87,Good,Good
-93.72,10.8,73.79,0.24,107.64,Fair,Fair
-87.84,17.33,83.48,0.99,157.2,Good,Good
-90.67,15.76,58.06,0.57,90.2,Good,Good
-103.8,7.23,34.21,0.63,29.12,Fair,Fair
-95.43,13.62,80.66,0.86,149.14,Fair,Fair
-96.09,11.05,71.45,0.74,130.99,Fair,Fair
-101.93,10.19,67.38,0.79,93.21,Fair,Fair
-90.49,15.8,67.59,0.92,99.2,Good,Good
-98.51,12.72,100.67,1.41,194.67,Fair,Fair
-100.1,8.47,74.98,0.86,133.75,Fair,Fair
-96.49,10.81,79.89,1.03,137.28,Fair,Fair
-104.87,9.35,61.9,0.6,80.09,Fair,Fair
-103.9,8.49,67.36,0.6,80.3,Fair,Fair
-88.52,19.5,96.04,0.96,236.22,Good,Good
-97.14,10.33,61.29,0.53,73.41,Fair,Fair
-85.61,17.32,90.66,0.67,217.64,Good,Good
-73.46,19.26,65.16,0.72,118.85,Good,Good
-96.17,11.18,76.63,0.93,144.69,Fair,Fair
-102.81,6.8,60.01,0.92,80.31,Fair,Fair
-104.4,9.08,55.72,0.32,46.5,Fair,Fair
-91.38,12.97,82.19,0.71,142.56,Fair,Fair
-94.05,10.18,77.01,0.74,110.03,Fair,Fair
-89.44,15.31,70.77,1.04,150.78,Good,Good
-89.75,16.72,80.75,0.69,168.83,Good,Good
-90.46,17.67,108.96,1.35,246.32,Fair,Fair
-89.56,15.38,64.77,0.56,86.63,Good,Good
-90.87,15.35,78.74,0.67,149.11,Good,Good
-88.63,17.52,111.43,1.49,288.7,Fair,Fair
-91.05,15.86,58.32,0.92,102.98,Good,Good
-85.96,16.45,46.92,0.33,89.62,Good,Good
-94.05,14.06,73.05,0.62,128.21,Fair,Fair
-97.49,10.64,50.82,0.32,59.35,Fair,Fair
-105.9,10.21,50.0,0.6,66.83,Fair,Fair
-81.78,15.69,81.98,0.62,181.23,Good,Good
-84.83,18.44,74.19,0.49,155.57,Good,Good
-106.13,7.8,79.25,1.02,91.89,Poor,Poor
-96.75,13.44,47.09,0.05,53.56,Fair,Fair
-86.57,19.59,62.87,0.6,136.32,Good,Good
-101.95,7.78,75.71,0.94,85.67,Fair,Fair
-87.22,13.35,97.75,1.01,182.39,Fair,Fair
-85.4,15.95,67.87,0.51,150.58,Good,Good
-91.72,16.47,102.87,1.09,258.89,Fair,Fair
-90.95,18.55,98.32,0.64,224.55,Fair,Fair
-92.48,16.25,78.43,1.03,175.25,Fair,Fair
-87.48,18.27,72.91,0.74,175.4,Good,Good
-95.84,13.37,59.98,0.24,128.67,Fair,Fair
-94.11,13.02,75.31,0.72,142.59,Fair,Fair
-87.65,15.2,96.84,1.38,230.98,Fair,Fair
-94.84,14.36,55.59,0.3,89.38,Fair,Fair
-97.45,11.44,70.01,0.36,94.4,Fair,Fair
-86.68,20.97,75.04,0.28,169.22,Good,Good
-108.43,4.45,78.07,0.47,88.15,Fair,Fair
-88.83,18.41,86.21,0.86,199.88,Good,Good
-97.42,10.35,84.81,0.84,149.11,Fair,Fair
-87.64,15.46,47.36,0.64,92.94,Good,Good
-86.94,15.77,68.31,0.22,133.87,Good,Good
-93.59,12.69,84.92,0.88,169.06,Fair,Fair
-81.26,16.27,77.16,0.56,169.43,Good,Good
-100.35,9.34,60.79,0.52,65.98,Fair,Fair
-106.16,9.06,56.17,0.64,84.9,Fair,Fair
-88.21,17.02,54.58,0.06,110.14,Good,Good
-96.67,12.19,97.7,1.05,177.19,Fair,Fair
-94.65,11.96,69.36,0.63,111.4,Fair,Fair
-92.67,15.84,122.15,1.56,284.52,Fair,Fair
-91.99,13.81,92.71,0.68,202.65,Fair,Fair
-104.72,9.48,76.26,0.7,121.75,Fair,Fair
-91.91,12.81,54.44,0.35,101.1,Fair,Fair
-87.28,19.65,69.14,0.78,119.8,Good,Good
-92.55,15.5,106.49,1.3,258.13,Fair,Fair
-92.87,13.1,105.25,1.3,229.77,Fair,Fair
-93.65,12.31,75.56,0.52,139.47,Fair,Fair
-106.27,4.45,74.95,0.88,97.2,Fair,Fair
-94.11,15.95,90.02,0.49,184.21,Fair,Fair
-106.2,4.54,63.79,0.49,76.22,Fair,Fair
-89.02,15.94,63.71,0.7,132.57,Good,Good
-91.87,13.78,88.5,1.19,180.05,Fair,Fair
-86.84,18.26,87.84,0.78,229.44,Good,Good
-86.2,19.79,52.6,0.36,122.33,Good,Good
-102.99,7.61,65.9,0.66,91.17,Fair,Fair
-91.61,17.32,71.48,0.53,146.74,Good,Good
-102.64,7.03,59.09,0.28,63.2,Fair,Fair
-87.03,16.55,91.36,1.03,193.59,Fair,Fair
-100.77,5.43,60.92,0.46,82.06,Fair,Fair
-95.68,12.32,67.75,0.26,77.95,Fair,Fair
-88.53,18.93,50.88,0.48,123.73,Good,Good
-96.67,12.46,64.1,0.82,136.58,Fair,Fair
-90.76,13.37,105.27,0.8,218.66,Fair,Fair
-91.67,15.18,46.46,0.44,63.4,Good,Good
-83.48,18.43,70.02,0.82,146.22,Good,Good
-89.27,14.85,64.71,0.44,105.66,Good,Good
-90.56,19.05,85.65,0.85,180.94,Fair,Fair
-105.13,8.49,83.51,0.94,102.64,Poor,Poor
-89.52,16.38,89.04,1.04,190.91,Fair,Fair
-91.6,19.69,100.27,1.23,271.09,Fair,Fair
-87.09,14.81,89.12,0.72,179.14,Fair,Fair
-106.71,7.99,53.81,0.28,68.17,Fair,Fair
-96.93,11.89,71.09,0.32,118.41,Fair,Fair
-98.7,12.14,72.64,0.68,138.28,Fair,Fair
-92.15,12.72,120.01,1.27,230.36,Fair,Fair
-99.23,12.71,62.17,0.64,72.75,Fair,Fair
-92.01,16.08,86.76,0.75,202.57,Fair,Fair
-103.99,9.15,59.5,0.28,88.92,Fair,Fair
-94.6,12.34,67.04,0.29,115.29,Fair,Fair
-99.09,10.02,70.95,0.66,98.76,Fair,Fair
-105.22,7.28,77.01,0.47,128.74,Fair,Fair
-90.95,13.91,98.21,1.02,192.27,Fair,Fair
-99.32,9.12,77.98,0.82,79.39,Fair,Fair
-89.36,10.85,84.11,0.83,123.97,Fair,Fair
-90.09,13.57,81.51,0.6,133.65,Fair,Fair
-106.49,5.66,80.4,0.88,102.69,Poor,Poor
-98.18,6.06,55.21,0.62,91.13,Fair,Fair
-89.26,12.93,91.55,1.27,165.05,Fair,Fair
-87.21,18.27,71.05,0.08,163.39,Good,Good
-106.48,5.78,80.46,0.75,115.81,Poor,Poor
-90.3,15.64,60.39,0.37,113.88,Good,Good
-87.21,19.25,61.42,0.37,129.24,Good,Good
-89.5,17.15,77.01,0.69,160.46,Good,Good
-90.7,12.75,90.97,1.26,156.97,Fair,Fair
-90.35,10.72,42.33,0.63,65.54,Fair,Fair
-100.75,8.58,67.88,0.28,88.2,Fair,Fair
-87.56,16.07,95.84,1.38,210.49,Fair,Fair
-86.71,16.9,63.27,0.02,115.14,Good,Good
-91.5,12.27,103.53,1.08,202.39,Fair,Fair
-91.17,14.24,73.7,0.75,160.73,Fair,Fair
-95.77,11.17,75.32,0.8,120.34,Fair,Fair
-93.75,11.72,71.03,0.89,115.47,Fair,Fair
-100.7,8.39,44.97,0.13,64.46,Fair,Fair
-96.68,12.63,54.74,0.0,102.58,Fair,Fair
-93.89,16.63,105.33,0.96,267.73,Fair,Fair
-96.0,12.12,81.78,0.84,150.69,Fair,Fair
-93.22,16.42,92.3,1.25,224.72,Fair,Fair
-89.65,14.79,58.52,0.62,92.43,Good,Good
-99.78,11.84,92.41,0.98,151.41,Fair,Fair
-93.52,15.19,88.39,1.21,182.96,Fair,Fair
-90.71,17.07,127.53,1.58,303.35,Fair,Fair
-91.96,14.19,62.19,0.41,92.29,Fair,Fair
-87.77,16.19,39.58,0.09,66.7,Good,Good
-93.35,15.57,59.35,0.55,94.28,Good,Good
-81.32,17.47,75.13,0.49,145.34,Good,Good
-94.06,14.58,87.21,1.16,195.23,Fair,Fair
-100.86,10.8,84.2,0.86,135.76,Fair,Fair
-89.11,14.1,77.19,0.83,129.62,Good,Good
-81.79,19.21,71.18,0.65,133.36,Good,Good
-88.7,13.77,74.51,0.9,103.08,Good,Good
-87.34,18.59,90.7,0.71,208.75,Good,Good
-82.85,15.02,90.49,0.97,183.65,Good,Good
-94.41,16.44,71.57,1.06,142.51,Fair,Fair
-89.79,13.73,77.88,0.2,144.76,Good,Good
-88.46,16.47,91.86,0.99,192.72,Good,Good
-95.11,12.72,61.9,0.1,91.99,Fair,Fair
-88.91,15.33,68.75,0.68,146.54,Good,Good
-100.42,6.79,65.24,0.33,77.65,Fair,Fair
-90.39,19.85,69.37,0.4,145.3,Good,Good
-89.26,13.29,120.6,1.88,253.59,Fair,Fair
-105.62,5.33,66.92,0.48,70.52,Fair,Fair
-96.32,9.11,142.96,6.83,152.88,Poor,Poor
-89.25,12.61,69.37,0.87,158.32,Good,Good
-104.77,7.4,81.06,0.6,110.38,Fair,Fair
-88.55,13.39,70.98,0.22,144.67,Good,Good
-82.6,18.4,52.55,0.9,100.03,Good,Good
-104.73,9.96,119.02,6.87,60.3,Poor,Poor
-102.29,5.67,70.81,0.49,78.83,Fair,Fair
-102.99,5.29,80.43,1.33,96.27,Poor,Poor
-97.11,11.8,76.67,0.56,146.23,Fair,Fair
-96.14,11.01,71.6,0.78,110.32,Fair,Fair
-95.38,11.87,53.11,0.0,73.24,Fair,Fair
-107.51,5.39,78.08,0.87,97.05,Fair,Fair
-105.4,7.01,47.64,0.32,45.69,Poor,Poor
-89.47,14.59,64.68,0.66,123.01,Good,Good
-93.73,10.87,75.68,0.74,102.87,Fair,Fair
-87.14,18.36,63.64,0.93,160.39,Good,Good
-91.66,15.76,41.72,0.58,71.01,Good,Good
-87.25,15.45,71.94,0.4,121.07,Good,Good
-95.77,15.13,98.86,1.43,216.05,Fair,Fair
-109.09,7.95,77.18,0.71,103.23,Fair,Fair
-103.38,5.92,71.37,0.36,88.67,Fair,Fair
-93.82,14.69,68.4,0.68,114.21,Fair,Fair
-104.89,11.08,100.19,1.16,192.57,Fair,Fair
-85.53,17.04,51.76,0.73,67.86,Good,Good
-88.72,13.49,81.84,0.85,165.54,Fair,Fair
-88.92,16.19,51.2,0.09,112.85,Good,Good
-103.71,4.9,103.28,0.95,122.05,Fair,Fair
-99.65,11.61,76.14,0.38,144.14,Fair,Fair
-99.51,11.9,98.33,1.39,177.65,Fair,Fair
-79.5,17.31,60.78,0.43,109.34,Good,Good
-88.06,16.23,72.78,0.71,126.82,Good,Good
-89.76,11.81,80.09,0.63,143.42,Fair,Fair
-89.48,15.04,49.08,0.0,80.97,Good,Good
-101.7,8.23,87.08,0.96,131.35,Fair,Fair
-100.95,7.04,101.22,1.26,121.77,Poor,Poor
-93.19,15.44,93.56,1.13,182.51,Fair,Fair
-86.53,16.86,78.49,0.82,147.36,Good,Good
-106.83,5.46,81.22,1.35,103.16,Poor,Poor
-92.45,12.84,66.3,0.41,112.03,Fair,Fair
-102.21,6.95,79.12,0.68,110.4,Fair,Fair
-91.93,14.42,87.84,0.97,205.08,Fair,Fair
-91.41,11.97,102.52,0.98,188.9,Fair,Fair
-87.95,15.23,119.97,1.43,265.99,Fair,Fair
-94.59,8.83,54.19,0.01,62.33,Fair,Fair
-101.96,9.28,50.87,0.0,62.27,Fair,Fair
-106.39,5.38,102.27,1.15,115.05,Poor,Poor
-98.81,12.9,85.69,0.83,156.11,Fair,Fair
-97.11,11.59,72.63,0.79,111.68,Fair,Fair
-79.95,18.97,58.34,0.64,125.74,Good,Good
-108.33,5.3,68.67,0.4,90.94,Fair,Fair
-91.7,12.54,111.85,0.92,233.8,Fair,Fair
-91.21,13.68,96.94,0.91,181.18,Fair,Fair
-97.79,8.12,64.11,0.37,75.46,Fair,Fair
-84.84,19.87,64.28,0.44,121.21,Good,Good
-90.87,15.84,63.0,0.73,130.99,Good,Good
-97.76,13.77,55.54,0.1,73.75,Fair,Fair
-102.54,8.17,52.93,0.84,52.44,Fair,Fair
-102.91,5.71,87.81,1.33,113.48,Poor,Poor
-94.93,12.35,77.46,0.74,126.49,Fair,Fair
-96.67,10.47,70.8,0.84,123.96,Fair,Fair
-106.43,7.6,38.02,0.4,54.42,Fair,Fair
-91.94,13.66,120.91,1.48,259.97,Fair,Fair
-89.44,16.32,62.31,0.41,109.85,Good,Good
-85.88,16.74,74.78,1.02,165.61,Good,Good
-90.74,11.64,99.65,1.37,185.76,Fair,Fair
-93.88,16.91,46.05,0.13,87.73,Good,Good
-91.15,13.46,110.17,1.34,247.38,Fair,Fair
-91.09,13.01,75.86,0.87,139.34,Fair,Fair
-92.84,15.97,90.41,1.02,208.56,Fair,Fair
-90.47,14.02,57.64,0.83,77.47,Fair,Fair
-87.11,19.29,100.77,1.11,242.71,Fair,Fair
-83.48,17.21,66.78,0.51,109.01,Good,Good
-92.01,16.67,52.05,0.0,95.62,Good,Good
-97.61,12.05,66.52,0.14,104.27,Fair,Fair
-96.6,12.12,73.79,0.54,103.1,Fair,Fair
-87.85,15.76,46.95,0.4,77.67,Good,Good
-95.27,10.51,52.49,0.13,72.69,Fair,Fair
-93.57,15.14,69.65,0.5,136.26,Good,Good
-104.7,6.14,56.39,0.53,34.64,Fair,Fair
-92.79,15.53,92.74,0.97,200.54,Fair,Fair
-92.88,12.39,72.16,0.85,89.12,Fair,Fair
-86.16,18.92,65.46,0.33,119.86,Good,Good
-90.61,14.09,111.05,1.18,257.55,Fair,Fair
-90.37,12.73,69.08,0.25,109.06,Fair,Fair
-95.1,12.51,58.99,0.16,73.34,Fair,Fair
-82.46,17.56,65.8,0.61,137.32,Good,Good
-91.5,15.26,44.36,0.0,78.44,Good,Good
-100.43,8.43,48.68,0.45,38.37,Fair,Fair
-102.3,9.79,83.98,0.72,145.51,Fair,Fair
-91.32,16.44,125.6,1.89,286.42,Fair,Fair
-104.36,8.46,51.79,0.35,65.93,Fair,Fair
-89.47,14.86,76.53,0.88,156.39,Good,Good
-107.22,8.27,64.96,0.28,81.92,Fair,Fair
-103.48,12.47,40.15,0.81,79.56,Fair,Fair
-95.21,14.07,74.98,0.91,164.23,Fair,Fair
-102.08,7.78,36.64,0.37,49.76,Fair,Fair
-90.2,15.14,64.54,0.49,114.4,Good,Good
-101.49,7.33,78.19,0.37,95.78,Fair,Fair
-93.37,16.32,99.83,1.34,193.81,Fair,Fair
-82.25,19.83,63.24,1.07,137.07,Good,Good
-84.08,18.51,57.21,0.76,123.59,Good,Good
-90.77,14.8,75.76,0.65,134.44,Fair,Fair
-93.55,13.71,68.29,0.38,134.15,Fair,Fair
-88.54,16.6,51.98,0.11,98.38,Good,Good
-94.8,16.55,92.15,1.25,200.01,Fair,Fair
-103.04,8.65,50.0,0.0,26.35,Fair,Fair
-84.86,17.74,94.39,1.09,236.73,Fair,Fair
-91.62,13.86,83.62,0.79,153.34,Fair,Fair
-88.1,17.55,71.3,0.59,157.4,Good,Good
-90.88,13.88,83.58,0.93,162.85,Fair,Fair
-92.84,15.15,53.02,0.0,76.58,Good,Good
-101.07,9.15,46.07,0.04,41.35,Fair,Fair
-104.92,5.2,75.32,0.82,116.22,Fair,Fair
-86.62,13.96,111.04,1.01,218.35,Fair,Fair
-98.74,10.64,54.49,0.24,93.06,Fair,Fair
-82.19,18.39,55.88,0.56,115.09,Good,Good
-88.02,13.95,79.31,0.54,172.77,Good,Good
-96.8,12.13,50.78,0.35,93.24,Fair,Fair
-105.78,6.71,72.95,0.62,98.41,Fair,Fair
-89.64,16.52,54.08,0.05,75.53,Good,Good
-102.58,7.6,75.04,0.86,96.83,Fair,Fair
-104.22,4.14,57.83,0.55,47.72,Fair,Fair
-100.29,8.02,67.0,0.35,93.08,Fair,Fair
-90.13,14.48,101.01,1.12,178.29,Fair,Fair
-87.9,15.94,76.79,0.29,208.78,Good,Good
-89.98,20.99,55.37,0.07,121.65,Good,Good
-87.24,18.21,110.15,1.86,236.15,Fair,Fair
-100.29,9.57,97.39,0.86,160.17,Fair,Fair
-88.92,17.28,64.88,0.57,111.73,Good,Good
-96.35,10.03,76.93,0.97,121.55,Fair,Fair
-103.6,6.27,53.15,0.87,44.41,Fair,Fair
-92.0,13.92,109.22,1.58,241.38,Fair,Fair
-105.58,5.79,79.98,0.7,100.66,Fair,Fair
-95.34,10.47,99.38,1.1,155.81,Fair,Fair
-93.65,13.92,89.38,1.17,163.43,Fair,Fair
-105.16,8.13,49.14,0.52,74.33,Fair,Fair
-95.93,9.82,75.3,0.86,119.87,Fair,Fair
-85.76,16.58,60.62,0.14,95.2,Good,Good
-94.25,11.63,63.33,0.23,75.71,Fair,Fair
-83.29,21.35,60.29,0.26,127.19,Good,Good
-96.74,13.62,63.79,0.01,67.76,Fair,Fair
-86.69,12.9,53.47,0.67,95.64,Good,Good
-94.19,14.87,100.06,1.2,226.89,Fair,Fair
-91.42,17.04,96.05,1.07,243.54,Fair,Fair
-92.09,11.69,77.84,0.6,129.42,Fair,Fair
-89.12,14.43,125.2,1.81,281.15,Fair,Fair
-85.02,15.49,136.44,1.57,308.05,Fair,Fair
-82.56,17.72,65.0,0.78,136.07,Good,Good
-101.32,6.03,66.65,0.37,96.91,Fair,Fair
-89.16,16.58,89.45,0.88,238.35,Good,Good
-105.34,6.81,90.54,1.14,122.22,Poor,Poor
-93.45,13.43,76.03,0.84,151.64,Fair,Fair
-102.15,6.29,74.77,0.87,98.74,Fair,Fair
-91.54,15.43,80.88,0.71,152.47,Fair,Fair
-92.4,12.81,69.75,0.71,153.17,Fair,Fair
-94.43,18.21,80.68,0.66,184.48,Fair,Fair
-104.63,9.65,108.44,1.04,198.73,Poor,Poor
-107.49,6.43,76.61,1.25,92.06,Poor,Poor
-90.85,13.89,58.65,0.61,125.99,Fair,Fair
-87.55,14.89,107.1,1.35,249.3,Fair,Fair
-91.06,16.7,74.67,0.58,145.32,Good,Good
-94.63,14.65,64.55,0.08,115.97,Fair,Fair
-88.82,15.84,66.04,0.36,122.04,Good,Good
-89.03,16.23,53.8,0.13,118.13,Good,Good
-84.68,15.33,93.68,1.07,199.82,Fair,Fair
-97.14,12.23,81.2,0.61,116.33,Fair,Fair
-99.95,12.77,51.05,0.02,63.34,Fair,Fair
-86.8,16.53,98.38,1.44,211.97,Fair,Fair
-104.15,6.37,56.07,0.17,47.41,Fair,Fair
-100.43,9.13,56.26,0.82,62.53,Fair,Fair
-104.28,6.07,61.17,0.75,44.62,Fair,Fair
-106.82,6.0,56.53,0.75,66.06,Fair,Fair
-82.49,17.97,55.09,0.51,103.76,Good,Good
-90.62,15.37,63.95,0.74,121.88,Good,Good
-91.3,16.79,69.69,0.62,127.13,Good,Good
-85.14,19.66,59.54,0.69,107.06,Good,Good
-95.26,8.68,106.04,0.94,177.36,Fair,Fair
-93.28,10.32,83.34,0.74,145.61,Fair,Fair
-97.98,9.11,71.1,0.06,97.86,Fair,Fair
-89.42,14.62,83.14,0.8,169.09,Fair,Fair
-100.67,8.8,70.15,0.55,104.75,Fair,Fair
-88.29,16.41,80.37,0.71,166.55,Good,Good
-86.1,13.12,75.24,0.71,131.74,Good,Good
-88.81,12.44,55.93,0.34,67.94,Good,Good
-87.03,13.32,65.41,0.71,92.82,Good,Good
-86.21,19.32,89.83,1.93,238.85,Fair,Fair
-84.15,17.13,86.26,0.77,170.44,Good,Good
-85.72,16.7,49.73,0.14,74.7,Good,Good
-109.12,3.55,64.03,0.47,70.91,Fair,Fair
-98.72,12.34,78.77,0.85,159.22,Fair,Fair
-94.28,14.07,80.61,1.32,171.03,Fair,Fair
-90.19,12.85,116.59,1.8,238.01,Fair,Fair
-90.61,15.01,95.3,0.79,186.22,Fair,Fair
-107.46,10.52,58.04,0.0,70.1,Fair,Fair
-89.76,13.67,107.03,1.29,199.3,Fair,Fair
-83.13,19.66,70.05,0.29,138.29,Good,Good
-85.63,17.21,86.78,1.23,214.72,Fair,Fair
-81.46,17.28,54.89,0.12,122.73,Good,Good
-84.36,18.75,45.06,0.58,85.45,Good,Good
-91.63,15.93,91.69,0.97,190.79,Fair,Fair
-98.52,13.08,54.16,0.39,64.32,Fair,Fair
-92.2,13.24,97.15,1.17,205.47,Fair,Fair
-88.34,15.72,75.91,0.52,149.11,Good,Good
-84.92,15.7,65.94,0.57,118.15,Good,Good
-104.86,7.83,52.69,0.13,74.79,Fair,Fair
-85.8,17.27,102.27,1.05,251.14,Fair,Fair
-98.98,12.78,67.91,0.93,136.16,Fair,Fair
-99.26,12.36,79.69,0.66,128.44,Fair,Fair
-99.16,11.96,61.41,0.41,96.37,Fair,Fair
-98.35,11.35,61.48,0.59,68.15,Fair,Fair
-90.96,17.47,104.22,1.02,247.56,Fair,Fair
-93.14,15.18,87.86,1.11,190.65,Fair,Fair
-103.47,7.08,91.56,0.91,137.15,Fair,Fair
-98.34,11.42,52.32,0.17,68.52,Fair,Fair
-98.1,8.21,46.5,0.25,63.63,Fair,Fair
-94.76,16.07,86.63,0.61,196.64,Fair,Fair
-100.65,7.96,79.32,0.71,119.06,Fair,Fair
-107.34,9.06,56.71,0.14,68.97,Fair,Fair
-88.18,10.94,103.05,1.29,184.41,Fair,Fair
-102.99,9.55,44.15,0.0,56.37,Fair,Fair
-95.85,8.95,54.03,0.07,74.96,Fair,Fair
-96.26,10.68,64.16,0.22,88.48,Fair,Fair
-94.77,13.55,110.05,1.08,206.04,Fair,Fair
-95.92,17.55,81.92,0.71,152.96,Fair,Fair
-94.27,14.32,72.48,1.13,132.52,Fair,Fair
-90.49,16.22,88.66,0.71,169.89,Fair,Fair
-100.86,9.39,104.68,1.11,182.54,Poor,Poor
-102.51,9.58,64.91,0.43,116.29,Fair,Fair
-92.76,13.22,79.18,0.9,130.49,Fair,Fair
-92.43,13.02,70.91,0.73,119.27,Fair,Fair
-86.91,17.21,84.16,1.15,183.98,Fair,Fair
-96.97,10.75,58.3,0.45,85.44,Fair,Fair
-91.26,12.13,83.31,0.59,149.13,Fair,Fair
-88.14,14.63,68.92,0.38,110.06,Good,Good
-87.46,16.36,91.74,0.83,168.67,Good,Good
-90.15,15.09,93.5,0.52,206.57,Fair,Fair
-86.94,15.04,71.83,0.83,157.16,Good,Good
-107.14,8.12,50.64,0.47,42.63,Poor,Poor
-85.96,14.71,76.21,1.2,154.63,Fair,Fair
-106.42,4.91,64.11,0.87,62.55,Fair,Fair
-97.51,11.87,70.52,0.55,126.96,Fair,Fair
-87.05,16.26,113.79,1.06,300.51,Fair,Fair
-88.45,17.33,74.55,0.35,171.14,Good,Good
-96.26,11.9,92.34,1.07,160.76,Fair,Fair
-96.52,12.3,96.44,1.21,193.49,Fair,Fair
-86.48,15.92,62.83,0.85,110.93,Good,Good
-107.09,8.73,57.82,0.56,78.67,Fair,Fair
-98.85,7.83,54.19,0.25,68.46,Fair,Fair
-89.03,18.36,58.76,0.13,109.34,Good,Good
-90.96,17.06,36.22,0.35,57.27,Good,Good
-87.21,13.35,66.99,0.95,125.41,Good,Good
-85.92,19.04,51.84,0.31,116.82,Good,Good
-89.2,14.32,72.57,0.24,119.22,Good,Good
-97.84,11.11,49.78,0.5,73.12,Fair,Fair
-100.1,10.06,61.02,0.47,67.95,Fair,Fair
-92.13,16.57,80.35,0.77,173.23,Fair,Fair
-106.17,8.89,77.15,0.64,106.09,Fair,Fair
-105.47,8.34,60.42,0.88,90.55,Fair,Fair
-87.6,18.36,76.8,0.45,194.01,Good,Good
-87.46,16.76,93.68,1.06,219.43,Fair,Fair
-88.94,14.95,85.74,0.61,176.89,Fair,Fair
-89.91,14.07,98.56,0.84,195.18,Fair,Fair
-101.98,7.23,52.06,0.02,45.94,Fair,Fair
-89.53,13.93,69.2,0.65,139.91,Good,Good
-103.58,6.73,57.38,0.16,91.54,Fair,Fair
-86.52,16.53,58.65,0.0,129.11,Good,Good
-87.65,17.07,101.71,0.27,207.53,Good,Good
-88.45,15.4,81.98,0.53,173.39,Good,Good
-80.99,17.85,60.17,0.14,109.01,Good,Good
-83.4,20.17,80.81,0.43,183.05,Good,Good
-93.05,14.99,98.17,1.57,210.88,Fair,Fair
-100.54,9.26,52.33,0.02,72.1,Fair,Fair
-95.13,12.01,72.48,0.38,101.45,Fair,Fair
-97.76,9.69,75.41,0.5,121.62,Fair,Fair
-90.26,18.31,62.15,0.33,120.12,Good,Good
-111.18,6.07,90.77,0.89,113.42,Poor,Poor
-99.01,12.3,42.45,0.16,55.74,Fair,Fair
-109.41,6.73,68.32,1.11,94.73,Poor,Poor
-87.47,16.67,68.19,0.8,154.92,Good,Good
-79.86,19.71,51.07,0.0,108.06,Good,Good
-97.5,11.72,82.73,0.29,138.62,Fair,Fair
-89.79,16.74,118.97,1.86,292.34,Fair,Fair
-84.1,17.96,106.28,1.5,252.33,Fair,Fair
-103.38,9.17,42.72,0.1,69.23,Fair,Fair
-88.11,18.1,108.44,0.83,270.4,Good,Good
-104.36,6.91,95.4,1.26,126.54,Poor,Poor
-92.84,12.31,96.05,0.98,180.55,Fair,Fair
-104.27,7.05,78.93,0.55,98.85,Fair,Fair
-95.97,13.25,79.96,1.13,145.95,Fair,Fair
-92.62,18.05,103.64,1.23,232.46,Fair,Fair
-88.7,15.27,115.19,1.72,269.69,Fair,Fair
-102.39,13.04,68.26,0.72,124.41,Fair,Fair
-108.3,6.26,86.14,1.13,123.28,Poor,Poor
-94.63,17.74,91.34,0.96,180.58,Fair,Fair
-95.35,11.4,56.59,0.48,66.02,Fair,Fair
-91.68,13.49,104.7,1.04,219.46,Fair,Fair
-106.26,5.13,77.25,1.06,99.17,Poor,Poor
-92.5,15.1,87.24,1.46,170.88,Fair,Fair
-90.26,15.85,73.96,1.04,157.8,Fair,Fair
-86.61,17.28,99.34,1.36,223.68,Fair,Fair
-100.76,13.13,80.05,0.8,140.62,Fair,Fair
-89.54,13.81,48.41,0.0,107.43,Good,Good
-84.17,17.82,68.25,0.72,159.77,Good,Good
-83.93,16.05,88.08,1.0,187.19,Good,Good
-92.75,12.21,73.96,0.25,132.35,Fair,Fair
-92.58,17.7,75.37,0.71,145.69,Good,Good
-94.65,11.35,118.32,1.16,212.5,Fair,Fair
-96.79,12.69,46.88,0.21,91.87,Fair,Fair
-107.09,5.41,84.08,0.66,103.1,Poor,Poor
-84.48,17.93,73.81,0.29,174.67,Good,Good
-94.74,13.44,113.32,1.55,230.53,Fair,Fair
-84.88,16.66,80.33,0.5,172.89,Good,Good
-105.32,6.88,106.5,0.64,138.94,Poor,Poor
-85.73,16.07,107.57,1.44,229.47,Fair,Fair
-105.08,6.57,71.06,0.26,102.18,Fair,Fair
-92.11,13.82,64.57,0.54,106.41,Fair,Fair
-88.79,17.71,62.35,1.14,97.73,Good,Good
-104.41,6.75,70.8,0.62,111.47,Fair,Fair
-95.75,17.11,57.55,0.42,103.12,Good,Good
-102.57,6.16,58.11,0.23,73.88,Fair,Fair
-92.52,14.71,93.0,0.87,176.25,Fair,Fair
-100.01,10.74,94.23,0.9,200.24,Fair,Fair
-104.42,5.88,61.79,0.45,73.38,Fair,Fair
-98.44,12.18,75.63,0.34,124.24,Fair,Fair
-96.44,11.36,57.33,0.7,93.43,Fair,Fair
-90.34,17.47,70.53,0.54,146.04,Good,Good
-88.18,16.9,61.99,0.0,90.48,Good,Good
-82.97,14.48,55.18,0.36,106.3,Good,Good
-82.22,17.29,75.07,0.31,166.53,Good,Good
-95.98,12.86,48.63,0.0,61.77,Fair,Fair
-103.64,7.59,79.07,0.79,90.08,Fair,Fair
-80.75,18.13,82.66,0.73,171.69,Good,Good
-95.52,11.76,80.61,1.01,128.01,Fair,Fair
-88.9,16.78,60.32,0.53,133.11,Good,Good
-97.59,12.61,66.41,0.0,95.81,Fair,Fair
-99.88,12.12,51.99,0.0,79.69,Fair,Fair
-90.99,11.02,89.09,0.94,175.32,Fair,Fair
-93.86,14.34,49.8,0.15,69.98,Fair,Fair
-98.5,12.94,62.54,0.62,111.79,Fair,Fair
-90.53,13.15,99.73,0.98,190.46,Fair,Fair
-92.48,17.31,66.21,1.09,137.26,Fair,Fair
-88.99,16.07,98.03,0.99,219.67,Good,Good
-97.29,12.93,41.97,0.0,86.4,Fair,Fair
-90.15,17.17,130.21,1.93,288.83,Fair,Fair
-90.67,14.65,82.35,0.47,154.75,Fair,Fair
-82.99,16.62,108.69,1.22,255.53,Fair,Fair
-98.16,14.33,43.81,0.49,55.73,Fair,Fair
-78.96,17.59,69.22,0.53,130.87,Good,Good
-97.9,12.51,59.63,0.11,80.6,Fair,Fair
-97.41,10.5,66.61,0.51,107.06,Fair,Fair
-106.05,7.27,62.37,0.38,83.77,Fair,Fair
-99.34,9.55,93.07,1.11,139.98,Poor,Poor
-80.67,20.24,75.37,1.08,177.65,Good,Good
-99.05,7.76,65.56,0.58,85.26,Fair,Fair
-93.64,14.82,83.68,0.84,179.93,Fair,Fair
-103.95,7.92,46.05,0.0,66.96,Fair,Fair
-96.29,10.97,97.34,1.36,173.88,Fair,Fair
-88.82,16.72,62.52,0.58,62.43,Good,Good
-89.39,15.94,93.51,1.11,218.62,Fair,Fair
-88.19,14.47,79.68,0.73,156.3,Good,Good
-99.6,11.59,83.97,1.23,137.77,Fair,Fair
-94.25,15.56,81.33,0.96,172.24,Fair,Fair
-94.88,11.35,99.58,0.78,208.27,Fair,Fair
-95.98,12.04,110.57,1.34,223.55,Fair,Fair
-85.76,17.38,104.9,1.31,255.21,Fair,Fair
-92.23,14.92,76.92,1.09,146.88,Fair,Fair
-87.87,15.91,50.42,0.0,72.18,Good,Good
-83.34,19.09,57.84,0.45,135.48,Good,Good
-84.93,18.04,74.34,0.45,175.46,Good,Good
-98.43,10.55,70.7,0.65,129.03,Fair,Fair
-90.77,14.24,105.84,1.29,254.83,Fair,Fair
-92.6,16.58,71.89,0.85,131.65,Good,Good
-105.2,8.35,89.12,0.83,117.29,Poor,Poor
-86.14,17.63,54.68,0.45,131.23,Good,Good
-103.62,6.75,84.22,0.96,113.7,Fair,Fair
-104.64,7.99,46.54,0.12,55.38,Fair,Fair
-89.32,13.44,90.27,0.71,179.67,Fair,Fair
-90.59,15.68,65.71,0.35,150.92,Good,Good
-91.61,17.8,97.22,1.5,245.31,Fair,Fair
-90.54,15.7,65.35,0.63,154.58,Good,Good
-92.54,16.65,93.08,1.0,192.44,Fair,Fair
-93.25,14.16,105.56,1.48,222.15,Fair,Fair
-98.49,8.81,66.05,0.59,102.99,Fair,Fair
-93.14,13.55,73.95,1.08,96.25,Fair,Fair
-100.94,12.02,104.59,1.08,176.31,Fair,Fair
-106.22,8.31,64.3,0.17,70.1,Fair,Fair
-99.47,13.09,74.46,0.43,144.64,Fair,Fair
-95.14,12.83,48.86,0.46,61.67,Fair,Fair
-100.96,14.54,135.83,4.97,106.09,Poor,Poor
-89.54,15.96,89.19,1.16,221.83,Fair,Fair
-86.52,16.11,53.42,0.01,79.09,Good,Good
-95.83,10.51,81.64,0.67,144.31,Fair,Fair
-91.76,16.95,97.74,1.23,219.86,Fair,Fair
-99.09,12.44,80.72,0.87,144.49,Fair,Fair
-82.79,20.35,53.52,0.11,113.69,Good,Good
-82.19,18.56,91.73,0.76,199.47,Good,Good
-88.46,15.44,75.75,0.58,151.11,Good,Good
-91.66,16.36,61.05,0.25,110.07,Good,Good
-94.77,11.13,121.62,1.31,248.53,Fair,Fair
-90.99,14.51,70.54,0.75,123.46,Fair,Fair
-93.5,15.75,91.14,1.17,196.96,Fair,Fair
-96.25,10.1,135.76,6.39,171.32,Poor,Poor
-104.62,7.96,56.47,0.4,77.54,Fair,Fair
-87.18,15.37,98.25,1.07,217.39,Fair,Fair
-99.42,10.36,92.28,1.25,158.88,Fair,Fair
-93.94,12.0,58.37,0.59,97.34,Fair,Fair
-92.63,13.34,77.98,0.79,170.83,Fair,Fair
-103.47,5.07,68.65,0.59,91.66,Fair,Fair
-81.65,17.49,56.29,0.16,93.88,Good,Good
-92.06,13.24,68.9,0.82,149.17,Fair,Fair
-97.67,9.68,70.76,1.0,116.48,Fair,Fair
-98.32,12.84,40.64,0.0,58.19,Fair,Fair
-104.2,5.39,91.26,0.8,126.09,Fair,Fair
-97.37,12.91,62.5,0.23,91.81,Fair,Fair
-87.15,18.91,63.08,0.75,95.35,Good,Good
-90.75,15.67,99.19,1.13,214.28,Fair,Fair
-89.58,17.2,100.25,1.81,215.92,Fair,Fair
-99.78,10.06,99.8,1.51,165.9,Fair,Fair
-86.25,14.05,57.34,0.0,90.18,Good,Good
-99.19,8.93,50.52,0.65,86.36,Fair,Fair
-89.8,15.78,73.57,0.36,179.01,Good,Good
-88.34,16.8,121.87,1.46,297.05,Fair,Fair
-96.41,14.93,56.84,0.29,91.17,Fair,Fair
-92.64,17.07,76.82,0.65,136.01,Good,Good
-97.7,11.51,109.64,1.27,188.23,Fair,Fair
-99.81,9.43,95.69,1.07,175.12,Poor,Poor
-85.8,17.06,67.5,0.92,153.1,Good,Good
-86.36,18.87,125.3,1.65,319.56,Fair,Fair
-88.67,18.1,114.95,1.08,235.79,Fair,Fair
-82.65,19.95,54.25,0.25,81.05,Good,Good
-92.35,16.8,57.43,0.19,80.24,Good,Good
-85.82,16.9,99.52,1.21,238.3,Fair,Fair
-105.85,7.97,80.21,0.93,111.85,Poor,Poor
-102.4,4.88,53.89,0.46,73.69,Fair,Fair
-100.57,7.43,70.01,0.69,110.13,Fair,Fair
-103.65,7.75,57.3,0.85,68.64,Fair,Fair
-87.47,13.24,127.59,1.74,268.67,Fair,Fair
-88.87,15.88,67.83,0.12,148.99,Good,Good
-96.75,13.8,52.21,0.53,101.8,Fair,Fair
-105.44,6.75,76.52,0.77,121.55,Fair,Fair
-107.85,6.91,67.81,0.53,100.53,Fair,Fair
-87.47,16.27,51.73,0.0,76.35,Good,Good
-106.5,7.01,73.03,1.03,64.23,Poor,Poor
-90.19,15.16,53.39,0.23,62.29,Good,Good
-92.24,14.16,79.89,0.63,165.3,Fair,Fair
-87.85,13.8,57.24,0.83,85.35,Good,Good
-96.21,12.67,61.54,0.83,103.17,Fair,Fair
-101.34,8.47,63.04,0.54,69.59,Fair,Fair
-93.36,16.99,80.2,1.05,158.87,Fair,Fair
-89.18,19.15,75.5,0.71,166.55,Good,Good
-91.26,17.13,59.35,0.33,93.37,Good,Good
-81.83,17.15,86.06,0.89,155.02,Good,Good
-97.46,9.71,70.72,0.65,115.94,Fair,Fair
-88.55,19.82,100.93,0.97,245.84,Good,Good
-106.86,5.31,81.72,0.82,113.0,Poor,Poor
-91.07,15.92,79.34,0.83,171.17,Good,Good
-85.71,17.82,75.69,1.04,169.8,Good,Good
-85.92,17.71,86.83,1.08,200.97,Fair,Fair
-84.9,17.17,124.28,1.24,310.03,Fair,Fair
-96.57,7.06,40.55,0.0,41.88,Fair,Fair
-87.3,15.96,85.0,0.45,173.46,Good,Good
-90.18,13.51,79.03,0.94,157.94,Fair,Fair
-93.08,15.73,78.78,0.74,186.83,Good,Good
-88.66,14.84,78.38,0.86,184.71,Good,Good
-93.4,13.65,88.35,1.15,159.72,Fair,Fair
-103.47,6.4,58.33,0.22,79.65,Fair,Fair
-82.51,17.9,45.87,0.05,101.54,Good,Good
-93.18,14.93,124.52,1.6,301.45,Fair,Fair
-92.04,16.57,55.92,0.21,86.91,Good,Good
-107.74,5.16,79.92,0.85,107.65,Fair,Fair
-93.94,14.09,73.79,0.45,146.65,Fair,Fair
-95.33,11.77,122.28,1.96,233.29,Fair,Fair
-94.21,14.51,100.79,1.21,219.02,Fair,Fair
-107.2,6.93,99.29,1.26,165.06,Poor,Poor
-98.99,14.81,46.03,0.36,80.92,Fair,Fair
-106.14,5.08,74.83,0.02,99.66,Fair,Fair
-89.13,12.4,102.28,0.83,213.91,Fair,Fair
-88.54,12.78,91.66,0.87,161.12,Fair,Fair
-93.35,16.22,92.48,1.05,184.1,Fair,Fair
-104.03,10.7,82.44,0.89,156.38,Fair,Fair
-85.55,18.08,92.22,0.59,189.25,Good,Good
-87.38,19.03,51.96,0.57,89.31,Good,Good
-90.24,16.69,51.87,0.75,73.83,Good,Good
-88.87,14.61,46.61,0.45,78.88,Good,Good
-84.69,19.67,47.97,0.4,111.16,Good,Good
-86.33,16.78,107.39,1.41,258.3,Fair,Fair
-105.94,8.33,46.19,0.72,35.83,Poor,Poor
-89.98,17.4,96.27,0.9,209.27,Good,Good
-87.99,19.68,94.89,0.89,202.92,Good,Good
-103.76,6.31,54.07,0.53,40.84,Fair,Fair
-99.34,13.57,83.94,0.67,165.94,Fair,Fair
-94.84,12.95,108.26,1.25,208.31,Fair,Fair
-86.27,18.82,77.22,0.39,202.53,Good,Good
-96.63,10.97,51.19,0.09,78.85,Fair,Fair
-87.67,11.45,114.01,1.63,214.91,Fair,Fair
-93.54,15.87,81.64,1.18,174.56,Fair,Fair
-95.83,11.92,65.0,0.26,96.56,Fair,Fair
-90.75,13.39,99.55,0.77,202.85,Fair,Fair
-87.31,19.56,55.45,0.04,114.39,Good,Good
-100.97,9.37,47.87,0.11,50.85,Fair,Fair
-93.31,15.86,88.8,0.94,218.39,Fair,Fair
-99.3,8.27,36.66,0.68,39.56,Fair,Fair
-94.66,13.57,114.39,1.35,253.26,Fair,Fair
-89.31,14.19,98.63,1.36,211.99,Fair,Fair
-88.51,20.93,72.38,0.55,158.77,Good,Good
-89.17,16.13,48.11,0.54,71.16,Good,Good
-95.69,11.44,85.48,0.83,169.27,Fair,Fair
-93.12,14.1,100.46,1.24,200.31,Fair,Fair
-91.9,16.85,107.95,1.49,246.27,Fair,Fair
-94.36,13.33,56.42,0.63,67.13,Fair,Fair
-98.82,10.43,64.66,0.18,112.94,Fair,Fair
-91.09,15.11,92.1,1.51,192.84,Fair,Fair
-91.56,15.92,79.77,0.72,148.52,Good,Good
-87.33,19.15,59.73,0.76,116.95,Good,Good
-83.39,17.77,59.76,0.1,90.37,Good,Good
-87.7,17.95,76.9,0.73,160.03,Good,Good
-85.19,18.05,86.96,0.7,221.01,Good,Good
-86.2,18.6,54.08,0.39,121.66,Good,Good
-100.59,7.61,97.14,1.47,146.12,Poor,Poor
-81.17,18.06,60.83,0.12,85.15,Good,Good
-90.6,14.01,57.9,0.45,93.07,Fair,Fair
-91.71,16.49,101.48,1.15,222.41,Fair,Fair
-92.63,18.63,76.49,0.63,183.95,Good,Good
-88.82,12.87,110.52,0.92,245.38,Fair,Fair
-97.34,15.15,109.16,1.12,260.92,Fair,Fair
-102.15,3.26,83.27,0.82,87.75,Fair,Fair
-93.02,12.67,52.67,0.26,96.56,Fair,Fair
-86.27,16.86,102.75,0.98,231.0,Good,Good
-91.66,14.29,83.57,0.75,191.58,Fair,Fair
-93.36,10.48,69.94,0.6,93.0,Fair,Fair
-93.93,14.74,108.49,1.1,213.31,Fair,Fair
-85.14,15.93,89.82,0.39,195.66,Good,Good
-86.1,16.72,85.0,1.2,200.18,Fair,Fair
-95.14,11.59,90.12,1.17,165.67,Fair,Fair
-84.89,19.9,72.07,0.75,154.83,Good,Good
-104.26,5.18,77.79,0.88,120.65,Fair,Fair
-86.1,15.76,49.86,0.76,86.68,Good,Good
-90.16,15.33,68.65,0.64,114.01,Good,Good
-106.61,8.43,45.53,0.03,46.19,Poor,Poor
-84.14,17.05,65.01,0.62,113.82,Good,Good
-92.53,12.86,54.51,0.39,95.12,Fair,Fair
-86.63,16.37,115.08,1.31,324.99,Fair,Fair
-100.71,8.7,39.59,0.0,46.63,Fair,Fair
-86.56,16.22,57.43,0.88,103.44,Good,Good
-83.67,17.79,58.67,0.34,157.14,Good,Good
-96.31,11.27,57.4,0.0,64.87,Fair,Fair
-100.4,10.03,97.12,0.98,154.98,Fair,Fair
-90.79,15.41,68.61,0.49,154.63,Good,Good
-83.37,20.92,64.56,0.41,132.3,Good,Good
-85.94,17.44,55.12,0.65,99.77,Good,Good
-89.11,17.3,49.18,0.36,77.7,Good,Good
-102.65,4.42,63.01,0.88,71.57,Fair,Fair
-87.95,16.65,45.49,0.07,64.65,Good,Good
-91.89,15.54,104.42,1.25,216.36,Fair,Fair
-90.07,15.03,122.49,2.09,263.27,Fair,Fair
-88.67,14.7,51.74,0.22,106.68,Good,Good
-104.06,9.41,56.53,0.07,54.67,Fair,Fair
-87.66,17.87,65.37,0.42,129.02,Good,Good
-94.7,10.98,98.79,1.35,187.39,Fair,Fair
-80.75,18.05,61.39,0.14,109.21,Good,Good
-86.03,16.44,100.48,1.13,228.04,Fair,Fair
-97.12,14.11,94.04,1.1,188.5,Fair,Fair
-90.72,16.68,48.53,0.36,76.98,Good,Good
-82.36,16.73,84.02,1.13,185.39,Fair,Fair
-96.25,14.42,82.04,1.01,165.0,Fair,Fair
-104.53,7.97,46.83,0.0,42.22,Fair,Fair
-100.5,9.19,90.48,0.95,130.76,Fair,Fair
-90.14,15.34,99.4,1.13,219.29,Fair,Fair
-81.96,19.62,112.09,1.37,257.28,Fair,Fair
-102.16,8.87,143.37,7.29,117.99,Poor,Poor
-101.11,7.32,71.43,0.54,82.91,Fair,Fair
-81.13,18.27,82.86,0.91,180.19,Good,Good
-87.9,16.65,99.86,1.13,230.52,Fair,Fair
-89.29,15.83,118.78,1.71,289.77,Fair,Fair
-103.33,7.44,52.01,0.0,34.52,Fair,Fair
-97.26,11.53,74.72,0.75,124.32,Fair,Fair
-95.01,13.36,112.15,1.11,204.73,Fair,Fair
-89.2,14.29,72.84,0.53,153.4,Good,Good
-89.29,14.41,77.47,1.04,166.04,Fair,Fair
-87.87,13.83,96.68,1.2,183.16,Fair,Fair
-114.12,-0.36,119.25,3.31,32.21,Poor,Poor
-88.94,13.86,122.34,1.1,240.96,Fair,Fair
-88.92,16.55,65.15,0.99,130.11,Good,Good
-90.73,13.96,71.54,0.43,100.7,Fair,Fair
-87.46,15.23,73.3,1.3,161.15,Good,Good
-92.59,13.74,103.05,1.29,233.4,Fair,Fair
-93.4,11.9,39.36,0.45,38.59,Fair,Fair
-102.66,5.73,85.87,0.73,126.44,Fair,Fair
-87.81,17.12,70.34,0.73,126.39,Good,Good
-88.67,17.5,91.9,0.77,214.44,Good,Good
-103.28,6.67,71.85,0.47,84.13,Fair,Fair
-96.19,11.12,51.61,0.1,48.63,Fair,Fair
-107.02,6.91,60.46,0.87,92.16,Fair,Fair
-85.62,14.25,64.41,0.49,148.07,Good,Good
-91.91,14.78,119.49,1.71,237.9,Fair,Fair
-92.3,13.34,62.58,0.35,101.97,Fair,Fair
-95.02,14.45,74.71,0.69,163.03,Fair,Fair
-88.09,17.22,90.38,1.23,206.59,Fair,Fair
-89.57,12.76,107.51,1.63,228.21,Fair,Fair
-102.01,8.89,49.86,0.34,61.48,Fair,Fair
-91.55,13.55,64.0,0.83,104.76,Fair,Fair
-83.88,17.0,56.35,0.43,80.16,Good,Good
-88.0,14.04,71.28,0.37,148.65,Good,Good
-105.7,5.39,65.32,0.36,58.35,Fair,Fair
-98.32,12.39,73.76,0.62,136.9,Fair,Fair
-92.75,15.17,91.13,0.93,191.31,Fair,Fair
-84.92,19.5,79.42,1.27,198.95,Good,Good
-97.72,12.15,53.49,0.39,93.94,Fair,Fair
-83.72,18.81,55.29,0.0,117.2,Good,Good
-90.41,17.36,75.7,0.74,169.65,Good,Good
-94.27,14.82,107.11,1.06,216.77,Fair,Fair
-88.72,15.8,65.59,0.56,103.41,Good,Good
-82.98,18.84,67.81,0.43,158.11,Good,Good
-106.32,5.73,53.16,0.48,56.97,Fair,Fair
-94.0,13.53,47.78,0.41,43.99,Fair,Fair
-88.93,13.42,109.96,1.26,218.73,Fair,Fair
-90.46,15.93,82.74,0.71,175.28,Fair,Fair
-81.22,19.31,49.36,0.22,73.53,Good,Good
-90.03,14.48,130.37,1.61,279.98,Fair,Fair
-103.68,5.21,69.32,0.81,100.49,Fair,Fair
-92.68,13.63,74.17,0.87,151.41,Fair,Fair
-103.61,6.71,90.12,1.14,131.38,Poor,Poor
-85.02,16.16,58.72,0.49,95.32,Good,Good
-102.37,6.04,70.78,0.02,61.1,Fair,Fair
-85.05,15.47,81.86,0.69,181.42,Good,Good
-97.01,11.3,69.73,0.8,101.96,Fair,Fair
-93.9,14.94,45.26,0.0,52.32,Fair,Fair
-94.4,16.66,69.07,0.78,129.82,Good,Good
-89.19,17.52,59.47,0.59,96.13,Good,Good
-90.85,14.32,67.78,0.82,114.86,Fair,Fair
-107.47,7.82,76.46,1.28,94.69,Poor,Poor
-85.53,19.76,49.62,0.54,101.94,Good,Good
-92.83,13.47,102.64,1.81,224.12,Fair,Fair
-93.76,10.36,76.89,0.44,111.68,Fair,Fair
-85.5,18.64,98.84,1.22,244.87,Fair,Fair
-87.2,15.43,49.87,0.58,76.75,Good,Good
-106.25,7.16,39.65,0.39,34.2,Fair,Poor
-102.34,7.36,61.65,0.58,99.26,Fair,Fair
-89.2,17.53,97.17,1.35,243.77,Fair,Fair
-88.57,15.86,94.55,1.07,230.92,Fair,Fair
-96.39,14.28,99.61,0.96,192.36,Fair,Fair
-97.35,13.23,52.66,0.26,65.62,Fair,Fair
-107.73,6.99,69.18,0.98,104.91,Fair,Fair
-96.37,10.48,47.65,0.31,51.86,Fair,Fair
-81.07,16.09,60.05,0.14,92.42,Good,Good
-93.68,13.27,70.7,0.75,137.17,Fair,Fair
-94.88,14.24,46.64,0.0,82.51,Fair,Fair
-94.11,16.36,68.09,0.6,148.63,Good,Good
-91.03,14.19,58.6,0.35,92.27,Fair,Fair
-103.05,5.72,61.75,0.2,87.56,Fair,Fair
-88.81,18.11,58.4,0.65,107.56,Good,Good
-87.25,18.44,76.72,0.58,132.9,Good,Good
-89.0,15.41,90.62,0.76,166.64,Good,Good
-102.76,4.72,86.09,1.22,99.31,Poor,Poor
-108.04,10.81,129.28,4.86,63.3,Poor,Poor
-85.62,16.71,77.65,1.01,175.88,Good,Good
-95.93,15.68,52.51,0.11,79.31,Good,Good
-103.13,4.98,62.62,0.91,68.62,Fair,Fair
-84.52,17.3,68.77,0.72,139.06,Good,Good
-103.95,10.06,108.96,1.14,200.02,Fair,Fair
-90.43,15.1,62.55,0.53,108.86,Good,Good
-99.43,7.19,46.2,0.0,45.28,Fair,Fair
-98.66,9.51,99.69,0.82,176.75,Fair,Fair
-87.83,15.4,89.44,1.33,161.4,Fair,Fair
-104.27,6.76,57.64,1.02,54.5,Fair,Fair
-88.53,19.25,75.86,1.02,187.67,Good,Good
-101.25,5.91,68.25,0.94,79.5,Fair,Fair
-82.31,18.09,71.9,0.54,131.51,Good,Good
-93.5,13.35,83.29,1.09,171.99,Fair,Fair
-86.84,17.27,71.88,0.69,158.12,Good,Good
-98.7,5.95,49.44,0.6,51.88,Fair,Fair
-90.89,14.53,70.84,0.17,171.44,Fair,Fair
-103.61,7.26,40.61,0.41,44.66,Fair,Fair
-106.11,7.85,56.83,0.28,76.19,Fair,Fair
-90.88,12.75,74.67,0.77,128.43,Fair,Fair
-83.83,17.78,90.03,0.82,217.12,Good,Good
-94.56,10.94,50.7,0.16,72.34,Fair,Fair
-89.56,16.08,79.0,0.48,174.59,Good,Good
-91.84,14.48,93.24,0.71,157.38,Fair,Fair
-97.26,14.14,41.06,0.08,82.03,Fair,Fair
-93.55,10.23,81.46,0.87,103.38,Fair,Fair
-91.22,13.49,50.38,0.48,69.33,Fair,Fair
-85.5,15.87,84.66,0.67,167.74,Good,Good
-92.06,18.29,49.82,0.42,82.96,Good,Good
-111.94,6.96,86.25,0.98,139.59,Poor,Poor
-97.57,10.9,97.21,0.9,163.97,Fair,Fair
-85.05,14.42,62.99,0.4,92.0,Good,Good
-90.36,12.77,84.9,1.01,138.28,Fair,Fair
-87.01,15.27,66.76,0.63,115.89,Good,Good
-106.26,5.4,50.74,0.11,40.72,Poor,Poor
-104.63,6.18,69.4,0.74,70.08,Fair,Fair
-96.73,15.2,68.31,0.54,130.43,Good,Good
-85.98,15.29,86.82,1.03,171.92,Fair,Fair
-83.06,18.82,71.59,1.04,158.49,Good,Good
-103.86,5.53,78.49,0.63,93.49,Fair,Fair
-108.15,5.46,71.59,0.21,92.35,Fair,Fair
-109.02,5.59,92.46,0.75,115.43,Poor,Poor
-91.56,13.69,101.28,1.2,235.25,Fair,Fair
-103.31,4.04,48.61,0.29,37.28,Fair,Fair
-93.6,13.87,89.52,1.6,169.53,Fair,Fair
-93.27,15.48,79.04,0.69,182.83,Good,Good
-96.65,12.13,74.13,0.82,109.17,Fair,Fair
-88.75,12.54,96.2,0.67,177.7,Fair,Fair
-86.33,17.02,79.18,0.41,183.52,Good,Good
-92.14,15.15,78.08,0.68,154.59,Good,Good
-90.26,16.22,58.93,0.55,115.29,Good,Good
-102.0,8.37,77.78,0.26,99.73,Fair,Fair
-90.14,16.42,56.94,0.08,111.29,Good,Good
-87.34,17.17,59.38,0.62,106.59,Good,Good
-91.66,16.6,68.8,0.22,121.13,Good,Good
-88.39,15.6,84.28,0.96,201.71,Good,Good
-86.8,17.43,57.8,0.5,95.75,Good,Good
-89.98,14.82,99.97,1.37,231.57,Fair,Fair
-91.92,13.74,80.96,0.39,157.14,Fair,Fair
-86.28,16.21,80.68,0.73,145.0,Good,Good
-95.82,12.15,54.42,0.47,84.28,Fair,Fair
-83.92,17.47,74.64,0.53,143.94,Good,Good
-98.11,6.44,81.49,0.59,104.37,Fair,Fair
-92.46,10.75,57.36,0.46,85.26,Fair,Fair
-85.29,18.04,64.97,0.3,135.1,Good,Good
-90.38,14.72,51.3,0.29,66.85,Fair,Fair
-82.51,18.33,54.09,0.29,93.14,Good,Good
-88.39,15.7,94.34,0.93,222.45,Good,Good
-97.09,11.71,116.61,1.45,224.49,Fair,Fair
-103.41,6.15,83.98,0.66,114.6,Fair,Fair
-101.37,9.84,87.76,0.72,156.84,Fair,Fair
-94.63,13.15,75.09,0.59,122.2,Fair,Fair
-97.06,10.36,84.92,0.78,158.48,Fair,Fair
-91.48,16.81,51.99,0.11,95.86,Good,Good
-86.75,14.54,69.64,0.42,137.86,Good,Good
-108.46,9.19,78.0,1.02,136.97,Poor,Poor
-92.24,16.56,105.89,1.44,236.85,Fair,Fair
-91.87,14.62,80.02,0.77,161.24,Fair,Fair
-91.4,14.3,101.93,1.75,221.82,Fair,Fair
-102.17,8.01,56.29,0.36,64.77,Fair,Fair
-86.4,17.04,52.65,0.14,82.9,Good,Good
-90.71,12.65,89.21,0.8,163.45,Fair,Fair
-85.08,15.65,81.3,1.18,160.4,Fair,Fair
-89.18,12.08,90.09,0.79,189.15,Fair,Fair
-99.23,12.27,88.82,0.94,153.05,Fair,Fair
-101.88,2.6,82.95,0.71,131.31,Fair,Fair
-90.13,16.13,47.41,0.57,69.71,Good,Good
-90.0,16.95,78.86,0.5,200.49,Good,Good
-102.76,6.89,47.52,0.43,47.7,Fair,Fair
-94.72,12.11,43.0,0.52,52.18,Fair,Fair
-96.86,12.93,81.47,0.91,142.62,Fair,Fair
-101.96,7.22,79.98,0.56,94.43,Fair,Fair
-99.44,6.71,70.49,0.86,80.56,Fair,Fair
-106.55,6.31,83.75,1.09,88.01,Poor,Poor
-97.08,11.77,62.02,0.05,104.75,Fair,Fair
-94.53,11.67,84.28,0.64,146.29,Fair,Fair
-86.61,16.57,79.51,0.78,178.51,Good,Good
-95.15,12.02,47.32,0.07,73.42,Fair,Fair
-89.71,16.85,68.05,0.99,102.34,Good,Good
-104.8,5.29,61.43,0.78,68.01,Fair,Fair
-102.71,8.03,47.69,0.31,67.18,Fair,Fair
-87.91,19.42,96.71,0.92,248.86,Good,Good
-88.8,17.78,62.95,0.76,102.12,Good,Good
-98.36,8.59,49.32,0.0,34.72,Fair,Fair
-93.0,17.63,58.96,0.19,93.28,Good,Good
-95.79,9.8,75.59,0.62,149.18,Fair,Fair
-90.93,16.46,57.33,0.0,102.64,Good,Good
-107.87,6.97,54.52,0.09,39.43,Poor,Poor
-97.12,12.03,74.88,0.78,135.77,Fair,Fair
-86.58,16.99,65.37,0.58,121.75,Good,Good
-90.83,13.81,95.02,0.91,177.26,Fair,Fair
-95.11,16.97,88.44,1.31,193.56,Fair,Fair
-102.05,11.74,75.5,0.7,108.94,Fair,Fair
-88.4,14.91,98.13,1.17,207.27,Fair,Fair
-87.99,15.01,79.05,0.93,182.5,Good,Good
-89.78,16.53,47.71,0.47,90.22,Good,Good
-93.44,14.74,98.63,1.46,215.87,Fair,Fair
-95.01,14.1,76.61,0.92,137.39,Fair,Fair
-83.16,15.61,125.55,2.12,290.6,Fair,Fair
-88.33,17.8,49.99,0.03,67.38,Good,Good
-94.11,15.12,93.68,1.09,187.35,Fair,Fair
-82.57,18.9,70.63,0.37,116.51,Good,Good
-89.11,14.34,91.44,0.71,165.61,Fair,Fair
-102.93,7.71,72.69,0.56,107.91,Fair,Fair
-87.3,15.07,109.75,1.46,248.03,Fair,Fair
-103.7,7.66,76.45,0.77,109.14,Fair,Fair
-93.35,11.46,82.33,0.7,158.42,Fair,Fair
-105.52,6.46,73.16,0.09,79.93,Fair,Fair
-99.47,7.49,49.23,0.0,55.67,Fair,Fair
-104.6,7.53,76.72,0.59,109.55,Fair,Fair
-86.05,15.92,108.75,0.94,249.06,Good,Good
-94.0,14.45,96.7,1.3,193.28,Fair,Fair
-90.45,15.5,99.82,1.42,227.59,Fair,Fair
-88.47,16.16,63.25,0.27,117.93,Good,Good
-86.01,17.3,76.74,1.11,165.84,Good,Good
-102.36,6.38,59.83,0.87,55.39,Fair,Fair
-99.64,5.26,65.4,0.71,65.95,Fair,Fair
-96.18,12.01,65.58,0.83,89.03,Fair,Fair
-96.16,9.34,67.68,0.44,117.38,Fair,Fair
-97.91,11.51,52.73,0.54,72.97,Fair,Fair
-89.07,12.72,86.32,0.99,160.56,Fair,Fair
-105.57,8.62,67.62,0.43,89.6,Fair,Fair
-88.48,15.47,58.56,0.0,92.37,Good,Good
-99.75,7.09,56.46,0.7,69.35,Fair,Fair
-93.46,11.47,72.91,0.4,112.25,Fair,Fair
-91.48,16.52,99.72,0.93,225.04,Fair,Fair
-100.69,8.17,111.97,1.3,187.54,Poor,Poor
-87.92,14.34,72.82,0.94,127.15,Good,Good
-84.36,15.75,56.02,0.33,91.35,Good,Good
-90.54,15.57,64.2,0.39,111.5,Good,Good
-99.97,10.85,100.8,1.2,170.17,Fair,Fair
-89.13,18.11,102.38,1.39,230.18,Fair,Fair
-89.23,18.25,100.99,1.12,267.78,Fair,Fair
-99.33,8.9,90.28,0.69,153.69,Fair,Fair
-94.71,13.71,99.2,0.62,177.27,Fair,Fair
-93.42,13.2,76.83,0.86,171.65,Fair,Fair
-92.32,9.46,64.65,0.46,108.2,Fair,Fair
-84.19,16.83,69.74,0.0,154.07,Good,Good
-86.96,15.3,121.77,1.7,270.89,Fair,Fair
-89.35,17.06,60.76,0.42,114.7,Good,Good
-83.6,19.41,81.74,0.89,177.28,Good,Good
-91.99,12.98,60.02,0.52,93.87,Fair,Fair
-91.25,14.0,93.26,1.0,189.61,Fair,Fair
-83.74,16.17,79.45,0.7,177.88,Good,Good
-107.5,8.64,67.2,0.27,114.18,Fair,Fair
-88.26,13.47,112.23,1.3,257.76,Fair,Fair
-92.36,12.39,60.1,0.59,107.57,Fair,Fair
-80.5,17.93,76.66,0.26,174.19,Good,Good
-88.8,17.67,75.59,0.39,199.88,Good,Good
-88.96,15.68,59.91,0.06,91.62,Good,Good
-95.22,9.83,95.95,1.05,142.16,Poor,Poor
-87.79,15.15,94.89,0.74,228.64,Good,Good
-95.24,12.62,109.62,1.31,214.32,Fair,Fair
-95.39,11.4,94.97,0.93,174.1,Fair,Fair
-102.03,5.75,60.09,0.73,64.35,Fair,Fair
-87.68,19.82,56.25,0.53,113.88,Good,Good
-82.07,15.48,85.62,0.57,199.49,Good,Good
-92.83,10.33,117.62,1.14,211.16,Fair,Fair
-91.26,14.24,93.08,0.61,180.88,Fair,Fair
-100.37,11.71,87.9,0.65,154.92,Fair,Fair
-99.9,12.23,69.41,0.43,122.81,Fair,Fair
-95.74,14.77,83.93,1.09,159.22,Fair,Fair
-94.8,9.95,77.17,0.96,102.91,Fair,Fair
-85.12,18.2,53.66,0.76,93.11,Good,Good
-94.55,11.65,72.63,0.62,120.75,Fair,Fair
-96.3,12.01,69.19,0.67,119.12,Fair,Fair
-102.89,5.68,51.35,0.0,40.27,Fair,Fair
-86.76,15.94,66.24,0.37,140.78,Good,Good
-92.75,15.42,39.1,0.69,70.07,Good,Good
-107.37,7.01,43.8,0.48,61.81,Fair,Fair
-87.84,17.12,104.51,1.5,231.4,Fair,Fair
-91.27,15.73,56.88,0.93,92.33,Good,Good
-91.13,13.31,83.18,1.11,143.09,Fair,Fair
-87.73,13.01,78.47,1.03,125.28,Fair,Fair
-104.2,9.84,49.75,0.04,60.37,Fair,Fair
-85.61,18.28,53.27,0.47,90.22,Good,Good
-98.66,12.23,110.37,1.46,212.98,Fair,Fair
-102.24,7.92,45.15,0.0,40.86,Fair,Fair
-89.82,17.12,98.25,1.27,243.96,Fair,Fair
-84.42,16.28,105.6,1.21,234.93,Fair,Fair
-89.81,15.43,112.67,1.14,269.18,Fair,Fair
-91.45,18.57,60.49,0.65,152.04,Good,Good
-86.27,18.89,80.33,0.71,167.06,Good,Good
-88.4,18.73,59.43,0.43,117.67,Good,Good
-101.69,4.67,90.45,0.93,107.32,Fair,Fair
-102.53,7.72,62.88,0.65,110.0,Fair,Fair
-97.12,10.61,91.5,1.48,151.14,Fair,Fair
-87.75,15.04,59.47,0.57,106.05,Good,Good
-92.66,10.3,52.82,0.4,72.4,Fair,Fair
-92.43,13.01,70.17,0.13,122.68,Fair,Fair
-84.97,20.06,77.68,0.75,205.34,Good,Good
-88.73,17.65,119.48,1.45,298.27,Fair,Fair
-100.09,12.26,75.18,0.26,106.38,Fair,Fair
-91.57,15.63,66.48,0.59,80.55,Good,Good
-98.72,13.15,51.07,0.3,68.27,Fair,Fair
-86.95,18.53,69.69,0.47,153.09,Good,Good
-101.2,6.59,70.4,0.87,103.72,Fair,Fair
-88.53,15.51,49.76,0.49,53.2,Good,Good
-84.48,15.32,60.61,0.36,85.2,Good,Good
-93.69,12.64,90.86,0.93,181.3,Fair,Fair
-97.64,12.97,83.95,0.91,172.28,Fair,Fair
-84.41,17.14,46.56,0.55,86.38,Good,Good
-85.81,19.17,62.4,0.35,101.58,Good,Good
-102.54,6.02,74.84,0.62,89.59,Fair,Fair
-88.91,16.09,88.77,1.03,196.31,Fair,Fair
-100.09,15.67,114.86,1.45,259.24,Fair,Fair
-85.28,15.98,93.46,1.45,195.35,Fair,Fair
-98.97,10.93,70.52,0.52,92.01,Fair,Fair
-91.21,14.89,87.06,0.91,184.71,Fair,Fair
-95.32,13.44,85.61,1.04,178.38,Fair,Fair
-81.68,18.89,57.41,0.19,110.39,Good,Good
-81.67,15.06,72.61,1.24,128.63,Good,Good
-90.26,18.73,61.2,0.7,121.13,Good,Good
-86.93,17.57,93.42,1.13,197.85,Fair,Fair
-84.08,18.67,62.62,0.41,103.4,Good,Good
-87.67,15.78,80.52,0.72,181.57,Good,Good
-87.26,13.14,92.35,1.19,185.65,Fair,Fair
-86.52,14.76,63.56,0.35,106.38,Good,Good
-103.37,7.28,84.7,0.78,108.79,Fair,Fair
-89.23,17.81,113.04,1.51,284.39,Fair,Fair
-86.21,18.7,93.65,1.51,222.67,Fair,Fair
-83.16,16.27,74.83,0.52,156.99,Good,Good
-84.09,15.59,95.88,1.4,204.46,Fair,Fair
-81.85,16.16,62.12,0.44,122.21,Good,Good
-87.82,17.62,71.41,1.0,132.22,Good,Good
-98.62,13.47,47.64,0.0,57.43,Fair,Fair
-99.59,7.32,79.13,0.58,105.95,Fair,Fair
-84.26,19.7,56.2,0.06,110.43,Good,Good
-89.77,13.1,81.94,0.53,142.96,Fair,Fair
-94.11,12.28,61.88,0.52,94.45,Fair,Fair
-88.35,17.09,63.27,0.82,115.95,Good,Good
-101.44,7.21,74.0,0.65,98.68,Fair,Fair
-88.45,15.71,82.95,0.87,172.91,Good,Good
-87.88,17.58,69.77,0.77,91.82,Good,Good
-89.67,13.3,115.42,1.75,249.32,Fair,Fair
-88.98,15.71,95.99,1.19,229.27,Fair,Fair
-104.73,6.99,55.99,0.52,48.41,Fair,Fair
-97.33,12.42,111.05,1.36,217.04,Fair,Fair
-103.11,12.69,92.82,1.46,192.84,Fair,Fair
-98.68,11.18,63.79,0.72,96.52,Fair,Fair
-85.94,20.93,76.38,0.37,167.5,Good,Good
-101.71,11.13,74.53,0.56,124.3,Fair,Fair
-104.44,8.09,43.9,0.0,40.34,Fair,Fair
-97.08,13.97,111.71,1.32,262.07,Fair,Fair
-89.74,12.86,89.49,1.09,186.26,Fair,Fair
-89.48,18.18,102.22,1.24,244.23,Fair,Fair
-83.61,15.6,72.75,0.84,150.79,Good,Good
-91.21,15.91,60.79,0.48,110.56,Good,Good
-92.4,18.5,98.57,0.87,226.97,Fair,Fair
-87.51,15.83,105.36,1.41,235.8,Fair,Fair
-92.98,12.76,100.23,1.42,181.04,Fair,Fair
-109.03,5.07,90.73,1.3,111.95,Poor,Poor
-84.74,18.76,78.95,0.44,152.23,Good,Good
-89.79,17.39,64.09,0.92,113.45,Good,Good
-85.58,16.02,86.33,0.51,203.54,Good,Good
-85.93,18.07,67.29,0.78,146.56,Good,Good
-86.76,12.56,54.4,0.57,60.18,Good,Good
-96.51,14.27,89.28,1.11,212.8,Fair,Fair
-93.0,15.1,74.24,0.37,160.75,Good,Good
-84.37,15.22,74.05,0.69,156.73,Good,Good
-99.48,9.09,59.25,0.71,63.7,Fair,Fair
-87.52,13.57,64.99,0.48,110.7,Good,Good
-87.58,15.82,113.03,1.02,263.66,Fair,Fair
-96.49,16.37,101.83,1.37,222.65,Fair,Fair
-83.26,21.45,70.49,0.65,175.72,Good,Good
-86.85,18.01,59.99,0.92,107.58,Good,Good
-85.94,13.49,123.88,1.51,241.44,Fair,Fair
-100.01,5.49,56.51,0.16,71.1,Fair,Fair
-82.8,20.13,76.94,0.25,185.53,Good,Good
-96.13,11.82,98.32,0.4,204.16,Fair,Fair
-101.22,4.8,52.13,0.46,31.34,Fair,Fair
-89.24,15.8,51.65,0.56,88.77,Good,Good
-105.44,8.17,56.75,0.16,56.05,Fair,Fair
-100.39,13.04,41.32,0.0,52.78,Fair,Fair
-91.66,15.12,65.74,0.74,105.75,Good,Good
-87.26,16.22,103.9,1.49,226.27,Fair,Fair
-88.13,15.17,109.7,1.62,235.78,Fair,Fair
-88.53,16.21,102.6,1.01,214.53,Fair,Fair
-93.87,14.11,85.67,1.24,180.07,Fair,Fair
-99.12,11.84,97.79,1.11,194.21,Fair,Fair
-106.88,6.15,69.84,0.83,90.32,Fair,Fair
-103.2,6.41,80.28,0.8,113.41,Fair,Fair
-89.21,20.28,123.63,1.74,328.74,Fair,Fair
-89.48,14.55,95.78,1.05,182.65,Fair,Fair
-89.89,18.28,80.36,1.33,181.63,Fair,Fair
-94.17,10.23,86.05,0.89,132.83,Fair,Fair
-99.17,9.8,95.03,0.98,169.4,Fair,Fair
-98.84,10.21,108.68,1.58,199.99,Fair,Fair
-87.39,15.82,62.78,0.31,107.92,Good,Good
-95.59,14.25,74.9,1.09,180.63,Fair,Fair
-89.55,13.36,88.85,1.41,183.77,Fair,Fair
-97.28,8.49,91.73,0.8,160.42,Fair,Fair
-89.27,17.19,83.99,0.88,169.52,Good,Good
-82.36,18.26,64.81,0.39,139.99,Good,Good
-100.14,10.77,87.28,0.59,162.15,Fair,Fair
-90.59,16.34,66.58,1.07,128.81,Fair,Fair
-85.06,15.8,48.33,0.27,67.96,Good,Good
-99.02,12.21,85.88,0.99,148.73,Fair,Fair
-88.37,13.79,82.43,0.89,140.05,Fair,Fair
-98.24,13.69,120.8,1.38,255.03,Fair,Fair
-83.36,18.13,95.24,1.19,225.88,Fair,Fair
-91.03,12.91,100.59,1.41,194.9,Fair,Fair
-89.49,14.64,80.42,0.64,158.35,Fair,Fair
-92.81,14.03,56.36,0.0,73.88,Fair,Fair
-91.53,12.93,121.4,1.28,262.92,Fair,Fair
-90.29,13.1,80.22,1.04,163.09,Fair,Fair
-93.35,14.67,49.18,0.36,71.72,Fair,Fair
-87.39,13.71,55.58,0.43,74.65,Good,Good
-86.55,17.47,93.57,1.03,194.8,Fair,Fair
-108.68,8.31,83.95,0.95,125.09,Poor,Poor
-97.81,9.54,108.14,1.67,168.64,Poor,Poor
-98.93,12.94,59.03,0.31,86.51,Fair,Fair
-93.35,14.6,115.55,1.28,236.59,Fair,Fair
-89.23,17.11,92.55,0.64,220.45,Good,Good
-97.96,11.79,85.81,1.14,164.56,Fair,Fair
-97.61,12.16,51.44,0.77,65.88,Fair,Fair
-100.55,7.6,56.26,0.44,61.93,Fair,Fair
-87.31,14.75,112.92,1.35,240.08,Fair,Fair
-87.83,14.48,77.42,0.5,165.6,Good,Good
-107.61,10.57,60.12,0.05,83.59,Fair,Fair
-87.36,16.87,92.44,1.02,205.96,Fair,Fair
-97.03,9.26,53.14,0.2,40.65,Fair,Fair
-94.85,12.82,65.0,0.29,129.76,Fair,Fair
-97.5,10.98,85.49,0.59,138.9,Fair,Fair
-88.82,14.66,55.82,0.45,98.79,Good,Good
-91.09,15.48,43.47,0.45,70.12,Good,Good
-90.06,15.51,82.51,0.43,156.54,Fair,Fair
-85.12,17.95,71.64,0.77,165.51,Good,Good
-94.88,10.81,80.58,0.67,130.58,Fair,Fair
-90.47,17.45,94.34,1.2,197.43,Fair,Fair
-88.26,16.81,51.66,0.27,118.05,Good,Good
-93.69,15.5,92.05,1.04,205.29,Fair,Fair
-84.73,15.07,101.49,1.18,243.26,Fair,Fair
-104.71,6.39,64.17,0.15,70.97,Fair,Fair
-103.51,6.11,56.25,0.42,53.71,Fair,Fair
-84.77,19.63,80.15,0.78,175.59,Good,Good
-100.06,11.04,68.3,0.0,149.51,Fair,Fair
-90.21,14.07,52.58,0.19,81.66,Fair,Fair
-90.17,13.83,81.17,0.39,162.26,Fair,Fair
-92.98,13.54,69.68,0.44,111.45,Fair,Fair
-84.41,17.52,118.8,1.9,293.2,Fair,Fair
-116.21,-1.47,122.28,3.68,43.56,Poor,Poor
-90.53,13.65,62.43,0.58,66.65,Fair,Fair
-93.82,9.88,81.98,0.43,138.41,Fair,Fair
-106.06,7.37,73.97,0.91,107.78,Fair,Fair
-101.81,5.78,60.5,0.72,98.57,Fair,Fair
-104.51,11.29,98.28,1.06,172.0,Fair,Fair
-83.03,20.18,62.11,0.53,113.51,Good,Good
-96.26,10.77,54.59,0.39,58.98,Fair,Fair
-95.21,12.87,68.72,0.94,118.64,Fair,Fair
-84.15,21.84,52.35,0.81,126.54,Good,Good
-89.4,16.49,77.0,0.93,160.08,Good,Good
-101.63,11.36,80.33,0.85,138.51,Fair,Fair
-88.95,18.54,61.88,0.66,102.97,Good,Good
-84.29,17.04,38.84,0.36,32.11,Good,Good
-103.15,8.42,67.89,0.64,101.5,Fair,Fair
-95.92,13.85,108.05,1.16,196.67,Fair,Fair
-89.21,18.41,45.45,0.15,71.92,Good,Good
-86.88,20.61,47.15,0.13,88.52,Good,Good
-86.61,17.59,55.87,0.36,86.6,Good,Good
-103.97,6.44,70.64,0.57,90.93,Fair,Fair
-102.27,4.48,56.52,0.03,44.36,Fair,Fair
-93.48,14.34,102.87,1.02,223.11,Fair,Fair
-109.48,9.75,68.66,0.3,97.73,Fair,Fair
-84.05,18.95,59.17,0.63,113.7,Good,Good
-102.18,6.71,59.08,0.2,76.9,Fair,Fair
-90.98,11.86,108.44,1.29,211.57,Fair,Fair
-105.55,7.52,74.71,0.36,91.81,Fair,Fair
-92.32,12.42,76.74,0.43,142.41,Fair,Fair
-95.08,15.25,45.49,0.51,65.43,Good,Good
-92.82,12.16,86.08,1.29,203.98,Fair,Fair
-91.16,16.04,74.62,0.46,140.05,Good,Good
-105.55,9.74,57.0,0.38,88.75,Fair,Fair
-84.08,16.73,74.08,0.71,158.97,Good,Good
-86.96,15.29,117.96,1.34,269.53,Fair,Fair
-89.08,19.42,58.37,0.87,107.33,Good,Good
-91.69,12.88,92.94,1.05,189.14,Fair,Fair
-89.2,14.02,68.03,1.32,118.51,Fair,Fair
-103.7,7.32,61.14,0.62,72.65,Fair,Fair
-103.2,6.67,63.81,0.65,87.17,Fair,Fair
-85.03,13.49,95.44,0.63,197.09,Fair,Fair
-103.36,6.68,60.49,0.59,89.87,Fair,Fair
-85.55,18.83,52.82,0.53,99.12,Good,Good
-89.47,15.78,77.97,0.63,168.25,Good,Good
-100.3,12.39,85.04,1.29,144.44,Fair,Fair
-92.46,14.13,62.03,0.16,119.82,Fair,Fair
-101.58,12.2,64.33,0.84,75.27,Fair,Fair
-88.59,15.77,122.71,1.44,271.49,Fair,Fair
-91.04,12.14,100.2,1.32,173.61,Fair,Fair
-90.07,15.6,75.66,0.71,138.94,Good,Good
-88.88,18.34,78.88,0.84,173.89,Good,Good
-85.89,12.85,101.5,1.63,194.08,Fair,Fair
-96.72,11.86,73.74,0.19,135.62,Fair,Fair
-91.11,14.36,96.19,1.65,208.11,Fair,Fair
-98.06,10.88,76.64,0.92,122.37,Fair,Fair
-96.19,11.79,94.7,1.09,168.34,Fair,Fair
-97.91,11.72,85.11,1.18,168.57,Fair,Fair
-97.64,8.46,41.6,0.17,50.73,Fair,Fair
-98.74,6.88,46.59,0.37,33.84,Fair,Fair
-90.15,12.16,63.83,0.83,94.0,Fair,Fair
-96.12,11.36,102.3,1.03,160.85,Fair,Fair
-90.76,15.61,63.18,0.42,114.5,Good,Good
-102.85,6.19,90.98,1.11,127.52,Poor,Poor
-93.22,13.24,85.53,1.4,168.93,Fair,Fair
-91.6,14.69,77.01,0.65,137.91,Fair,Fair
-87.94,20.84,67.97,1.0,154.22,Good,Good
-96.8,13.62,54.55,0.53,101.55,Fair,Fair
-88.25,17.02,80.89,0.98,157.07,Good,Good
-92.4,13.54,117.82,1.44,240.82,Fair,Fair
-92.05,13.72,96.84,1.2,201.48,Fair,Fair
-98.19,12.27,85.84,0.62,168.27,Fair,Fair
-97.69,8.86,74.41,1.25,112.68,Fair,Fair
-93.21,12.85,102.82,1.21,213.66,Fair,Fair
-105.99,8.82,56.96,0.43,68.9,Fair,Fair
-96.69,13.27,107.69,1.22,216.87,Fair,Fair
-92.46,16.76,92.71,1.45,228.47,Fair,Fair
-83.06,19.75,71.1,0.61,156.98,Good,Good
-93.48,15.56,43.25,0.09,79.64,Good,Good
-99.04,12.1,86.18,1.36,161.16,Fair,Fair
-92.43,12.95,73.28,0.79,116.11,Fair,Fair
-103.07,8.15,58.18,0.0,80.32,Fair,Fair
-88.57,16.62,73.65,0.29,160.29,Good,Good
-90.07,18.81,62.35,0.58,125.67,Good,Good
-81.85,18.2,81.71,0.93,158.24,Good,Good
-91.89,17.21,55.35,0.77,106.57,Good,Good
-87.56,13.37,73.33,0.94,121.2,Good,Good
-88.96,15.89,67.78,0.59,135.98,Good,Good
-87.67,15.44,77.28,0.85,157.22,Good,Good
-99.18,10.64,53.3,0.0,76.65,Fair,Fair
-86.67,17.94,72.62,0.72,129.08,Good,Good
-94.8,14.29,60.84,0.35,105.68,Fair,Fair
-91.12,15.57,74.35,0.79,158.6,Good,Good
-106.46,5.95,87.53,0.74,136.26,Poor,Poor
-87.23,16.37,66.65,0.43,121.88,Good,Good
-97.83,12.56,96.35,0.93,168.37,Fair,Fair
-87.72,16.78,65.93,0.77,107.93,Good,Good
-88.67,16.23,123.85,1.56,302.29,Fair,Fair
-89.8,16.22,71.3,0.49,177.59,Good,Good
-84.31,16.88,70.64,0.62,128.15,Good,Good
-93.49,17.21,98.57,1.02,245.66,Fair,Fair
-91.77,15.18,81.27,1.36,153.54,Fair,Fair
-110.29,4.44,93.18,1.28,115.09,Poor,Poor
-93.13,14.73,72.63,0.64,127.07,Fair,Fair
-93.01,13.01,99.74,0.8,206.36,Fair,Fair
-94.43,13.12,88.29,1.15,176.28,Fair,Fair
-87.03,16.46,84.62,0.65,199.82,Good,Good
-94.97,15.86,64.68,0.63,142.28,Good,Good
-88.63,17.67,67.8,0.98,102.48,Good,Good
-88.7,16.06,78.17,1.11,163.69,Good,Good
-89.29,15.58,101.97,1.38,267.91,Fair,Fair
-86.07,13.44,70.25,0.68,123.66,Good,Good
-86.67,16.93,61.78,0.24,86.28,Good,Good
-98.22,7.93,67.09,0.26,75.88,Fair,Fair
-89.14,18.41,122.66,1.5,336.79,Fair,Fair
-82.94,16.45,94.31,1.15,204.12,Fair,Fair
-94.03,13.08,45.91,0.37,52.64,Fair,Fair
-91.79,12.41,93.71,1.17,180.31,Fair,Fair
-99.31,11.32,38.75,0.03,55.29,Good,Good
-83.21,13.35,74.5,0.49,139.29,Good,Good
-89.24,15.24,94.4,0.82,200.67,Good,Good
-87.57,15.45,55.26,0.78,77.44,Good,Good
-106.37,8.98,62.87,0.63,90.73,Fair,Fair
-84.8,16.39,104.26,1.1,249.29,Fair,Fair
-105.64,5.39,95.36,0.62,127.07,Poor,Poor
-102.98,12.63,72.61,0.51,134.38,Fair,Fair
-84.84,16.81,90.14,0.73,190.02,Good,Good
-99.89,9.65,40.14,0.75,48.74,Fair,Fair
-108.11,8.95,71.59,0.51,107.55,Fair,Fair
-86.52,15.87,68.78,0.78,122.3,Good,Good
-95.91,12.33,94.11,1.0,193.11,Fair,Fair
-107.17,10.09,52.39,0.3,64.04,Fair,Fair
-103.37,7.05,69.16,0.5,112.85,Fair,Fair
-99.2,10.0,48.4,0.39,46.46,Fair,Fair
-87.28,17.12,50.66,0.32,91.67,Good,Good
-89.85,16.09,128.78,1.99,304.57,Fair,Fair
-83.81,15.32,99.27,0.77,218.62,Good,Good
-92.21,13.8,94.96,1.81,206.83,Fair,Fair
-87.71,17.56,66.11,0.73,104.15,Good,Good
-84.73,17.07,66.75,0.74,112.3,Good,Good
-88.7,11.83,83.14,0.81,156.42,Fair,Fair
-93.32,14.92,84.87,0.84,146.65,Fair,Fair
-94.54,14.21,55.33,0.24,88.99,Fair,Fair
-99.48,11.22,87.96,0.95,169.24,Fair,Fair
-97.17,8.57,83.42,0.94,137.87,Fair,Fair
-84.35,18.7,81.49,1.03,172.3,Fair,Fair
-81.96,15.13,104.36,1.17,224.57,Fair,Fair
-108.81,4.46,85.99,0.61,107.99,Poor,Poor
-90.42,15.25,63.94,0.47,107.18,Good,Good
-103.55,4.58,53.78,0.15,61.4,Fair,Fair
-89.3,13.65,110.18,1.81,231.66,Fair,Fair
-97.69,12.06,70.24,0.99,110.05,Fair,Fair
-96.82,15.23,74.4,1.02,172.2,Fair,Fair
-86.11,13.43,70.89,0.33,113.75,Good,Good
-90.2,12.52,80.14,0.89,140.84,Fair,Fair
-93.57,14.49,91.82,1.2,179.9,Fair,Fair
-84.6,19.58,81.58,0.86,185.43,Good,Good
-84.64,19.15,62.56,0.49,122.32,Good,Good
-85.92,17.12,53.83,0.27,95.06,Good,Good
-95.81,12.68,92.34,0.16,173.16,Fair,Fair
-91.42,15.21,76.24,0.14,156.65,Good,Good
-88.41,16.02,54.32,0.33,111.0,Good,Good
-95.47,12.2,93.85,0.93,178.51,Fair,Fair
-98.75,12.96,70.82,0.71,111.46,Fair,Fair
-88.67,15.82,65.17,0.4,94.1,Good,Good
-92.24,15.19,97.08,1.28,201.08,Fair,Fair
-84.33,18.57,60.66,0.52,105.1,Good,Good
-91.21,15.93,65.65,0.39,127.94,Good,Good
-93.56,12.37,89.93,0.72,187.97,Fair,Fair
-94.12,14.92,59.59,0.28,101.92,Fair,Fair
-84.6,15.38,89.28,1.1,158.07,Fair,Fair
-85.28,18.13,66.6,0.57,159.28,Good,Good
-98.39,10.98,73.06,0.27,137.21,Fair,Fair
-88.36,16.86,103.38,0.9,217.8,Good,Good
-109.09,6.62,65.87,0.58,88.43,Fair,Fair
-92.45,15.27,74.81,0.74,150.39,Good,Good
-88.49,13.23,81.21,0.82,154.69,Fair,Fair
-89.92,15.97,65.47,0.69,131.75,Good,Good
-94.54,15.86,67.52,0.33,157.34,Good,Good
-94.38,14.38,75.23,0.41,137.28,Fair,Fair
-86.31,16.72,61.31,0.59,89.75,Good,Good
-84.07,17.78,79.64,0.99,170.24,Good,Good
-84.16,15.99,80.5,0.82,161.85,Good,Good
-93.32,11.32,83.96,1.23,164.8,Fair,Fair
-85.45,18.78,62.22,0.61,91.22,Good,Good
-87.88,15.39,57.93,0.48,75.39,Good,Good
-93.64,12.9,52.28,0.4,81.47,Fair,Fair
-111.06,4.56,86.81,0.68,106.04,Poor,Poor
-96.68,12.22,55.65,0.5,116.63,Fair,Fair
-89.38,16.5,59.99,0.63,111.26,Good,Good
-97.6,8.9,91.61,0.7,137.8,Fair,Fair
-93.82,13.92,88.31,0.8,195.05,Fair,Fair
-84.92,18.57,97.27,1.2,236.9,Fair,Fair
-103.5,7.04,66.75,0.65,103.0,Fair,Fair
-82.59,18.42,81.71,1.02,213.93,Fair,Fair
-87.47,17.71,90.34,1.22,212.57,Fair,Fair
-104.66,7.15,70.74,0.59,90.73,Fair,Fair
-93.48,12.63,121.64,1.41,221.83,Fair,Fair
-90.34,12.61,52.61,0.38,63.57,Fair,Fair
-85.99,19.75,79.6,0.7,175.74,Good,Good
-89.69,18.03,122.73,1.46,275.49,Fair,Fair
-91.54,13.43,96.7,1.27,189.49,Fair,Fair
-95.22,13.74,97.08,1.42,183.5,Fair,Fair
-92.22,14.85,105.18,1.03,223.79,Fair,Fair
-91.95,12.49,60.88,0.37,99.42,Fair,Fair
-102.06,9.03,49.54,0.28,47.69,Fair,Fair
-100.54,10.12,96.07,1.42,144.83,Fair,Fair
-94.15,12.88,80.9,0.62,135.44,Fair,Fair
-91.67,15.26,61.43,0.42,93.71,Good,Good
-101.04,10.57,103.33,1.2,196.11,Fair,Fair
-85.42,16.4,69.86,0.08,165.78,Good,Good
-91.76,13.99,81.23,1.18,158.5,Fair,Fair
-91.36,14.98,74.4,0.58,133.34,Fair,Fair
-86.24,18.11,48.28,0.22,123.0,Good,Good
-95.5,12.19,93.55,0.94,186.45,Fair,Fair
-86.19,15.37,64.01,0.32,142.14,Good,Good
-95.78,12.07,45.98,0.77,54.23,Fair,Fair
-99.37,12.21,94.22,1.33,187.37,Fair,Fair
-93.41,13.57,98.39,1.22,217.11,Fair,Fair
-92.37,14.9,79.42,0.88,140.75,Fair,Fair
-81.64,16.87,70.85,0.64,117.91,Good,Good
-94.42,11.21,75.68,0.91,116.64,Fair,Fair
-87.01,16.62,81.05,0.89,190.56,Good,Good
-86.86,13.77,76.22,0.57,121.0,Good,Good
-91.24,17.62,67.38,0.67,163.9,Good,Good
-87.83,18.5,88.05,0.56,182.33,Good,Good
-100.47,9.07,56.06,0.7,44.64,Fair,Fair
-83.84,19.24,51.39,0.67,110.51,Good,Good
-85.97,15.29,126.67,1.86,276.32,Fair,Fair
-86.99,16.43,80.57,0.47,179.55,Good,Good
-95.95,10.98,55.69,0.38,79.57,Fair,Fair
-87.32,13.31,75.53,0.74,147.7,Good,Good
-85.99,16.15,87.77,0.94,167.79,Good,Good
-90.51,16.0,62.01,0.42,95.08,Good,Good
-95.4,13.64,65.26,0.51,113.28,Fair,Fair
-85.12,18.0,60.93,0.83,103.66,Good,Good
-86.64,16.5,128.07,1.73,275.75,Fair,Fair
-101.73,9.94,88.24,1.0,153.6,Fair,Fair
-87.72,16.39,91.53,0.98,186.39,Good,Good
-105.54,9.1,37.88,0.66,43.12,Fair,Fair
-86.18,17.88,110.33,0.65,250.49,Good,Good
-87.69,14.42,72.67,0.44,133.27,Good,Good
-93.32,14.36,68.34,0.8,98.31,Fair,Fair
-104.48,5.07,74.8,0.52,87.35,Fair,Fair
-90.83,16.03,69.81,0.97,132.01,Good,Good
-102.82,10.36,48.32,0.33,60.04,Fair,Fair
-102.97,6.24,65.43,0.61,72.82,Fair,Fair
-99.64,7.58,64.11,0.34,76.13,Fair,Fair
-87.26,16.85,71.17,0.55,144.61,Good,Good
-85.91,18.62,91.73,0.91,228.17,Good,Good
-99.2,7.02,56.2,0.37,48.99,Fair,Fair
-82.14,18.34,66.93,0.52,148.92,Good,Good
-98.02,9.37,75.18,0.63,110.5,Fair,Fair
-95.3,11.94,51.67,0.44,72.81,Fair,Fair
-89.55,16.21,57.82,0.33,101.4,Good,Good
-104.71,8.23,45.82,0.0,53.78,Fair,Fair
-97.03,12.08,74.58,0.3,128.84,Fair,Fair
-101.14,14.66,42.33,0.0,82.64,Fair,Fair
-89.55,15.75,78.06,0.45,182.26,Good,Good
-91.48,15.69,68.62,0.61,130.87,Good,Good
-87.88,17.39,95.15,0.99,199.05,Good,Good
-105.82,5.63,86.0,0.98,86.01,Poor,Poor
-81.75,17.92,67.35,0.68,142.01,Good,Good
-93.13,14.62,81.24,0.42,154.57,Fair,Fair
-98.91,14.3,78.5,0.74,145.28,Fair,Fair
-97.94,9.16,67.76,0.1,134.45,Fair,Fair
-84.49,18.16,98.24,0.9,261.89,Good,Good
-82.5,19.04,84.65,1.02,199.21,Fair,Fair
-96.87,12.77,109.52,1.72,209.47,Fair,Fair
-94.98,11.44,51.55,0.28,88.66,Fair,Fair
-93.59,11.55,56.36,0.15,65.16,Fair,Fair
-87.28,13.92,83.32,0.66,179.08,Fair,Fair
-88.5,17.06,52.72,0.46,103.78,Good,Good
-92.31,13.63,93.63,0.82,191.82,Fair,Fair
-82.61,18.06,96.28,0.82,233.63,Good,Good
-97.8,12.67,55.18,0.5,72.91,Fair,Fair
-91.32,13.9,89.3,0.54,170.91,Fair,Fair
-95.05,12.22,73.21,0.73,118.93,Fair,Fair
-94.85,12.24,43.22,0.43,42.98,Fair,Fair
-101.25,11.61,70.0,0.92,121.07,Fair,Fair
-106.51,7.85,35.71,0.2,52.0,Fair,Fair
-93.92,15.05,80.74,0.39,161.67,Fair,Fair
-90.61,12.81,122.31,1.42,259.6,Fair,Fair
-96.32,10.44,86.89,0.96,120.36,Fair,Fair
-96.79,13.68,85.23,0.93,172.53,Fair,Fair
-90.18,16.26,86.01,0.44,155.49,Fair,Fair
-91.01,16.51,77.18,1.34,177.26,Fair,Fair
-95.72,15.03,87.39,1.12,176.09,Fair,Fair
-104.0,9.13,37.51,0.17,25.43,Fair,Fair
-95.99,11.51,66.24,0.46,93.22,Fair,Fair
-90.42,14.44,111.84,1.22,232.65,Fair,Fair
-89.0,13.27,97.62,1.32,186.43,Fair,Fair
-104.02,8.65,66.7,0.2,101.49,Fair,Fair
-98.87,10.75,87.1,0.67,150.19,Fair,Fair
-94.59,16.13,110.53,1.2,245.49,Fair,Fair
-90.5,15.38,70.26,0.96,140.71,Good,Good
-104.5,8.23,73.97,0.74,101.13,Fair,Fair
-96.62,12.45,70.09,0.75,128.04,Fair,Fair
-104.14,9.94,82.63,0.55,140.82,Fair,Fair
-85.01,16.15,51.85,0.09,67.96,Good,Good
-87.85,18.73,57.16,0.24,109.43,Good,Good
-95.3,13.51,89.82,1.19,150.29,Fair,Fair
-88.62,14.59,68.12,0.71,112.73,Good,Good
-108.96,4.79,44.38,0.14,59.35,Fair,Fair
-95.55,11.37,74.0,0.7,112.6,Fair,Fair
-96.88,11.06,82.58,0.15,134.0,Fair,Fair
-94.51,14.13,55.6,0.43,93.35,Fair,Fair
-82.48,19.17,49.03,0.05,120.6,Good,Good
-85.13,18.3,84.73,0.67,188.99,Good,Good
-97.33,15.13,50.69,0.59,93.72,Good,Good
-106.62,7.56,69.86,0.74,115.12,Fair,Fair
-96.56,12.52,52.88,0.65,75.3,Fair,Fair
-84.17,16.77,114.53,1.53,266.28,Fair,Fair
-87.38,16.78,87.53,1.34,192.14,Fair,Fair
-89.96,15.98,92.58,0.82,207.97,Good,Good
-88.23,16.08,84.61,0.98,168.9,Good,Good
-88.95,13.33,72.97,0.89,136.79,Good,Good
-90.94,16.56,81.69,0.64,151.35,Fair,Fair
-107.82,8.52,88.22,1.03,129.0,Poor,Poor
-91.37,15.12,72.05,0.48,140.69,Good,Good
-93.97,13.73,86.37,0.65,192.99,Fair,Fair
-94.36,10.06,50.16,0.52,42.03,Fair,Fair
-97.93,11.39,79.98,0.61,119.86,Fair,Fair
-89.59,14.86,85.51,1.13,154.74,Fair,Fair
-84.3,18.24,53.33,0.46,66.52,Good,Good
-85.69,19.11,59.69,0.1,129.96,Good,Good
-94.46,12.67,50.28,0.74,82.59,Fair,Fair
-86.0,15.71,77.8,0.67,155.61,Good,Good
-87.42,18.27,82.08,0.95,202.09,Good,Good
-95.45,13.07,81.03,0.35,174.9,Fair,Fair
-91.43,15.88,83.78,1.02,176.01,Fair,Fair
-92.15,14.64,101.7,1.5,190.37,Fair,Fair
-92.58,9.54,50.23,0.58,74.01,Fair,Fair
-103.59,8.2,40.46,0.14,38.38,Fair,Fair
-91.18,15.49,56.25,0.38,120.87,Good,Good
-101.82,8.36,38.85,0.44,31.75,Fair,Fair
-97.01,10.03,85.64,0.69,146.97,Fair,Fair
-91.32,12.28,40.45,0.43,37.57,Fair,Fair
-86.47,17.33,56.3,0.04,102.58,Good,Good
-88.12,14.71,80.5,0.87,205.18,Fair,Fair
-84.26,17.41,59.83,0.44,130.43,Good,Good
-97.75,13.35,71.52,0.81,127.39,Fair,Fair
-102.19,7.06,55.92,0.38,82.51,Fair,Fair
-91.58,17.54,81.08,0.87,170.39,Fair,Fair
-87.46,16.17,62.2,0.52,116.94,Good,Good
-89.98,15.08,127.11,1.33,269.17,Fair,Fair
-83.22,18.94,94.83,0.8,218.66,Good,Good
-89.27,14.04,66.94,0.0,118.61,Good,Good
-90.79,15.15,55.24,1.09,87.73,Fair,Fair
-92.05,13.74,91.42,0.85,214.44,Fair,Fair
-95.61,8.64,89.29,0.76,158.55,Fair,Fair
-87.96,17.58,100.63,1.28,239.69,Fair,Fair
-86.67,16.72,95.36,0.88,218.63,Good,Good
-98.08,8.84,44.63,0.27,28.07,Fair,Fair
-102.4,7.15,52.82,0.02,60.27,Fair,Fair
-90.25,14.37,51.19,0.02,66.73,Fair,Fair
-92.06,15.46,57.85,0.6,101.54,Good,Good
-107.56,6.41,80.19,0.81,102.62,Poor,Poor
-86.23,15.44,56.41,0.17,96.01,Good,Good
-99.03,12.58,86.46,0.74,174.04,Fair,Fair
-91.23,18.8,108.5,0.87,268.36,Fair,Fair
-84.64,16.53,48.54,0.08,74.67,Good,Good
-89.11,15.38,59.63,0.41,125.23,Good,Good
-89.61,16.79,92.84,1.32,206.05,Fair,Fair
-89.02,21.16,65.25,0.53,133.84,Good,Good
-104.54,7.51,71.32,0.55,111.51,Fair,Fair
-91.82,10.88,89.1,0.85,148.14,Fair,Fair
-95.6,12.82,51.0,0.11,66.98,Fair,Fair
-104.29,7.69,63.35,0.63,59.03,Fair,Fair
-88.14,13.83,100.46,1.07,206.73,Fair,Fair
-89.99,15.26,67.94,0.53,114.94,Good,Good
-105.34,9.39,54.37,0.06,66.87,Fair,Fair
-91.43,12.95,77.65,0.75,144.57,Fair,Fair
-100.21,8.38,72.27,0.42,100.43,Fair,Fair
-100.62,11.72,98.88,1.18,203.79,Fair,Fair
-97.08,10.12,71.79,0.55,101.74,Fair,Fair
-94.78,12.73,91.63,1.15,184.81,Fair,Fair
-90.29,15.54,121.15,1.46,297.96,Fair,Fair
-80.43,17.63,66.87,0.68,182.5,Good,Good
-94.29,14.4,95.28,1.19,192.35,Fair,Fair
-105.55,8.42,71.77,0.98,90.13,Fair,Fair
-106.3,7.27,58.8,0.61,79.5,Fair,Fair
-84.48,16.62,57.49,0.49,121.41,Good,Good
-96.6,14.33,59.64,0.35,101.32,Fair,Fair
-89.38,15.49,88.14,0.78,188.2,Good,Good
-104.19,6.34,57.44,0.33,54.25,Fair,Fair
-85.97,16.78,65.78,0.33,105.49,Good,Good
-102.65,9.35,53.06,0.17,67.03,Fair,Fair
-81.83,17.57,55.78,0.69,92.47,Good,Good
-103.8,10.9,41.92,0.17,60.45,Fair,Fair
-84.93,17.37,83.51,0.95,183.83,Good,Good
-90.62,16.18,54.19,0.31,82.78,Good,Good
-82.07,17.14,75.72,0.59,163.67,Good,Good
-87.99,17.01,47.75,0.4,87.51,Good,Good
-103.47,3.48,78.02,0.67,104.5,Fair,Fair
-105.66,8.05,46.91,0.27,28.12,Poor,Poor
-92.88,16.37,76.45,0.8,155.65,Good,Good
-97.8,8.5,96.99,0.93,169.93,Fair,Fair
-87.38,17.86,56.71,0.16,85.78,Good,Good
-100.29,8.81,85.43,0.95,155.98,Fair,Fair
-88.8,12.27,67.61,0.42,119.67,Good,Good
-90.94,19.22,92.87,1.28,242.53,Fair,Fair
-96.36,11.58,67.09,0.48,84.64,Fair,Fair
-104.91,7.99,59.63,0.56,72.6,Fair,Fair
-88.66,14.17,60.66,0.34,110.57,Good,Good
-104.33,9.4,157.31,4.33,80.55,Poor,Poor
-96.09,10.61,71.65,1.0,109.15,Fair,Fair
-83.93,18.92,54.68,0.11,117.22,Good,Good
-102.7,5.15,78.22,0.75,98.79,Fair,Fair
-95.27,11.14,76.26,0.5,124.72,Fair,Fair
-99.74,10.88,98.97,1.76,138.89,Fair,Fair
-91.21,16.24,126.53,1.82,300.87,Fair,Fair
-104.8,9.68,34.3,0.3,28.04,Fair,Fair
-95.97,10.67,81.13,0.82,110.13,Fair,Fair
-82.5,17.69,62.21,0.37,114.37,Good,Good
-94.25,15.12,83.66,0.89,162.23,Fair,Fair
-87.57,20.14,70.66,0.75,128.59,Good,Good
-87.92,16.85,75.81,0.65,142.42,Good,Good
-99.43,6.89,59.63,0.46,74.8,Fair,Fair
-89.48,17.92,82.16,0.6,167.43,Good,Good
-92.8,16.54,85.86,0.72,181.19,Fair,Fair
-93.73,10.8,70.86,0.57,130.17,Fair,Fair
-101.19,13.42,53.15,0.42,74.28,Fair,Fair
-105.89,3.71,66.9,0.66,64.29,Fair,Fair
-107.27,5.53,77.12,1.2,91.03,Poor,Poor
-100.96,8.41,48.76,0.62,54.88,Fair,Fair
-95.9,11.54,57.99,0.45,101.98,Fair,Fair
-99.86,6.94,55.46,0.18,58.53,Fair,Fair
-91.06,15.95,113.12,1.35,230.65,Fair,Fair
-88.07,13.42,52.21,0.56,98.36,Good,Good
-89.03,14.64,83.43,0.72,154.99,Fair,Fair
-89.39,12.8,87.38,0.73,161.1,Fair,Fair
-89.29,18.51,100.31,0.91,248.9,Good,Good
-103.9,10.14,90.49,1.36,139.98,Fair,Fair
-99.08,12.52,46.65,0.11,74.44,Fair,Fair
-94.41,11.49,46.23,0.48,43.88,Fair,Fair
-84.6,17.26,84.06,1.0,177.64,Good,Good
-89.6,17.11,100.72,1.55,248.67,Fair,Fair
-98.81,14.04,91.52,0.81,181.91,Fair,Fair
-89.1,15.75,58.41,0.6,110.55,Good,Good
-105.82,6.5,91.01,0.84,135.99,Poor,Poor
-85.51,19.33,77.82,0.28,170.03,Good,Good
-96.31,12.51,58.35,0.72,77.71,Fair,Fair
-95.36,13.05,72.65,0.64,127.1,Fair,Fair
-101.56,9.53,54.27,0.51,70.16,Fair,Fair
-89.72,17.99,59.94,0.79,109.46,Good,Good
-107.48,5.54,63.7,0.81,81.14,Fair,Fair
-91.68,13.27,129.12,1.59,263.69,Fair,Fair
-110.28,6.82,81.02,0.78,112.26,Poor,Poor
-102.57,8.14,48.97,0.2,37.24,Fair,Fair
-92.03,13.79,76.59,0.53,138.63,Fair,Fair
-84.8,15.96,56.96,0.18,102.89,Good,Good
-92.82,13.89,81.42,0.94,158.05,Fair,Fair
-91.5,12.55,80.89,0.55,159.7,Fair,Fair
-87.47,15.44,66.33,0.62,110.53,Good,Good
-86.77,15.8,107.12,1.67,245.1,Fair,Fair
-91.88,15.67,90.35,0.78,215.29,Fair,Fair
-94.94,14.29,114.56,1.16,249.86,Fair,Fair
-97.37,10.52,43.35,0.43,47.7,Fair,Fair
-83.13,14.16,69.27,0.21,135.73,Good,Good
-90.52,15.06,55.01,0.29,79.6,Good,Good
-86.06,13.64,97.62,1.4,191.86,Fair,Fair
-110.36,4.61,93.85,3.26,40.25,Poor,Poor
-101.14,7.47,78.75,0.6,103.47,Fair,Fair
-85.54,16.33,72.81,0.66,133.69,Good,Good
-108.12,8.73,66.36,0.49,78.95,Fair,Fair
-85.62,18.75,119.73,1.79,314.83,Fair,Fair
-89.68,16.87,66.36,1.04,99.77,Good,Good
-104.1,7.78,59.46,0.12,48.75,Fair,Fair
-97.16,9.78,102.88,1.41,188.74,Poor,Poor
-84.95,15.7,73.71,1.27,146.7,Good,Good
-106.5,8.2,93.94,1.1,144.04,Poor,Poor
-81.84,19.85,64.57,0.79,123.1,Good,Good
-102.54,10.54,102.96,0.94,174.58,Fair,Fair
-99.7,4.82,94.08,1.0,140.51,Fair,Fair
-102.2,7.37,62.17,0.66,80.45,Fair,Fair
-94.88,13.72,96.5,0.86,203.45,Fair,Fair
-94.97,9.96,50.4,0.2,62.61,Fair,Fair
-87.01,15.0,94.82,1.24,239.16,Fair,Fair
-90.71,12.41,94.07,1.21,183.67,Fair,Fair
-92.4,14.32,78.65,0.26,147.33,Fair,Fair
-100.48,7.34,40.7,0.31,37.98,Fair,Fair
-97.03,10.95,78.45,0.56,136.73,Fair,Fair
-106.59,7.89,66.33,0.4,94.6,Fair,Fair
-96.95,7.98,145.44,7.55,79.54,Poor,Poor
-104.19,3.44,88.7,0.65,93.25,Fair,Fair
-92.52,14.59,96.32,0.68,195.83,Fair,Fair
-88.4,18.88,69.51,0.49,135.04,Good,Good
-104.96,5.61,70.85,0.71,101.55,Fair,Fair
-81.88,18.88,51.7,0.19,103.77,Good,Good
-95.79,11.19,98.54,1.08,176.39,Fair,Fair
-103.69,8.4,63.45,0.38,72.2,Fair,Fair
-96.91,10.58,76.91,0.9,112.02,Fair,Fair
-87.84,16.52,62.52,0.4,87.29,Good,Good
-105.88,6.63,63.12,0.43,88.4,Fair,Fair
-90.1,16.98,121.9,1.53,284.16,Fair,Fair
-91.96,14.52,88.82,0.8,177.74,Fair,Fair
-90.93,17.42,122.94,1.57,313.74,Fair,Fair
-90.43,10.4,44.83,0.0,65.0,Fair,Fair
-95.38,14.8,76.51,1.4,149.12,Fair,Fair
-83.29,20.8,62.58,0.35,137.23,Good,Good
-88.82,19.54,75.52,0.49,128.77,Good,Good
-87.97,19.13,90.63,0.57,208.02,Good,Good
-94.09,12.85,73.5,0.87,148.38,Fair,Fair
-104.67,6.45,41.07,0.4,39.31,Fair,Fair
-92.08,11.78,62.88,0.6,103.11,Fair,Fair
-89.8,13.82,101.75,1.2,208.51,Fair,Fair
-97.62,13.52,56.8,0.59,81.35,Fair,Fair
-90.29,16.8,93.99,1.04,229.53,Fair,Fair
-90.71,14.23,102.25,1.06,216.82,Fair,Fair
-102.92,7.73,73.91,0.58,92.76,Fair,Fair
-90.34,15.93,48.16,0.11,73.44,Good,Good
-91.63,15.22,62.32,0.45,98.6,Good,Good
-92.05,12.51,95.81,0.85,207.09,Fair,Fair
-90.04,14.44,64.95,0.67,138.12,Fair,Fair
-87.54,15.94,87.64,0.57,194.97,Good,Good
-93.57,17.24,77.17,0.38,130.79,Good,Good
-96.98,13.92,77.84,0.43,140.05,Fair,Fair
-94.1,10.92,111.86,1.56,206.15,Fair,Fair
-101.18,13.6,87.73,0.64,178.09,Fair,Fair
-88.21,14.2,61.94,0.58,103.56,Good,Good
-85.81,17.65,53.92,0.54,92.02,Good,Good
-90.93,14.68,93.91,1.43,164.13,Fair,Fair
-96.33,12.1,65.95,0.81,126.2,Fair,Fair
-83.76,18.74,48.65,0.21,62.89,Good,Good
-98.93,7.11,62.55,0.53,72.66,Fair,Fair
-102.26,5.33,68.69,0.1,84.87,Fair,Fair
-84.49,20.0,66.42,0.62,136.49,Good,Good
-98.31,14.14,56.86,0.42,69.42,Fair,Fair
-96.45,11.8,59.22,0.96,89.91,Fair,Fair
-83.74,16.54,78.03,0.75,157.84,Good,Good
-104.82,5.48,65.71,0.73,81.02,Fair,Fair
-95.87,14.47,80.8,0.72,174.95,Fair,Fair
-95.52,15.88,81.96,1.13,188.48,Fair,Fair
-95.36,11.28,90.09,1.05,157.71,Fair,Fair
-87.16,13.37,48.46,0.29,75.02,Good,Good
-93.22,13.91,98.75,1.37,222.45,Fair,Fair
-103.23,7.24,85.83,0.77,156.22,Fair,Fair
-83.0,18.07,73.94,0.53,150.82,Good,Good
-91.57,15.12,132.71,1.67,308.12,Fair,Fair
-86.2,18.14,86.19,0.9,220.07,Good,Good
-97.67,8.83,96.29,1.25,155.11,Poor,Poor
-101.66,7.74,48.53,0.0,34.35,Fair,Fair
-102.63,6.09,50.59,0.3,40.93,Fair,Fair
-83.64,17.09,81.82,0.99,172.84,Good,Good
-94.15,14.23,71.48,0.27,138.56,Fair,Fair
-87.07,17.69,50.68,0.01,86.54,Good,Good
-93.51,16.31,78.32,0.91,154.49,Good,Good
-95.47,10.91,82.98,0.8,153.91,Fair,Fair
-83.62,17.33,55.9,0.07,96.56,Good,Good
-100.39,6.74,45.82,0.28,26.05,Fair,Fair
-96.55,12.19,105.14,1.19,207.03,Fair,Fair
-102.36,7.07,85.44,0.49,111.17,Fair,Fair
-99.55,7.6,41.96,0.03,59.71,Fair,Fair
-77.96,17.45,90.85,0.58,199.32,Good,Good
-92.55,13.86,70.09,0.87,126.26,Fair,Fair
-83.52,17.31,79.8,0.9,207.0,Good,Good
-105.84,7.68,81.04,0.86,112.44,Poor,Poor
-91.82,11.6,84.56,0.95,162.23,Fair,Fair
-88.49,14.72,91.6,1.16,188.14,Fair,Fair
-84.57,11.45,117.74,1.39,227.9,Fair,Fair
-88.6,19.75,64.26,0.45,121.44,Good,Good
-98.15,13.4,75.34,0.8,136.96,Fair,Fair
-97.35,13.4,84.27,0.89,155.01,Fair,Fair
-92.37,15.93,79.77,0.98,162.84,Good,Good
-88.02,16.44,65.42,0.11,132.63,Good,Good
-98.12,15.66,38.79,0.24,68.14,Good,Good
-85.68,19.87,73.13,0.83,191.29,Good,Good
-103.38,5.93,75.52,0.75,98.6,Fair,Fair
-93.37,13.89,63.0,0.79,84.14,Fair,Fair
-92.56,13.41,91.98,1.13,201.73,Fair,Fair
-102.78,4.88,124.42,6.18,34.68,Poor,Poor
-100.02,6.4,49.18,0.41,46.18,Fair,Fair
-92.54,14.79,104.03,1.3,195.78,Fair,Fair
-99.29,11.49,99.86,1.35,203.69,Fair,Fair
-90.27,16.54,86.93,0.44,195.3,Fair,Fair
-84.25,17.35,93.29,0.7,175.38,Good,Good
-81.58,20.13,58.57,0.53,129.83,Good,Good
-95.67,8.09,75.1,0.43,120.88,Fair,Fair
-92.86,17.2,54.16,0.63,97.76,Good,Good
-88.11,14.58,59.98,0.27,107.05,Good,Good
-103.21,8.1,57.62,0.73,72.51,Fair,Fair
-91.39,15.27,66.15,0.59,111.42,Good,Good
-90.37,14.16,85.89,0.67,193.16,Fair,Fair
-90.51,16.53,78.97,0.75,168.41,Good,Good
-90.91,11.47,62.8,0.32,111.96,Fair,Fair
-86.92,14.95,95.2,1.27,221.61,Fair,Fair
-105.14,7.5,55.6,0.0,75.39,Fair,Fair
-85.63,18.73,83.2,0.86,181.74,Good,Good
-87.76,15.98,61.29,0.36,112.44,Good,Good
-97.09,10.71,88.88,0.68,159.62,Fair,Fair
-82.99,14.8,98.35,1.06,216.23,Fair,Fair
-85.61,14.87,94.17,0.92,195.44,Fair,Fair
-95.73,13.49,85.3,0.94,158.71,Fair,Fair
-93.09,13.24,78.24,0.84,148.47,Fair,Fair
-97.81,11.3,93.84,1.31,156.98,Fair,Fair
-82.26,17.91,67.84,0.42,117.98,Good,Good
-99.15,7.65,64.49,0.67,72.92,Fair,Fair
-92.19,16.19,88.13,1.07,181.82,Fair,Fair
-88.37,11.33,109.91,1.2,210.65,Fair,Fair
-105.33,4.91,87.65,0.94,95.86,Poor,Poor
-89.84,14.79,88.33,0.84,168.95,Fair,Fair
-104.99,8.13,51.4,0.0,35.18,Fair,Fair
-86.82,15.72,116.23,1.28,298.23,Fair,Fair
-90.55,15.34,53.48,0.32,110.42,Good,Good
-94.27,13.97,107.15,1.08,229.9,Fair,Fair
-98.18,12.91,70.33,0.22,121.48,Fair,Fair
-106.91,7.13,61.49,0.87,42.33,Poor,Poor
-90.97,14.32,103.96,1.04,234.07,Fair,Fair
-92.26,18.04,56.84,0.69,120.25,Good,Good
-94.74,15.41,49.47,0.07,67.5,Good,Good
-95.21,11.27,79.39,0.67,126.41,Fair,Fair
-86.97,18.45,47.63,0.21,88.55,Good,Good
-101.58,6.62,69.52,0.92,68.24,Fair,Fair
-96.27,14.23,108.02,1.57,234.78,Fair,Fair
-105.9,6.95,50.78,0.22,50.98,Fair,Fair
-102.26,3.85,98.24,1.23,114.8,Poor,Poor
-85.98,16.47,75.99,0.81,128.84,Good,Good
-93.24,15.6,59.54,0.65,134.4,Good,Good
-90.58,20.32,52.69,0.86,75.71,Good,Good
-98.57,10.89,68.01,0.63,124.13,Fair,Fair
-100.09,10.48,64.02,0.15,97.06,Fair,Fair
-90.19,12.88,100.55,1.35,198.64,Fair,Fair
-101.94,6.3,67.37,0.48,84.27,Fair,Fair
-93.19,13.64,113.44,1.53,221.86,Fair,Fair
-84.03,19.65,54.71,0.34,114.68,Good,Good
-96.23,13.97,51.6,0.45,77.66,Fair,Fair
-91.2,17.45,67.45,0.93,134.34,Good,Good
-92.76,13.08,95.78,0.73,212.29,Fair,Fair
-88.55,14.79,57.66,0.38,52.44,Good,Good
-88.88,15.6,65.86,0.48,111.26,Good,Good
-101.19,4.61,103.88,1.28,133.65,Poor,Poor
-93.43,12.73,78.52,0.53,145.74,Fair,Fair
-90.78,15.13,73.45,0.97,137.81,Good,Good
-105.44,9.72,146.18,2.3,90.25,Poor,Poor
-87.54,16.08,81.83,0.86,153.12,Good,Good
-89.34,15.28,125.96,1.77,276.61,Fair,Fair
-90.72,10.41,83.79,0.64,150.31,Fair,Fair
-81.22,17.67,74.78,0.12,154.52,Good,Good
-97.68,12.26,38.78,0.43,53.52,Good,Good
-95.17,16.38,99.18,0.95,202.64,Fair,Fair
-87.92,17.18,92.82,0.9,239.0,Good,Good
-85.58,18.6,71.93,0.83,148.3,Good,Good
-103.72,5.95,83.55,0.57,100.41,Fair,Fair
-89.49,18.18,53.48,0.15,93.95,Good,Good
-100.92,6.3,73.18,0.92,83.02,Fair,Fair
-99.64,11.45,77.71,0.26,140.58,Fair,Fair
-87.61,16.38,77.06,0.51,161.8,Good,Good
-85.41,15.38,84.99,0.89,155.62,Good,Good
-87.84,15.02,62.59,0.63,127.0,Good,Good
-91.5,13.02,106.09,0.96,213.69,Fair,Fair
-90.21,14.26,64.98,0.52,100.42,Fair,Fair
-86.44,16.99,56.14,0.14,101.63,Good,Good
-88.49,12.68,102.52,1.15,183.02,Fair,Fair
-95.3,15.31,76.08,0.78,145.41,Good,Good
-102.08,6.8,74.19,0.77,94.28,Fair,Fair
-87.55,15.67,84.28,1.1,146.59,Fair,Fair
-89.98,15.69,83.64,1.34,184.16,Fair,Fair
-85.22,19.46,80.34,0.88,177.97,Good,Good
-85.07,18.63,71.43,0.51,149.15,Good,Good
-103.04,6.82,61.97,0.0,83.11,Fair,Fair
-90.6,14.28,78.11,0.84,131.38,Fair,Fair
-88.95,13.24,81.42,0.72,162.54,Fair,Fair
-91.92,15.06,85.41,1.15,163.99,Fair,Fair
-98.1,5.64,70.89,0.6,69.9,Fair,Fair
-87.68,15.38,102.85,1.27,208.19,Fair,Fair
-89.47,15.76,78.47,0.89,163.97,Good,Good
-84.5,16.61,87.9,0.9,181.19,Good,Good
-105.08,7.45,74.93,0.25,95.31,Fair,Fair
-86.03,14.39,42.05,0.25,47.5,Fair,Good
-95.56,10.94,79.36,1.09,122.56,Fair,Fair
-96.09,9.75,82.79,1.05,133.43,Poor,Poor
-90.94,14.1,98.98,0.93,203.04,Fair,Fair
-83.62,15.72,119.18,1.26,262.31,Fair,Fair
-85.47,17.81,78.56,0.79,201.77,Good,Good
-100.5,8.96,57.2,0.21,68.38,Fair,Fair
-90.21,15.98,76.49,0.69,160.73,Good,Good
-94.59,18.74,60.32,0.08,107.63,Good,Good
-85.45,18.34,70.23,0.74,123.83,Good,Good
-92.01,16.18,73.75,0.45,151.91,Good,Good
-102.2,13.22,77.45,0.57,169.12,Fair,Fair
-89.24,17.01,59.65,0.55,90.35,Good,Good
-90.15,15.65,78.37,0.56,167.29,Good,Good
-107.27,7.86,51.78,0.44,65.58,Fair,Fair
-82.18,20.49,74.57,1.0,140.96,Good,Good
-84.94,16.6,113.28,1.52,246.75,Fair,Fair
-102.76,12.72,124.17,4.62,66.55,Poor,Poor
-87.88,16.84,89.89,0.94,199.38,Good,Good
-96.26,11.38,67.29,0.21,122.08,Fair,Fair
-83.4,18.7,54.13,0.0,79.56,Good,Good
-94.21,17.64,47.84,0.14,79.47,Good,Good
-94.1,9.35,56.09,0.46,77.67,Fair,Fair
-85.32,18.83,87.71,0.46,190.01,Good,Good
-105.7,8.11,64.42,0.0,100.8,Fair,Fair
-89.7,15.3,57.32,0.6,107.49,Good,Good
-96.24,11.4,85.49,1.05,164.11,Fair,Fair
-93.54,15.53,81.66,0.71,193.08,Fair,Fair
-102.34,5.75,62.12,0.8,64.67,Fair,Fair
-88.63,19.07,60.07,0.0,115.22,Good,Good
-100.38,11.54,93.4,0.8,185.4,Fair,Fair
-100.15,12.1,68.23,0.94,113.05,Fair,Fair
-92.08,14.92,83.4,1.08,180.12,Fair,Fair
-93.19,13.83,83.0,0.33,151.93,Fair,Fair
-92.95,15.08,50.61,0.38,78.92,Good,Good
-87.97,14.97,85.65,1.11,142.93,Fair,Fair
-85.0,15.5,107.91,1.26,275.61,Fair,Fair
-88.18,19.56,109.84,1.28,266.62,Fair,Fair
-100.26,7.75,74.17,0.53,82.67,Fair,Fair
-94.0,11.78,80.21,0.87,125.32,Fair,Fair
-91.5,16.11,66.69,0.63,130.06,Good,Good
-94.39,13.53,112.42,1.84,244.95,Fair,Fair
-92.29,14.62,79.91,0.74,176.71,Fair,Fair
-93.06,14.63,95.77,1.52,200.35,Fair,Fair
-87.8,19.22,67.92,0.47,137.63,Good,Good
-83.58,18.33,55.31,0.4,89.01,Good,Good
-101.8,4.94,58.64,0.93,81.98,Fair,Fair
-100.69,12.96,56.61,0.53,85.41,Fair,Fair
-105.51,7.71,68.19,0.83,84.21,Fair,Fair
-96.05,13.71,102.06,1.71,185.07,Fair,Fair
-87.14,15.3,86.62,0.89,163.53,Good,Good
-88.51,14.95,77.01,0.62,144.57,Good,Good
-84.68,15.56,82.92,0.6,195.3,Good,Good
-87.01,18.02,88.36,0.65,227.38,Good,Good
-102.67,7.7,57.99,0.75,68.66,Fair,Fair
-93.8,11.37,65.08,0.43,144.94,Fair,Fair
-91.58,16.31,71.41,0.38,115.73,Good,Good
-96.04,11.56,86.95,0.45,155.63,Fair,Fair
-89.74,12.83,81.05,1.0,158.75,Fair,Fair
-102.31,6.65,67.61,0.23,77.3,Fair,Fair
-93.71,11.14,80.12,0.6,124.16,Fair,Fair
-86.87,17.44,108.98,0.89,269.79,Good,Good
-92.23,15.63,70.09,0.83,133.48,Good,Good
-91.33,12.34,105.15,0.79,226.15,Fair,Fair
-90.37,14.29,106.41,1.35,198.86,Fair,Fair
-91.94,14.25,116.6,1.21,278.29,Fair,Fair
-101.89,6.93,58.7,0.6,70.1,Fair,Fair
-81.48,19.66,46.5,0.21,85.82,Good,Good
-92.95,16.42,111.75,1.33,296.19,Fair,Fair
-102.42,5.47,71.8,0.15,96.18,Fair,Fair
-101.4,9.22,55.82,0.68,43.56,Fair,Fair
-91.84,15.34,53.84,0.34,110.33,Good,Good
-89.01,15.44,64.31,0.78,112.0,Good,Good
-95.89,13.75,90.21,0.77,201.77,Fair,Fair
-78.51,16.34,80.29,0.57,164.36,Good,Good
-99.03,13.49,53.93,0.68,88.62,Fair,Fair
-107.55,8.7,47.3,0.34,73.61,Fair,Fair
-104.07,7.27,55.15,0.0,75.51,Fair,Fair
-85.84,14.49,81.48,0.81,145.62,Fair,Fair
-94.71,13.75,64.03,0.66,81.19,Fair,Fair
-104.92,6.67,54.45,0.31,68.35,Fair,Fair
-87.82,14.51,71.12,0.71,125.39,Good,Good
-84.97,16.13,71.83,0.0,119.93,Good,Good
-97.35,1.93,90.91,1.2,94.33,Poor,Poor
-87.69,13.55,132.41,1.72,282.67,Fair,Fair
-108.83,5.32,147.62,4.86,84.08,Poor,Poor
-89.2,12.05,86.04,0.93,168.09,Fair,Fair
-85.15,16.75,57.62,0.08,93.92,Good,Good
-95.27,9.9,94.83,1.04,176.49,Poor,Poor
-101.99,9.71,44.61,0.31,58.4,Fair,Fair
-100.2,8.03,67.0,0.19,93.67,Fair,Fair
-100.33,7.82,51.47,0.04,67.61,Fair,Fair
-88.33,15.29,90.07,0.66,234.76,Good,Good
-88.52,12.66,65.15,0.53,128.53,Good,Good
-87.23,16.08,77.64,0.86,173.74,Good,Good
-88.66,15.26,104.31,0.96,214.82,Good,Good
-86.86,17.43,74.86,0.97,178.46,Good,Good
-91.18,13.69,74.18,0.0,138.31,Fair,Fair
-100.54,8.5,67.48,0.52,77.88,Fair,Fair
-88.11,13.88,63.24,0.33,87.47,Good,Good
-90.04,15.86,50.58,0.0,82.84,Good,Good
-96.79,8.79,79.32,0.76,131.44,Fair,Fair
-91.85,15.22,102.35,1.23,232.08,Fair,Fair
-86.16,12.44,133.48,2.17,281.7,Fair,Fair
-87.37,14.87,93.5,1.35,186.81,Fair,Fair
-87.85,15.18,45.46,0.34,86.39,Good,Good
-82.32,15.43,81.95,0.75,191.42,Good,Good
-105.67,7.93,75.91,0.66,129.98,Fair,Fair
-102.66,5.86,49.46,0.3,47.74,Fair,Fair
-85.77,17.36,117.73,2.11,297.39,Fair,Fair
-102.67,8.66,47.81,0.11,52.97,Fair,Fair
-90.66,15.87,68.49,0.45,131.0,Good,Good
-91.8,13.12,110.26,1.18,217.66,Fair,Fair
-103.25,4.65,75.82,0.93,89.3,Fair,Fair
-98.55,12.18,50.37,0.21,56.85,Fair,Fair
-94.68,16.9,54.53,0.4,85.1,Good,Good
-106.87,6.23,83.8,0.86,125.97,Poor,Poor
-113.73,-0.13,123.91,6.06,51.29,Poor,Poor
-84.87,17.21,105.25,1.01,227.44,Fair,Fair
-99.84,10.14,94.46,0.98,174.65,Fair,Fair
-88.91,17.04,49.97,0.57,109.73,Good,Good
-86.26,13.62,46.12,0.6,69.55,Good,Good
-84.32,15.55,99.61,0.91,213.2,Good,Good
-91.22,15.02,116.98,1.38,268.49,Fair,Fair
-89.77,14.68,55.2,0.39,73.33,Good,Good
-89.16,17.68,48.5,0.0,79.89,Good,Good
-106.27,6.09,55.08,0.0,39.74,Poor,Poor
-96.23,13.29,118.5,1.7,255.47,Fair,Fair
-84.45,16.67,124.82,1.89,300.97,Fair,Fair
-102.98,7.43,62.06,0.25,81.7,Fair,Fair
-83.89,15.35,90.59,0.64,208.93,Good,Good
-107.6,7.91,64.23,0.59,62.96,Fair,Fair
-85.98,16.29,50.31,0.08,75.12,Good,Good
-99.87,11.95,58.56,0.5,93.66,Fair,Fair
-87.65,17.63,104.07,1.2,237.19,Fair,Fair
-96.17,15.08,41.44,0.23,75.12,Good,Good
-87.22,17.48,63.4,0.62,72.09,Good,Good
-93.99,14.29,84.6,0.81,149.7,Fair,Fair
-93.84,13.47,35.06,0.29,55.66,Good,Good
-90.98,11.24,116.46,1.42,218.63,Fair,Fair
-83.16,15.84,59.41,0.33,81.11,Good,Good
-92.49,12.86,47.15,0.0,45.45,Fair,Fair
-89.79,12.9,75.57,0.75,131.4,Good,Good
-88.75,15.96,53.83,0.47,92.78,Good,Good
-85.94,13.51,100.91,1.22,196.79,Fair,Fair
-83.06,19.58,49.78,0.49,78.22,Good,Good
-88.36,12.86,110.45,1.17,219.63,Fair,Fair
-85.45,18.19,50.82,0.07,115.43,Good,Good
-85.9,15.75,88.89,0.62,193.27,Good,Good
-83.82,17.01,69.42,0.46,153.35,Good,Good
-85.56,16.58,91.41,1.22,197.71,Fair,Fair
-91.02,15.21,81.33,0.69,194.22,Fair,Fair
-92.42,15.14,76.87,0.76,147.68,Good,Good
-94.25,13.32,73.0,0.39,131.35,Fair,Fair
-107.71,4.98,75.35,0.39,107.17,Fair,Fair
-82.08,20.15,38.74,0.36,74.11,Good,Good
-94.21,15.2,66.94,0.65,123.82,Good,Good
-87.39,16.97,59.0,0.31,94.8,Good,Good
-99.44,8.73,45.6,0.0,35.92,Fair,Fair
-92.34,16.42,110.29,1.46,252.45,Fair,Fair
-118.35,1.25,119.62,5.08,43.49,Poor,Poor
-87.52,13.98,65.68,1.17,114.16,Fair,Fair
-88.26,16.54,43.31,0.75,71.13,Good,Good
-89.4,15.04,76.49,0.46,148.17,Good,Good
-84.71,16.28,53.21,0.22,78.31,Good,Good
-89.21,15.78,77.39,1.04,166.58,Good,Good
-96.01,12.79,66.43,0.48,129.59,Fair,Fair
-88.07,14.1,70.36,0.37,145.96,Good,Good
-106.89,8.91,54.6,0.66,79.39,Fair,Fair
-89.9,13.11,83.26,0.92,132.71,Fair,Fair
-97.11,13.84,55.06,0.04,95.08,Fair,Fair
-91.6,16.45,83.05,0.86,198.35,Fair,Fair
-94.05,15.19,81.77,1.25,138.19,Fair,Fair
-86.22,15.82,56.21,0.19,94.15,Good,Good
-93.76,16.42,83.3,1.02,184.82,Fair,Fair
-103.55,4.8,75.84,0.61,104.14,Fair,Fair
-101.29,10.24,54.22,0.58,68.18,Fair,Fair
-98.64,12.42,63.7,0.29,109.1,Fair,Fair
-86.82,16.49,77.08,0.73,155.06,Good,Good
-106.5,9.05,59.29,0.21,89.54,Fair,Fair
-90.69,17.98,99.22,1.34,248.64,Fair,Fair
-83.59,15.83,52.37,0.56,96.19,Good,Good
-89.61,12.99,121.63,1.68,258.82,Fair,Fair
-90.36,16.01,70.73,0.77,149.72,Good,Good
-85.7,15.1,77.93,0.17,128.55,Good,Good
-93.93,9.54,112.0,1.21,203.06,Poor,Poor
-91.48,15.27,115.88,1.47,284.47,Fair,Fair
-97.95,13.61,68.91,0.66,128.9,Fair,Fair
-109.06,8.1,52.31,0.98,50.63,Fair,Fair
-104.0,6.56,54.69,0.3,74.9,Fair,Fair
-85.84,13.75,89.4,1.03,178.33,Fair,Fair
-85.03,17.43,62.5,0.82,98.47,Good,Good
-89.78,14.68,82.42,1.01,173.71,Fair,Fair
-100.41,9.67,97.08,1.67,171.27,Poor,Poor
-94.24,12.35,67.82,1.09,132.85,Fair,Fair
-82.45,18.74,74.15,0.88,167.22,Good,Good
-91.31,12.99,66.12,0.4,80.56,Fair,Fair
-104.35,6.87,81.28,0.93,123.52,Fair,Fair
-84.55,18.18,76.07,0.88,160.64,Good,Good
-86.85,16.81,98.3,1.11,225.57,Fair,Fair
-90.99,15.07,98.75,1.03,210.58,Fair,Fair
-94.87,11.89,80.65,0.41,121.36,Fair,Fair
-81.86,16.36,81.24,0.65,161.99,Good,Good
-103.3,5.92,79.34,0.93,109.2,Fair,Fair
-91.18,15.14,91.51,1.32,200.6,Fair,Fair
-89.97,16.98,80.6,0.75,168.76,Good,Good
-91.26,13.06,79.97,1.05,128.08,Fair,Fair
-90.71,14.63,119.07,1.34,258.49,Fair,Fair
-91.1,16.07,55.36,0.56,71.14,Good,Good
-101.29,9.44,39.9,0.33,48.79,Fair,Fair
-88.71,12.69,97.76,0.77,179.81,Fair,Fair
-89.62,12.59,112.0,1.45,200.52,Fair,Fair
-83.82,18.1,66.72,0.81,123.77,Good,Good
-93.9,14.03,62.02,0.62,88.82,Fair,Fair
-105.25,8.04,76.31,0.23,96.41,Fair,Fair
-87.25,15.9,50.76,0.55,79.06,Good,Good
-105.79,6.95,37.78,0.29,37.94,Fair,Fair
-92.67,14.09,65.19,0.61,116.69,Fair,Fair
-99.59,14.7,58.13,0.2,96.14,Fair,Fair
-95.69,11.08,95.67,0.93,172.91,Fair,Fair
-88.15,17.61,73.88,0.59,156.35,Good,Good
-90.4,17.86,89.1,0.92,182.76,Fair,Fair
-102.65,4.68,108.49,1.85,122.55,Poor,Poor
-92.17,14.33,53.04,0.19,99.98,Fair,Fair
-92.29,15.51,74.34,0.59,135.69,Good,Good
-89.9,15.44,72.51,0.6,183.23,Good,Good
-86.77,17.58,83.43,0.8,170.49,Good,Good
-89.53,15.58,80.4,0.87,151.32,Good,Good
-90.83,14.64,92.75,1.26,222.5,Fair,Fair
-95.16,13.25,58.55,0.61,105.59,Fair,Fair
-84.27,16.94,65.1,0.52,151.26,Good,Good
-97.05,9.94,99.28,1.38,170.26,Poor,Poor
-93.76,15.56,75.91,0.42,164.47,Good,Good
-107.61,7.54,70.06,0.45,122.69,Fair,Fair
-88.75,15.39,85.01,1.01,167.76,Fair,Fair
-101.07,8.64,45.2,0.28,50.43,Fair,Fair
-89.84,16.31,78.69,0.5,183.62,Good,Good
-90.93,13.94,111.19,1.66,238.9,Fair,Fair
-99.21,10.08,109.11,1.38,177.77,Fair,Fair
-102.37,6.22,85.38,1.21,135.11,Poor,Poor
-95.92,13.48,81.8,0.56,166.08,Fair,Fair
-88.79,14.97,90.44,1.44,198.29,Fair,Fair
-86.3,15.5,107.66,1.12,233.94,Fair,Fair
-92.15,16.15,119.06,1.46,274.33,Fair,Fair
-87.53,13.56,118.69,1.48,257.74,Fair,Fair
-94.8,9.85,78.31,0.75,133.8,Fair,Fair
-92.11,15.0,49.96,0.46,62.76,Good,Good
-78.77,20.68,53.12,0.41,94.3,Good,Good
-105.12,6.52,67.18,0.54,69.14,Fair,Fair
-84.92,18.86,51.68,0.15,92.01,Good,Good
-93.92,12.17,66.06,0.08,82.31,Fair,Fair
-92.07,15.34,68.62,0.3,135.57,Good,Good
-100.95,9.03,74.81,1.06,79.11,Fair,Fair
-92.31,14.47,106.42,1.49,219.14,Fair,Fair
-86.17,14.9,59.27,0.04,103.67,Good,Good
-87.81,16.33,72.94,0.37,159.51,Good,Good
-90.43,13.54,91.87,0.92,179.99,Fair,Fair
-86.79,15.58,77.29,0.62,148.62,Good,Good
-88.75,12.8,79.94,0.21,129.65,Good,Good
-104.48,9.01,45.36,0.84,35.4,Fair,Fair
-94.55,14.52,111.46,1.39,234.57,Fair,Fair
-89.38,14.92,72.05,0.46,127.91,Good,Good
-86.71,16.29,59.68,0.39,115.76,Good,Good
-87.41,16.63,53.88,0.49,75.0,Good,Good
-85.18,16.33,52.35,0.83,80.99,Good,Good
-96.37,11.24,35.41,0.64,45.5,Fair,Fair
-93.67,15.68,83.87,0.92,180.07,Fair,Fair
-97.75,6.17,44.92,0.0,65.33,Fair,Fair
-90.37,14.55,83.72,1.24,148.45,Fair,Fair
-84.23,17.32,55.66,0.55,94.23,Good,Good
-95.06,12.02,63.68,0.62,112.07,Fair,Fair
-95.17,14.13,114.64,0.94,249.34,Fair,Fair
-99.03,11.56,80.77,0.46,150.96,Fair,Fair
-82.8,15.07,70.33,0.43,134.41,Good,Good
-104.94,8.61,62.58,0.58,99.49,Fair,Fair
-98.01,13.67,66.01,0.56,118.89,Fair,Fair
-83.24,18.42,60.63,0.26,90.85,Good,Good
-93.6,14.91,63.39,0.29,120.18,Fair,Fair
-93.82,16.27,113.76,1.4,271.77,Fair,Fair
-90.94,14.62,62.03,0.73,102.7,Fair,Fair
-105.62,6.06,74.12,0.58,105.72,Fair,Fair
-94.77,10.83,64.79,0.48,106.51,Fair,Fair
-97.43,11.15,77.62,0.56,124.13,Fair,Fair
-93.33,15.76,105.63,1.55,266.52,Fair,Fair
-95.1,7.63,114.29,0.89,172.85,Fair,Fair
-109.94,8.7,151.92,3.72,110.09,Poor,Poor
-95.5,14.56,109.68,1.68,225.56,Fair,Fair
-100.97,9.91,95.35,1.15,184.72,Poor,Poor
-98.29,13.87,49.08,0.31,67.91,Fair,Fair
-86.69,14.41,100.2,1.09,203.0,Fair,Fair
-93.08,12.32,75.06,0.66,129.59,Fair,Fair
-94.3,16.15,64.42,0.68,141.91,Good,Good
-80.19,18.94,65.11,0.42,107.5,Good,Good
-102.86,12.75,85.54,1.23,147.4,Fair,Fair
-106.37,8.5,54.4,0.34,57.04,Fair,Fair
-90.69,15.22,67.86,0.48,98.16,Good,Good
-85.2,15.85,86.22,1.13,165.51,Fair,Fair
-93.02,14.58,79.56,0.74,169.08,Fair,Fair
-85.37,16.13,102.71,1.07,241.31,Fair,Fair
-90.37,15.64,97.4,1.46,227.41,Fair,Fair
-100.15,14.25,86.37,1.05,191.33,Fair,Fair
-95.33,13.0,95.65,1.02,199.4,Fair,Fair
-93.33,12.74,68.93,0.41,128.43,Fair,Fair
-96.85,12.44,74.92,0.69,125.73,Fair,Fair
-94.5,10.41,67.67,0.29,116.62,Fair,Fair
-88.23,12.35,99.25,0.81,205.51,Fair,Fair
-110.48,10.18,54.0,0.7,75.59,Fair,Fair
-93.64,12.28,115.35,1.68,218.42,Fair,Fair
-89.08,15.54,100.14,1.05,196.45,Fair,Fair
-96.29,11.46,65.65,0.08,115.83,Fair,Fair
-92.47,13.69,80.99,0.77,153.47,Fair,Fair
-97.0,12.15,93.28,1.19,151.27,Fair,Fair
-90.29,13.3,118.09,2.0,241.15,Fair,Fair
-87.47,16.51,69.58,0.65,133.87,Good,Good
-97.41,16.53,90.49,0.95,209.39,Fair,Fair
-83.22,15.2,94.14,1.2,198.64,Fair,Fair
-91.15,16.14,58.65,0.69,94.55,Good,Good
-94.53,14.89,115.37,1.43,250.67,Fair,Fair
-87.47,18.43,81.3,0.56,183.58,Good,Good
-83.16,17.85,84.52,0.85,201.36,Good,Good
-88.01,18.15,58.21,0.42,109.27,Good,Good
-97.7,12.59,48.14,0.39,68.69,Fair,Fair
-103.11,7.98,43.43,0.15,59.57,Fair,Fair
-113.97,1.35,136.74,5.58,71.88,Poor,Poor
-88.91,18.13,100.16,1.21,215.08,Fair,Fair
-92.01,14.26,91.88,0.66,173.41,Fair,Fair
-90.64,14.3,53.54,0.07,85.41,Fair,Fair
-105.14,6.45,66.51,0.52,107.22,Fair,Fair
-88.98,17.48,61.12,0.35,106.51,Good,Good
-88.0,17.15,92.46,0.7,198.06,Good,Good
-87.55,17.0,117.49,1.72,292.9,Fair,Fair
-92.75,12.55,114.26,1.19,228.67,Fair,Fair
-99.2,12.4,76.39,1.26,130.49,Fair,Fair
-102.13,12.5,72.9,0.85,143.35,Fair,Fair
-94.77,11.56,89.84,0.64,165.01,Fair,Fair
-92.96,16.85,65.13,0.88,106.84,Good,Good
-85.71,12.94,87.36,0.42,155.45,Fair,Fair
-97.26,15.41,70.84,0.7,132.98,Good,Good
-103.35,9.54,64.21,0.55,87.81,Fair,Fair
-88.07,15.52,65.59,0.51,135.88,Good,Good
-91.23,15.95,70.85,0.47,161.49,Good,Good
-97.23,9.38,65.86,0.87,121.99,Fair,Fair
-99.14,10.06,72.12,0.6,117.32,Fair,Fair
-90.74,15.66,101.5,1.02,230.21,Fair,Fair
-91.0,17.66,74.63,0.56,126.03,Good,Good
-102.82,7.11,45.3,0.42,53.81,Fair,Fair
-90.02,17.06,62.99,0.41,121.89,Good,Good
-87.19,16.21,66.45,0.84,101.57,Good,Good
-88.85,15.39,65.1,0.86,101.56,Good,Good
-81.04,18.31,78.33,0.83,185.64,Good,Good
-101.74,7.89,46.64,0.0,39.42,Fair,Fair
-91.48,17.65,80.22,0.81,174.7,Fair,Fair
-87.54,16.67,62.49,0.22,123.61,Good,Good
-106.12,7.34,68.17,0.52,88.32,Fair,Fair
-92.16,13.66,78.91,0.54,126.56,Fair,Fair
-82.07,16.76,70.57,0.43,166.94,Good,Good
-92.38,15.83,51.88,0.0,78.16,Good,Good
-87.33,16.78,124.71,1.53,298.29,Fair,Fair
-94.39,14.77,78.84,0.8,135.32,Fair,Fair
-98.17,8.16,53.98,0.37,48.93,Fair,Fair
-85.88,17.12,61.18,0.79,133.78,Good,Good
-84.57,20.45,53.84,0.09,88.69,Good,Good
-102.7,6.9,76.2,0.71,111.95,Fair,Fair
-95.2,13.15,47.67,0.01,67.42,Fair,Fair
-107.64,5.45,77.26,0.53,104.87,Fair,Fair
-82.36,16.39,75.08,0.42,137.95,Good,Good
-95.95,13.11,99.4,0.78,234.49,Fair,Fair
-100.49,5.48,73.11,0.68,92.98,Fair,Fair
-93.18,12.91,85.1,0.46,147.79,Fair,Fair
-104.05,7.37,62.06,0.38,83.22,Fair,Fair
-88.98,15.1,66.11,1.03,156.78,Good,Good
-107.48,7.9,36.48,0.23,30.81,Fair,Fair
-91.91,13.21,84.78,1.15,193.01,Fair,Fair
-90.24,17.47,56.58,0.35,95.41,Good,Good
-85.89,17.09,74.85,0.83,181.85,Good,Good
-97.59,11.84,58.68,0.54,66.34,Fair,Fair
-106.16,9.01,64.19,0.87,95.15,Fair,Fair
-83.45,18.09,94.96,1.18,231.16,Fair,Fair
-88.3,20.13,83.9,0.67,180.56,Good,Good
-102.59,7.19,77.91,1.05,92.43,Fair,Fair
-92.73,13.25,87.72,0.96,160.95,Fair,Fair
-95.22,14.97,74.49,0.71,170.75,Fair,Fair
-98.24,11.73,89.25,1.1,150.48,Fair,Fair
-90.14,17.04,45.46,0.0,97.87,Good,Good
-104.37,9.43,60.18,0.19,71.3,Fair,Fair
-85.35,16.8,88.74,1.42,164.13,Fair,Fair
-99.39,8.03,75.81,0.84,110.21,Fair,Fair
-90.65,16.2,66.8,0.32,118.3,Good,Good
-88.63,14.46,59.04,0.4,103.71,Good,Good
-99.29,7.05,105.42,1.46,161.97,Poor,Poor
-89.78,12.44,105.71,1.4,191.5,Fair,Fair
-102.98,5.94,87.32,0.92,133.21,Fair,Fair
-87.19,12.6,70.7,0.78,119.67,Good,Good
-93.99,11.85,99.42,1.08,193.43,Fair,Fair
-89.76,16.31,55.17,0.08,100.61,Good,Good
-81.28,14.78,88.2,0.83,201.44,Fair,Fair
-96.49,10.82,74.0,1.0,124.13,Fair,Fair
-99.29,10.73,74.18,0.92,114.95,Fair,Fair
-103.12,7.37,52.18,0.1,59.51,Fair,Fair
-103.49,8.28,48.73,0.61,51.01,Fair,Fair
-97.27,10.36,84.72,0.99,111.56,Fair,Fair
-95.26,14.19,85.44,0.64,150.84,Fair,Fair
-103.82,5.94,67.88,0.61,90.71,Fair,Fair
-102.95,8.71,101.74,0.95,178.18,Fair,Fair
-87.71,17.22,74.04,0.56,164.03,Good,Good
-87.7,13.17,62.13,0.0,93.73,Good,Good
-84.86,17.71,58.76,0.54,98.13,Good,Good
-80.68,17.56,57.4,0.09,92.89,Good,Good
-91.32,13.55,82.07,0.87,178.34,Fair,Fair
-94.36,13.89,54.21,0.0,86.19,Fair,Fair
-100.37,11.54,65.88,0.73,106.64,Fair,Fair
-91.42,13.74,109.45,1.72,210.75,Fair,Fair
-87.84,15.79,52.23,0.55,106.41,Good,Good
-95.04,15.83,88.88,1.03,164.23,Fair,Fair
-82.94,17.03,79.92,0.37,143.86,Good,Good
-103.71,5.46,49.69,0.59,61.26,Fair,Fair
-92.3,12.11,113.19,1.49,234.36,Fair,Fair
-106.95,6.68,72.41,0.46,123.98,Fair,Fair
-98.62,7.19,37.52,0.25,49.08,Fair,Fair
-106.86,6.33,82.44,0.59,113.42,Poor,Poor
-82.99,18.82,51.25,0.14,91.91,Good,Good
-99.5,12.07,73.88,0.72,124.14,Fair,Fair
-94.29,13.19,61.27,0.68,103.55,Fair,Fair
-100.45,12.4,95.95,1.17,188.1,Fair,Fair
-97.63,9.52,119.48,1.33,181.07,Poor,Poor
-104.83,7.26,41.44,0.0,43.85,Fair,Fair
-86.59,18.74,66.43,1.09,166.16,Good,Good
-89.07,14.21,52.83,0.45,86.36,Good,Good
-88.28,12.5,75.32,0.81,131.74,Good,Good
-90.14,16.23,85.98,0.71,176.96,Fair,Fair
-92.45,14.18,68.29,0.33,137.47,Fair,Fair
-92.25,13.66,75.08,0.66,120.03,Fair,Fair
-106.64,10.57,56.13,0.36,85.91,Fair,Fair
-89.15,16.31,61.35,0.25,94.21,Good,Good
-95.91,11.99,57.7,0.32,100.89,Fair,Fair
-92.67,14.53,54.24,0.38,87.25,Fair,Fair
-103.69,7.08,83.81,0.87,132.63,Fair,Fair
-96.38,11.0,75.71,0.91,136.23,Fair,Fair
-89.33,16.73,105.38,1.54,235.6,Fair,Fair
-84.91,18.36,75.56,0.73,154.45,Good,Good
-96.57,12.2,70.7,0.62,88.38,Fair,Fair
-91.19,16.34,57.66,0.54,99.61,Good,Good
-100.5,4.36,61.94,0.33,91.12,Fair,Fair
-87.45,17.28,80.68,0.63,187.45,Good,Good
-97.01,14.09,44.7,0.17,96.88,Fair,Fair
-102.6,12.01,85.76,0.43,146.05,Fair,Fair
-95.04,9.33,67.33,0.49,123.38,Fair,Fair
-101.85,7.62,73.12,0.61,76.69,Fair,Fair
-85.91,12.71,102.22,1.36,202.14,Fair,Fair
-96.52,12.39,77.79,0.75,133.98,Fair,Fair
-89.36,16.02,99.55,1.46,203.23,Fair,Fair
-87.24,17.91,82.38,0.93,165.51,Good,Good
-88.47,15.33,54.29,0.55,91.11,Good,Good
-84.41,19.98,51.21,0.0,107.72,Good,Good
-89.75,18.34,106.98,1.06,278.81,Fair,Fair
-104.68,7.16,65.27,0.14,69.72,Fair,Fair
-104.6,8.75,56.54,0.0,73.08,Fair,Fair
-93.66,16.42,94.79,1.2,240.61,Fair,Fair
-87.9,15.47,61.03,0.2,95.98,Good,Good
-92.24,17.45,88.97,1.2,219.75,Fair,Fair
-91.95,14.15,70.66,0.54,155.52,Fair,Fair
-91.53,12.98,48.39,0.16,90.11,Fair,Fair
-80.67,19.18,61.9,0.55,111.91,Good,Good
-97.68,11.15,64.18,0.3,84.77,Fair,Fair
-92.47,16.96,124.66,1.68,313.08,Fair,Fair
-85.18,12.82,105.69,0.99,228.72,Fair,Fair
-85.74,17.46,78.92,0.84,143.86,Good,Good
-85.8,16.89,51.78,0.4,89.77,Good,Good
-93.19,12.79,59.6,0.55,89.4,Fair,Fair
-84.99,17.28,102.29,1.32,213.9,Fair,Fair
-87.87,14.09,92.61,1.49,192.8,Fair,Fair
-91.22,14.48,97.21,0.88,204.82,Fair,Fair
-96.04,11.86,85.29,0.73,150.44,Fair,Fair
-102.59,4.25,93.66,1.27,114.5,Poor,Poor
-106.92,7.73,34.9,0.0,47.7,Fair,Fair
-103.43,7.71,77.82,0.73,126.57,Fair,Fair
-91.65,16.5,56.45,0.67,96.98,Good,Good
-95.13,14.31,40.14,0.19,76.03,Fair,Fair
-92.31,13.62,88.17,0.85,160.02,Fair,Fair
-83.16,18.28,71.0,1.02,128.24,Good,Good
-87.66,17.17,64.18,0.15,115.75,Good,Good
-109.47,8.59,98.97,1.52,156.52,Poor,Poor
-100.23,10.93,81.65,0.77,110.53,Fair,Fair
-82.32,18.39,74.89,0.83,175.6,Good,Good
-95.23,12.54,58.24,0.57,87.07,Fair,Fair
-103.91,6.82,66.29,0.4,82.12,Fair,Fair
-87.61,18.03,68.81,0.58,122.64,Good,Good
-94.88,16.0,105.34,1.3,238.93,Fair,Fair
-99.23,11.54,105.81,1.0,197.19,Fair,Fair
-99.25,11.73,52.13,0.18,72.22,Fair,Fair
-101.68,5.93,67.63,0.46,84.74,Fair,Fair
-91.85,15.95,81.4,0.78,219.83,Fair,Fair
-90.95,15.2,55.15,0.43,97.24,Good,Good
-82.97,14.24,83.37,0.89,185.65,Fair,Fair
-81.99,16.48,67.89,0.59,151.51,Good,Good
-87.67,18.9,58.72,1.01,89.6,Good,Good
-103.96,8.04,80.22,1.02,121.6,Poor,Poor
-87.86,15.84,58.55,0.6,120.84,Good,Good
-87.63,12.82,73.74,0.61,145.79,Good,Good
-86.77,17.13,71.84,0.54,146.51,Good,Good
-94.37,13.66,60.55,1.06,99.17,Fair,Fair
-95.46,13.65,35.97,0.09,51.16,Good,Good
-83.68,19.06,51.03,0.19,100.41,Good,Good
-104.46,6.79,61.36,0.33,94.78,Fair,Fair
-93.08,12.5,53.08,0.12,52.33,Fair,Fair
-91.78,12.98,94.16,0.97,177.87,Fair,Fair
-102.0,10.59,94.95,1.15,167.23,Fair,Fair
-96.7,14.7,75.86,0.54,150.82,Fair,Fair
-94.48,12.83,103.76,1.42,225.72,Fair,Fair
-87.91,15.88,96.11,1.35,211.15,Fair,Fair
-94.28,11.16,85.44,1.1,150.53,Fair,Fair
-94.8,12.94,63.03,0.93,95.24,Fair,Fair
-94.72,15.7,53.37,0.0,74.07,Good,Good
-86.9,17.4,112.44,1.47,263.36,Fair,Fair
-86.6,15.02,80.95,0.84,165.22,Good,Good
-83.96,18.94,107.07,1.3,225.95,Fair,Fair
-85.86,19.34,68.91,0.69,147.91,Good,Good
-87.88,16.11,131.37,1.33,305.88,Fair,Fair
-87.86,14.75,53.39,0.18,105.89,Good,Good
-93.02,12.55,98.96,1.02,185.88,Fair,Fair
-86.92,17.49,52.37,0.04,83.53,Good,Good
-89.07,12.89,94.06,1.42,188.75,Fair,Fair
-102.04,8.9,72.49,0.91,106.72,Fair,Fair
-99.05,6.76,60.05,0.63,77.44,Fair,Fair
-84.03,17.99,56.9,0.48,117.57,Good,Good
-88.98,17.85,65.76,0.71,152.49,Good,Good
-95.2,13.65,114.72,1.76,260.68,Fair,Fair
-89.72,17.99,68.52,0.78,140.87,Good,Good
-104.95,6.3,57.56,0.59,63.51,Fair,Fair
-96.51,11.94,67.34,0.6,107.37,Fair,Fair
-89.61,17.39,49.06,0.56,84.44,Good,Good
-89.92,14.83,61.22,0.0,106.78,Good,Good
-87.13,14.57,57.65,0.41,105.61,Good,Good
-90.86,16.55,101.34,1.39,243.2,Fair,Fair
-87.44,15.32,65.26,1.06,174.71,Good,Good
-84.45,16.69,79.83,0.54,177.53,Good,Good
-96.82,11.03,96.04,1.2,186.85,Fair,Fair
-100.91,12.08,104.44,1.42,218.9,Fair,Fair
-87.4,17.39,60.32,0.89,112.0,Good,Good
-92.96,13.59,91.96,1.14,200.1,Fair,Fair
-92.28,14.92,78.5,0.47,138.59,Fair,Fair
-91.28,14.9,68.51,0.21,116.22,Fair,Fair
-78.69,20.13,50.89,0.23,129.46,Good,Good
-102.41,12.29,81.1,0.85,153.42,Fair,Fair
-88.49,14.59,57.18,0.24,79.2,Good,Good
-81.76,16.51,71.91,0.4,146.51,Good,Good
-82.44,17.48,63.41,0.43,131.31,Good,Good
-103.83,9.04,53.05,0.2,79.3,Fair,Fair
-93.2,15.73,58.1,0.0,82.16,Good,Good
-98.87,7.5,54.11,0.0,73.08,Fair,Fair
-105.19,5.9,75.53,0.7,85.24,Fair,Fair
-88.19,15.99,111.39,1.52,256.82,Fair,Fair
-89.89,17.12,77.45,0.4,143.81,Good,Good
-91.14,14.8,71.81,0.61,152.15,Fair,Fair
-98.35,10.82,111.51,1.46,209.15,Fair,Fair
-87.67,17.49,38.24,0.34,68.58,Good,Good
-91.58,14.54,103.02,1.24,218.34,Fair,Fair
-99.13,10.68,95.76,0.78,164.88,Fair,Fair
-85.88,16.37,62.14,0.27,144.17,Good,Good
-89.24,15.14,53.56,0.44,100.66,Good,Good
-89.63,16.75,74.51,0.55,139.81,Good,Good
-91.94,16.21,48.05,0.0,85.8,Good,Good
-83.86,17.89,84.25,0.71,164.69,Good,Good
-102.04,6.68,61.72,0.49,62.51,Fair,Fair
-111.74,7.75,117.11,5.54,63.9,Poor,Poor
-90.34,13.57,126.49,1.86,250.87,Fair,Fair
-105.43,10.75,49.05,0.0,42.4,Fair,Fair
-87.43,17.55,58.2,0.22,154.04,Good,Good
-88.32,16.23,97.05,1.27,240.51,Fair,Fair
-81.46,18.17,64.52,0.11,127.03,Good,Good
-103.18,6.42,81.05,1.24,107.79,Poor,Poor
-91.63,14.51,70.26,0.42,120.13,Fair,Fair
-96.71,11.61,77.71,0.63,140.15,Fair,Fair
-102.64,8.41,82.76,1.13,101.07,Poor,Poor
-86.89,17.95,66.98,0.25,115.3,Good,Good
-84.51,16.67,94.51,1.21,223.98,Fair,Fair
-93.7,13.35,108.71,1.14,247.96,Fair,Fair
-104.92,9.12,50.55,0.53,55.93,Fair,Fair
-92.82,15.05,54.08,0.19,92.55,Good,Good
-87.77,14.01,50.9,0.35,86.88,Good,Good
-105.81,6.38,62.98,0.26,99.87,Fair,Fair
-94.6,10.11,60.94,0.42,79.81,Fair,Fair
-88.98,16.21,56.79,0.11,86.42,Good,Good
-101.8,6.85,53.44,0.38,45.44,Fair,Fair
-96.19,12.02,89.2,1.18,135.32,Fair,Fair
-88.8,14.62,63.36,0.46,110.44,Good,Good
-85.69,16.96,56.46,0.2,98.48,Good,Good
-102.33,9.97,37.71,0.22,54.84,Fair,Fair
-85.93,18.51,62.91,0.22,151.13,Good,Good
-90.31,16.72,115.62,0.72,272.54,Fair,Fair
-93.12,16.81,47.34,0.18,103.06,Good,Good
-91.73,17.17,98.07,1.5,272.62,Fair,Fair
-94.15,15.81,63.85,0.39,110.67,Good,Good
-88.7,15.53,61.96,0.74,114.99,Good,Good
-81.88,15.3,56.31,0.59,95.94,Good,Good
-93.1,13.15,122.57,1.51,241.87,Fair,Fair
-85.92,15.73,87.49,0.74,185.04,Good,Good
-100.12,7.56,62.74,0.42,89.02,Fair,Fair
-90.62,14.37,62.14,0.1,120.82,Fair,Fair
-98.28,13.4,53.05,0.02,99.37,Fair,Fair
-91.31,13.95,74.56,0.42,129.52,Fair,Fair
-84.35,17.05,104.2,1.28,222.5,Fair,Fair
-92.68,17.66,78.28,0.95,184.9,Good,Good
-85.16,12.97,87.49,0.94,169.29,Fair,Fair
-86.65,17.79,88.28,1.34,193.66,Fair,Fair
-92.3,13.93,82.46,0.99,143.63,Fair,Fair
-106.67,8.32,56.39,0.85,54.36,Fair,Fair
-103.02,6.65,83.81,0.88,100.27,Fair,Fair
-97.69,11.46,74.0,0.29,141.89,Fair,Fair
-95.75,13.42,103.16,1.46,193.59,Fair,Fair
-89.2,15.15,78.69,0.44,183.11,Good,Good
-87.08,15.56,68.89,0.41,141.82,Good,Good
-88.52,16.42,86.67,1.0,172.04,Good,Good
-88.87,16.43,57.35,0.39,82.53,Good,Good
-84.33,14.12,87.64,1.08,231.8,Fair,Fair
-87.26,14.95,73.03,0.85,148.83,Good,Good
-91.41,13.52,106.24,1.28,230.75,Fair,Fair
-103.41,9.44,46.37,0.84,79.47,Fair,Fair
-94.68,15.98,93.38,1.59,222.36,Fair,Fair
-84.52,17.52,56.88,0.41,111.47,Good,Good
-88.98,15.33,119.21,1.15,267.03,Fair,Fair
-89.36,16.41,56.88,0.3,97.41,Good,Good
-86.21,18.53,64.77,0.71,141.69,Good,Good
-91.42,15.4,73.36,0.88,125.84,Good,Good
-102.12,6.67,66.71,0.6,93.85,Fair,Fair
-95.08,12.92,102.11,1.39,186.11,Fair,Fair
-93.91,13.22,77.22,0.8,155.71,Fair,Fair
-90.03,16.06,54.98,0.61,77.4,Good,Good
-90.46,17.82,99.95,1.1,238.24,Fair,Fair
-93.29,16.18,98.47,1.28,199.92,Fair,Fair
-109.25,9.82,94.94,3.33,45.92,Poor,Poor
-82.56,18.73,59.1,0.0,115.16,Good,Good
-104.46,9.06,34.25,0.48,23.98,Fair,Fair
-99.35,11.04,81.07,1.12,149.21,Fair,Fair
-93.33,10.8,47.95,0.02,48.5,Fair,Fair
-99.59,8.51,67.94,0.23,102.87,Fair,Fair
-99.56,8.94,48.83,0.0,46.08,Fair,Fair
-101.22,9.75,95.29,1.17,182.71,Poor,Poor
-95.37,11.98,80.05,0.99,120.4,Fair,Fair
-91.52,15.31,53.08,0.36,77.21,Good,Good
-89.64,15.26,118.34,1.05,272.29,Fair,Fair
-91.21,13.94,50.9,0.0,72.61,Fair,Fair
-87.74,15.88,102.93,1.01,198.32,Fair,Fair
-87.96,17.72,64.52,0.66,105.13,Good,Good
-87.13,15.27,64.64,1.04,120.07,Good,Good
-88.92,17.58,54.65,0.65,99.27,Good,Good
-106.66,7.04,78.44,0.6,128.42,Fair,Fair
-101.71,8.75,43.37,0.11,53.48,Fair,Fair
-91.19,15.81,64.93,0.42,115.98,Good,Good
-88.17,19.59,55.79,0.35,114.87,Good,Good
-99.79,7.91,41.74,0.0,39.33,Fair,Fair
-105.63,4.91,67.04,0.15,64.44,Fair,Fair
-101.39,11.23,75.45,0.63,138.64,Fair,Fair
-102.05,7.47,75.46,0.52,106.93,Fair,Fair
-88.09,17.52,108.01,1.47,246.32,Fair,Fair
-97.09,9.2,101.26,1.0,147.36,Fair,Fair
-99.8,10.67,70.09,1.09,124.54,Fair,Fair
-86.99,15.56,66.21,0.75,117.41,Good,Good
-87.35,14.19,91.77,0.95,188.26,Fair,Fair
-92.32,14.7,66.37,0.58,117.99,Fair,Fair
-88.72,14.16,114.4,1.46,263.31,Fair,Fair
-103.21,9.22,72.82,0.53,101.97,Fair,Fair
-94.85,15.14,66.34,0.42,140.18,Good,Good
-91.2,12.86,98.39,1.13,202.98,Fair,Fair
-102.5,5.04,89.8,0.81,120.57,Fair,Fair
-97.56,14.68,53.83,0.68,84.78,Fair,Fair
-89.31,14.59,121.03,1.5,269.06,Fair,Fair
-82.83,16.87,51.53,0.16,90.06,Good,Good
-84.48,16.66,64.1,0.37,111.77,Good,Good
-89.38,12.3,77.25,1.33,152.03,Fair,Fair
-94.79,12.87,64.39,0.47,96.04,Fair,Fair
-104.17,7.13,47.72,0.23,60.05,Fair,Fair
-93.8,13.72,103.86,1.29,199.49,Fair,Fair
-105.79,7.28,51.42,0.0,66.69,Fair,Fair
-91.15,16.24,82.31,0.81,161.46,Fair,Fair
-93.27,12.97,67.5,0.38,139.9,Fair,Fair
-92.05,14.14,111.13,1.32,218.22,Fair,Fair
-103.61,8.62,66.88,0.67,108.77,Fair,Fair
-89.12,16.63,71.57,1.02,114.11,Good,Good
-107.62,5.19,79.26,0.66,97.83,Fair,Fair
-95.87,11.72,84.97,0.76,180.46,Fair,Fair
-88.61,12.07,98.55,1.14,174.91,Fair,Fair
-103.77,6.02,89.1,0.64,100.39,Fair,Fair
-98.55,8.16,49.52,0.23,62.41,Fair,Fair
-98.87,12.05,91.36,1.04,163.04,Fair,Fair
-93.27,13.44,57.04,0.32,73.25,Fair,Fair
-87.01,14.41,75.01,0.0,151.55,Good,Good
-85.47,16.2,84.86,1.19,176.01,Fair,Fair
-86.5,16.91,105.68,1.37,265.47,Fair,Fair
-97.99,13.41,76.04,0.53,136.04,Fair,Fair
-103.07,8.91,49.5,0.15,43.99,Fair,Fair
-102.67,4.7,60.3,0.76,68.05,Fair,Fair
-90.03,11.46,79.63,0.62,178.5,Fair,Fair
-107.2,5.31,79.02,0.91,93.64,Fair,Fair
-83.63,18.3,91.35,1.15,208.54,Fair,Fair
-86.63,15.27,105.2,1.12,200.87,Fair,Fair
-104.11,8.47,46.22,0.23,53.31,Fair,Fair
-86.59,16.48,56.01,0.19,86.06,Good,Good
-94.08,14.15,74.31,0.85,135.52,Fair,Fair
-90.13,15.62,80.63,1.12,165.57,Fair,Fair
-103.6,6.84,57.05,0.75,68.65,Fair,Fair
-90.42,14.61,52.76,0.54,78.07,Fair,Fair
-90.64,14.87,76.47,0.62,156.31,Fair,Fair
-79.23,15.17,68.9,0.98,119.56,Good,Good
-88.89,16.65,92.68,0.77,204.62,Good,Good
-89.65,14.24,58.93,0.26,101.42,Good,Good
-94.87,12.03,91.52,0.95,129.34,Fair,Fair
-93.89,15.02,76.08,0.82,137.64,Good,Good
-102.67,4.82,52.85,0.32,60.23,Fair,Fair
-88.11,17.48,57.73,0.28,95.94,Good,Good
-99.01,12.06,119.74,1.41,246.54,Fair,Fair
-85.65,16.99,107.5,2.05,236.34,Fair,Fair
-100.13,14.24,78.2,1.15,126.96,Fair,Fair
-103.46,4.8,63.7,0.67,80.25,Fair,Fair
-91.98,15.49,89.16,0.57,173.79,Fair,Fair
-104.96,5.26,89.53,0.66,131.53,Fair,Fair
-91.43,13.02,62.79,0.23,97.57,Fair,Fair
-92.68,13.33,73.69,0.5,153.59,Fair,Fair
-84.17,15.86,52.67,0.62,78.9,Good,Good
-94.86,8.79,139.61,4.74,130.04,Poor,Poor
-95.29,11.73,69.43,0.71,106.07,Fair,Fair
-104.32,9.46,38.59,0.5,33.51,Fair,Fair
-89.24,16.58,98.8,1.01,216.08,Fair,Fair
-95.79,14.3,62.16,0.4,93.26,Fair,Fair
-104.91,10.16,51.48,0.33,81.4,Fair,Fair
-97.93,9.62,56.17,0.26,71.14,Fair,Fair
-102.94,10.07,57.24,0.31,77.72,Fair,Fair
-96.48,12.31,91.8,1.42,162.19,Fair,Fair
-96.42,11.6,97.22,1.0,191.93,Fair,Fair
-95.39,13.65,51.24,0.27,89.6,Fair,Fair
-101.05,7.43,37.75,0.14,37.11,Fair,Fair
-93.98,11.35,64.96,0.4,112.48,Fair,Fair
-96.41,12.87,84.87,1.34,139.71,Fair,Fair
-84.01,14.45,84.63,0.81,144.32,Fair,Fair
-90.55,13.66,78.89,0.86,137.71,Fair,Fair
-88.43,16.22,51.47,0.47,68.16,Good,Good
-109.0,10.02,188.98,6.47,97.71,Poor,Poor
-87.44,13.7,75.62,0.34,131.05,Good,Good
-89.9,15.72,45.72,0.16,90.76,Good,Good
-105.76,5.67,67.26,0.77,93.41,Fair,Fair
-86.84,17.3,107.39,1.36,246.08,Fair,Fair
-94.45,13.63,116.76,1.49,251.97,Fair,Fair
-87.73,17.08,116.43,1.18,302.64,Fair,Fair
-90.09,15.92,119.38,1.6,285.6,Fair,Fair
-97.11,12.65,61.84,0.12,89.19,Fair,Fair
-84.96,17.99,115.88,1.58,283.54,Fair,Fair
-93.13,11.58,49.53,0.36,55.1,Fair,Fair
-86.19,15.95,80.5,0.91,171.65,Good,Good
-89.61,17.89,124.0,1.31,308.89,Fair,Fair
-89.9,16.1,97.45,1.22,222.63,Fair,Fair
-99.08,12.3,54.88,0.08,56.91,Fair,Fair
-90.81,12.71,53.39,0.06,96.82,Fair,Fair
-92.95,11.36,105.27,1.41,193.78,Fair,Fair
-96.17,13.95,62.41,0.71,111.57,Fair,Fair
-94.53,12.54,82.57,1.04,146.11,Fair,Fair
-96.15,8.6,79.51,0.92,117.2,Fair,Fair
-108.66,4.54,78.38,1.11,118.27,Poor,Poor
-93.81,14.84,55.66,0.52,91.57,Fair,Fair
-91.98,13.52,69.29,0.54,133.96,Fair,Fair
-87.0,15.13,59.74,0.54,101.07,Good,Good
-103.79,5.84,59.53,0.41,54.11,Fair,Fair
-82.27,18.63,49.19,0.72,93.62,Good,Good
-103.02,7.36,51.99,0.08,53.01,Fair,Fair
-91.69,16.14,53.12,0.44,101.63,Good,Good
-83.69,19.32,61.97,0.38,115.09,Good,Good
-95.01,14.76,95.89,1.11,200.89,Fair,Fair
-85.28,21.21,87.79,0.88,245.59,Good,Good
-91.31,19.2,108.67,1.52,252.68,Fair,Fair
-92.79,14.24,90.24,0.9,196.73,Fair,Fair
-103.85,7.75,87.0,0.77,131.23,Fair,Fair
-96.28,12.11,103.7,1.45,175.62,Fair,Fair
-88.72,16.24,93.27,0.89,224.5,Good,Good
-92.48,11.76,42.45,0.49,47.95,Fair,Fair
-85.96,19.57,88.42,1.06,204.29,Fair,Fair
-98.92,12.57,61.52,0.39,85.26,Fair,Fair
-85.42,18.39,85.54,0.93,203.73,Good,Good
-99.24,12.75,89.24,1.04,160.38,Fair,Fair
-92.45,13.17,43.07,0.46,70.59,Fair,Fair
-91.23,12.15,89.07,1.36,166.04,Fair,Fair
-95.54,14.49,108.36,1.42,212.33,Fair,Fair
-92.62,16.92,59.56,0.28,87.29,Good,Good
-95.8,13.38,45.19,0.0,68.72,Fair,Fair
-94.66,14.64,112.76,1.52,221.67,Fair,Fair
-96.09,12.04,76.86,0.41,147.48,Fair,Fair
-89.07,16.6,59.46,0.8,63.28,Good,Good
-92.75,14.1,70.88,0.64,139.51,Fair,Fair
-95.03,13.97,60.37,0.55,99.09,Fair,Fair
-89.18,15.62,100.71,0.92,210.89,Good,Good
-88.27,17.27,53.73,0.32,96.26,Good,Good
-93.44,15.06,63.82,0.51,88.84,Good,Good
-85.88,15.89,64.75,0.86,90.86,Good,Good
-97.98,12.36,70.13,0.54,130.78,Fair,Fair
-100.69,7.31,84.7,1.2,108.97,Poor,Poor
-96.21,16.5,76.43,0.79,138.84,Good,Good
-93.19,16.67,62.87,0.47,125.58,Good,Good
-94.96,12.43,51.07,0.0,75.2,Fair,Fair
-91.42,12.39,79.02,0.76,145.56,Fair,Fair
-86.0,16.97,94.75,1.27,193.19,Fair,Fair
-109.77,5.51,98.17,1.12,127.55,Poor,Poor
-96.37,9.74,71.62,0.5,140.22,Fair,Fair
-91.93,12.41,63.09,0.39,88.01,Fair,Fair
-91.3,13.53,89.55,0.89,175.32,Fair,Fair
-86.63,15.79,66.7,0.61,149.43,Good,Good
-98.97,11.75,68.82,0.42,96.92,Fair,Fair
-91.1,13.7,95.89,1.14,180.85,Fair,Fair
-89.78,14.91,77.98,0.61,170.59,Good,Good
-102.55,5.97,85.62,0.87,118.62,Fair,Fair
-102.15,9.21,47.94,0.47,58.98,Fair,Fair
-102.59,6.08,68.2,0.9,100.37,Fair,Fair
-86.3,17.1,72.03,0.7,134.02,Good,Good
-98.65,11.13,93.43,1.04,156.45,Fair,Fair
-103.62,7.21,77.54,0.56,97.07,Fair,Fair
-97.56,13.03,59.25,0.13,97.11,Fair,Fair
-94.13,14.54,94.4,1.16,197.43,Fair,Fair
-98.92,12.63,77.05,0.59,156.09,Fair,Fair
-91.13,15.61,70.63,0.6,145.8,Good,Good
-95.23,11.07,74.86,0.5,123.45,Fair,Fair
-83.58,16.82,54.78,0.34,116.38,Good,Good
-85.08,17.18,82.98,1.43,182.56,Fair,Fair
-92.11,15.17,75.47,0.82,161.55,Good,Good
-91.15,12.05,113.52,1.5,227.65,Fair,Fair
-90.57,16.22,90.94,1.17,220.38,Fair,Fair
-88.87,14.23,81.86,0.79,168.63,Fair,Fair
-81.44,16.2,72.35,0.63,143.4,Good,Good
-90.3,15.35,72.76,0.62,117.92,Good,Good
-85.36,18.33,78.41,0.58,153.5,Good,Good
-94.3,8.85,97.53,0.88,158.96,Fair,Fair
-99.55,9.19,110.05,1.38,180.39,Poor,Poor
-89.43,13.47,41.95,0.74,73.0,Good,Good
-107.61,6.57,40.11,0.38,30.09,Poor,Poor
-105.17,7.17,53.62,0.24,56.74,Fair,Fair
-87.12,13.23,104.13,0.94,235.03,Fair,Fair
-105.26,9.82,29.47,0.25,45.73,Fair,Fair
-101.41,8.5,55.03,0.22,65.45,Fair,Fair
-98.02,10.67,81.33,0.95,140.76,Fair,Fair
-102.22,7.12,48.41,0.77,36.31,Fair,Fair
-103.81,8.57,44.17,0.28,38.03,Fair,Fair
-90.24,15.09,69.86,1.08,150.29,Fair,Fair
-108.01,5.89,75.68,0.56,97.02,Fair,Fair
-93.64,15.61,85.29,1.07,161.14,Fair,Fair
-105.23,7.52,45.15,0.06,51.92,Fair,Fair
-88.15,14.71,87.88,0.8,153.56,Fair,Fair
-90.11,17.2,84.34,0.85,182.1,Fair,Fair
-88.6,14.13,54.42,0.43,84.49,Good,Good
-107.25,5.88,64.01,0.95,73.92,Fair,Fair
-104.96,6.04,89.6,1.46,135.32,Poor,Poor
-103.15,7.65,73.98,0.88,106.37,Fair,Fair
-95.45,10.36,63.26,0.66,99.54,Fair,Fair
-96.26,13.57,98.91,1.1,213.01,Fair,Fair
-100.79,7.15,60.03,0.48,74.64,Fair,Fair
-99.99,12.12,157.93,4.67,138.23,Poor,Poor
-104.52,12.03,83.72,0.64,146.52,Fair,Fair
-86.13,15.74,122.6,1.53,262.48,Fair,Fair
-89.87,13.66,68.78,0.65,144.28,Good,Good
-88.34,16.3,83.15,0.85,170.27,Good,Good
-90.23,15.07,75.27,0.97,132.9,Good,Good
-103.89,3.71,70.13,0.63,83.4,Fair,Fair
-93.47,10.43,96.98,0.85,180.55,Fair,Fair
-97.89,11.68,64.4,0.56,107.02,Fair,Fair
-95.93,12.69,60.16,0.22,98.72,Fair,Fair
-87.7,17.83,87.16,0.8,214.63,Good,Good
-92.04,18.14,50.93,0.39,75.93,Good,Good
-90.69,10.23,65.68,0.82,84.42,Fair,Fair
-87.99,12.72,107.82,1.38,193.61,Fair,Fair
-105.67,3.88,93.28,0.97,126.16,Poor,Poor
-106.42,6.44,75.74,1.34,65.55,Poor,Poor
-89.02,17.61,38.1,0.25,73.83,Good,Good
-90.53,14.99,98.42,1.56,207.97,Fair,Fair
-93.38,12.8,106.37,1.34,231.49,Fair,Fair
-98.41,10.38,96.94,1.24,183.26,Fair,Fair
-105.6,7.54,51.03,0.33,68.42,Fair,Fair
-88.04,16.61,78.37,0.61,179.94,Good,Good
-88.29,18.05,75.02,0.62,164.09,Good,Good
-102.0,5.8,82.2,0.84,101.38,Fair,Fair
-104.45,6.95,80.02,0.74,97.93,Fair,Fair
-98.36,11.85,72.48,0.64,157.25,Fair,Fair
-93.72,14.67,90.67,1.11,192.02,Fair,Fair
-88.52,17.78,85.48,0.15,185.95,Good,Good
-90.93,14.61,80.73,1.01,161.57,Fair,Fair
-87.68,13.0,93.41,1.39,188.08,Fair,Fair
-100.77,9.95,45.53,0.57,34.96,Fair,Fair
-101.34,11.36,111.26,1.46,209.88,Fair,Fair
-91.48,15.39,92.91,1.3,194.54,Fair,Fair
-89.57,16.59,78.91,0.63,168.5,Good,Good
-97.06,11.77,79.53,0.29,144.15,Fair,Fair
-102.95,5.23,67.58,0.8,97.53,Fair,Fair
-90.34,15.47,74.61,0.43,120.31,Good,Good
-93.43,10.77,48.63,0.36,65.33,Fair,Fair
-99.42,11.48,68.79,0.48,103.66,Fair,Fair
-106.06,5.83,69.58,0.49,99.43,Fair,Fair
-88.25,15.51,71.27,0.84,130.22,Good,Good
-103.46,7.61,64.89,0.21,108.6,Fair,Fair
-87.16,15.45,58.66,0.41,101.07,Good,Good
-87.62,18.21,61.91,0.0,114.57,Good,Good
-85.5,16.9,112.66,1.55,278.66,Fair,Fair
-92.03,12.9,66.74,0.83,126.22,Fair,Fair
-105.87,5.89,98.45,0.85,127.77,Poor,Poor
-100.43,6.48,49.11,0.0,62.19,Fair,Fair
-86.57,17.91,63.69,0.42,149.96,Good,Good
-89.55,18.22,50.13,0.33,102.17,Good,Good
-85.7,18.44,55.03,0.04,134.83,Good,Good
-82.64,16.36,59.16,0.11,115.97,Good,Good
-84.86,17.75,94.28,1.0,211.6,Good,Good
-91.41,15.1,88.39,0.84,203.98,Fair,Fair
-89.37,15.32,58.45,0.36,99.52,Good,Good
-104.74,8.24,62.25,0.35,55.42,Fair,Fair
-103.4,8.77,55.46,0.18,62.67,Fair,Fair
-98.96,13.31,63.83,0.57,112.25,Fair,Fair
-86.9,14.9,113.76,1.56,247.99,Fair,Fair
-99.4,11.06,92.22,0.42,152.41,Fair,Fair
-100.95,6.82,65.98,0.13,66.93,Fair,Fair
-89.6,14.62,108.85,1.42,225.67,Fair,Fair
-82.65,19.34,60.51,0.25,111.02,Good,Good
-87.47,17.64,67.79,0.46,162.34,Good,Good
-83.16,22.21,66.95,0.48,135.83,Good,Good
-86.77,14.37,56.98,0.42,84.89,Good,Good
-88.36,15.83,93.53,0.53,206.77,Good,Good
-89.62,13.3,97.33,1.5,205.57,Fair,Fair
-88.01,18.48,51.12,0.83,99.93,Good,Good
-88.92,14.61,90.87,1.24,189.81,Fair,Fair
-101.17,7.54,46.8,0.16,42.75,Fair,Fair
-93.45,15.19,103.58,1.14,217.49,Fair,Fair
-105.26,4.54,57.85,0.12,34.09,Poor,Poor
-96.76,11.01,103.98,1.12,189.65,Fair,Fair
-86.26,16.66,75.48,0.34,158.63,Good,Good
-94.97,11.16,120.47,1.65,217.23,Fair,Fair
-90.37,16.64,50.52,0.0,90.64,Good,Good
-91.67,16.98,77.48,0.76,157.19,Good,Good
-105.54,7.49,74.95,0.93,105.65,Fair,Fair
-83.56,17.02,88.17,0.77,208.76,Good,Good
-94.13,13.11,110.24,1.49,215.43,Fair,Fair
-96.1,10.78,89.24,1.04,140.0,Fair,Fair
-86.8,17.27,67.08,0.54,120.26,Good,Good
-94.87,13.67,93.85,0.65,183.12,Fair,Fair
-101.01,7.97,97.04,1.1,147.0,Poor,Poor
-104.06,8.01,67.38,0.46,96.94,Fair,Fair
-88.83,16.55,60.9,0.35,92.45,Good,Good
-109.75,9.32,91.81,0.94,141.76,Poor,Poor
-90.97,15.24,72.58,0.5,168.66,Good,Good
-91.76,14.12,67.7,0.32,106.06,Fair,Fair
-89.12,13.05,81.31,0.95,128.49,Fair,Fair
-86.87,17.59,75.59,1.07,173.59,Good,Good
-87.65,15.29,99.08,1.05,234.58,Fair,Fair
-80.76,17.62,68.07,0.65,121.49,Good,Good
-88.68,18.21,74.95,0.85,165.68,Good,Good
-86.91,15.78,63.0,0.7,138.77,Good,Good
-91.23,14.34,94.56,1.36,182.31,Fair,Fair
-87.3,20.74,75.7,0.72,180.89,Good,Good
-87.34,15.08,84.17,0.91,199.3,Good,Good
-90.22,17.19,67.57,0.67,157.22,Good,Good
-88.61,14.95,73.78,0.51,139.77,Good,Good
-87.22,14.34,49.25,0.36,85.1,Good,Good
-86.76,20.63,52.41,0.3,106.91,Good,Good
-87.81,12.83,72.47,0.71,138.59,Good,Good
-98.23,11.14,73.79,0.82,112.62,Fair,Fair
-100.71,7.82,77.47,0.55,118.09,Fair,Fair
-104.31,4.58,77.23,0.68,113.84,Fair,Fair
-84.76,17.55,92.9,0.97,189.07,Good,Good
-88.5,17.51,93.27,0.87,214.55,Good,Good
-82.12,18.44,51.72,0.49,83.2,Good,Good
-97.51,12.23,65.25,0.5,108.37,Fair,Fair
-86.41,18.04,64.99,0.83,117.66,Good,Good
-86.8,17.76,73.69,0.48,137.83,Good,Good
-93.49,15.82,94.32,0.79,190.0,Fair,Fair
-89.3,14.17,92.88,0.9,170.51,Fair,Fair
-100.18,11.85,93.19,1.05,124.19,Fair,Fair
-82.75,13.37,97.16,1.39,197.96,Fair,Fair
-104.19,11.68,93.44,1.29,153.96,Fair,Fair
-87.77,15.3,52.51,0.44,129.85,Good,Good
-84.22,18.43,73.38,0.44,180.75,Good,Good
-94.22,12.67,78.98,0.67,154.98,Fair,Fair
-96.89,11.07,78.05,0.95,107.49,Fair,Fair
-93.22,16.33,61.07,0.29,126.3,Good,Good
-85.93,14.23,94.67,0.77,187.46,Fair,Fair
-99.91,7.9,47.47,0.02,46.06,Fair,Fair
-107.93,7.55,94.57,1.22,141.06,Poor,Poor
-83.9,16.09,72.91,0.58,154.59,Good,Good
-104.75,5.6,57.5,0.59,50.61,Fair,Fair
-105.19,6.65,80.39,0.49,115.92,Poor,Poor
-102.28,5.5,82.89,1.03,105.35,Poor,Poor
-88.79,15.94,105.22,1.29,249.36,Fair,Fair
-101.68,7.17,50.88,0.3,27.89,Fair,Fair
-82.41,15.98,109.74,1.49,228.79,Fair,Fair
-99.14,8.35,59.52,0.71,68.88,Fair,Fair
-100.17,12.5,74.9,0.67,132.33,Fair,Fair
-92.56,12.29,78.77,0.93,159.01,Fair,Fair
-103.59,11.89,166.39,7.36,123.8,Poor,Poor
-102.12,5.57,66.95,0.05,99.78,Fair,Fair
-87.59,11.22,115.04,1.5,226.41,Fair,Fair
-102.43,11.25,54.3,0.31,81.69,Fair,Fair
-106.42,8.25,75.61,0.9,117.1,Fair,Fair
-91.63,13.95,96.25,0.83,178.67,Fair,Fair
-87.02,19.22,75.63,0.77,158.37,Good,Good
-104.19,6.98,58.97,0.73,48.39,Fair,Fair
-91.21,13.56,69.4,0.54,117.42,Fair,Fair
-87.1,14.21,117.79,1.72,277.62,Fair,Fair
-93.59,10.45,64.02,0.59,93.01,Fair,Fair
-87.81,14.02,110.76,0.97,226.8,Fair,Fair
-100.53,9.45,102.05,0.84,178.2,Fair,Fair
-89.55,14.69,118.87,1.58,286.46,Fair,Fair
-88.68,15.47,49.18,0.25,103.5,Good,Good
-81.27,20.77,50.6,0.34,91.77,Good,Good
-100.71,7.16,51.59,0.0,28.16,Fair,Fair
-99.24,3.72,74.41,0.49,76.47,Fair,Fair
-98.93,12.15,76.79,0.61,133.1,Fair,Fair
-86.94,15.76,79.71,0.59,159.55,Good,Good
-88.75,15.71,96.57,1.06,210.53,Fair,Fair
-104.11,4.06,78.54,0.51,95.79,Fair,Fair
-107.12,6.27,78.67,0.84,91.89,Fair,Fair
-96.49,12.02,98.1,1.2,174.65,Fair,Fair
-89.83,15.31,82.04,1.41,175.18,Fair,Fair
-88.84,16.27,77.81,0.28,133.45,Good,Good
-89.47,12.47,94.95,0.94,220.99,Fair,Fair
-85.15,17.39,81.41,0.88,171.65,Good,Good
-94.95,14.38,85.45,0.5,174.63,Fair,Fair
-96.55,12.47,46.2,0.06,71.3,Fair,Fair
-82.58,16.81,81.82,1.31,193.04,Fair,Fair
-97.26,8.09,93.21,1.02,153.0,Poor,Poor
-91.11,13.58,89.39,1.37,180.89,Fair,Fair
-99.94,11.73,72.27,0.35,100.1,Fair,Fair
-100.44,13.31,59.88,0.47,81.65,Fair,Fair
-95.05,16.74,75.08,0.71,161.55,Good,Good
-101.67,8.43,52.21,0.17,39.21,Fair,Fair
-87.9,15.0,69.67,0.87,138.5,Good,Good
-81.38,17.98,67.81,0.36,145.49,Good,Good
-97.41,12.79,57.48,0.5,73.96,Fair,Fair
-111.01,7.12,75.07,0.57,86.75,Fair,Fair
-89.54,13.67,74.56,0.48,145.45,Good,Good
-104.02,8.84,53.4,0.45,81.24,Fair,Fair
-89.32,16.36,52.34,0.06,116.98,Good,Good
-100.24,5.88,37.29,0.0,24.28,Fair,Fair
-102.47,9.12,46.92,0.29,56.7,Fair,Fair
-94.63,13.19,106.7,1.45,215.41,Fair,Fair
-91.75,16.97,51.05,0.23,91.07,Good,Good
-91.97,14.35,78.62,1.13,168.46,Fair,Fair
-83.15,18.22,57.67,0.59,99.59,Good,Good
-103.26,7.03,57.88,0.21,102.73,Fair,Fair
-85.46,15.61,54.48,0.37,108.84,Good,Good
-89.97,15.5,95.76,1.36,210.56,Fair,Fair
-85.71,16.8,102.49,1.29,216.73,Fair,Fair
-87.7,18.89,84.15,1.2,227.23,Fair,Fair
-101.15,9.62,82.19,0.52,137.52,Fair,Fair
-90.97,16.89,76.0,0.52,152.11,Good,Good
-93.05,15.46,74.13,1.1,155.48,Fair,Fair
-106.0,6.09,89.88,0.91,140.04,Poor,Poor
-84.68,18.54,76.7,1.14,177.41,Good,Good
-91.73,14.82,88.65,0.71,147.99,Fair,Fair
-91.06,16.5,56.72,0.69,49.07,Fair,Good
-98.21,11.38,95.42,1.09,175.22,Fair,Fair
-94.28,7.91,77.14,0.94,108.15,Fair,Fair
-96.54,14.25,71.87,0.64,98.04,Fair,Fair
-91.13,18.56,54.51,0.59,95.42,Good,Good
-101.67,12.12,101.6,1.09,200.21,Fair,Fair
-94.55,13.65,93.17,1.42,203.69,Fair,Fair
-90.7,11.53,57.22,0.29,84.36,Fair,Fair
-88.29,17.35,82.17,1.1,199.7,Fair,Fair
-100.1,6.8,66.86,0.47,79.65,Fair,Fair
-92.49,15.4,88.33,1.0,205.99,Fair,Fair
-104.14,6.19,58.83,0.32,68.35,Fair,Fair
-81.89,13.87,99.48,1.25,197.58,Fair,Fair
-92.73,14.94,51.9,0.29,93.38,Fair,Fair
-95.57,15.17,84.53,0.74,188.83,Fair,Fair
-93.73,14.63,59.77,0.12,106.3,Fair,Fair
-93.7,15.28,90.8,0.9,180.23,Fair,Fair
-87.12,17.45,81.5,0.75,168.71,Good,Good
-98.87,14.56,71.03,0.52,126.66,Fair,Fair
-102.95,5.02,57.67,0.44,58.61,Fair,Fair
-94.82,14.76,94.68,1.08,189.01,Fair,Fair
-97.58,16.92,100.9,1.17,245.19,Fair,Fair
-86.49,18.42,58.63,0.07,115.5,Good,Good
-102.65,7.91,52.26,0.42,60.03,Fair,Fair
-106.1,5.7,84.39,0.57,106.04,Poor,Poor
-88.8,16.42,92.44,1.1,219.7,Fair,Fair
-103.56,7.82,48.44,0.56,38.43,Fair,Fair
-97.61,12.71,113.3,1.81,217.61,Fair,Fair
-108.83,9.53,58.0,0.38,65.43,Fair,Fair
-87.39,17.12,60.15,0.53,94.7,Good,Good
-110.03,5.81,72.75,0.49,103.75,Fair,Fair
-89.58,13.72,66.76,0.7,155.24,Good,Good
-102.17,10.31,97.58,1.07,168.7,Fair,Fair
-98.02,12.84,75.89,1.17,114.13,Fair,Fair
-96.84,11.04,69.87,0.61,101.46,Fair,Fair
-94.03,12.71,72.29,0.99,132.87,Fair,Fair
-103.72,9.63,72.81,0.28,86.9,Fair,Fair
-101.19,5.97,55.12,0.38,48.3,Fair,Fair
-102.46,8.61,58.69,0.8,49.58,Fair,Fair
-99.59,6.87,41.73,0.58,54.93,Fair,Fair
-97.77,9.34,87.88,1.16,149.08,Poor,Poor
-83.81,16.39,78.59,1.0,174.22,Good,Good
-83.78,17.54,78.86,0.48,175.92,Good,Good
-84.58,16.55,62.74,0.65,138.61,Good,Good
-92.75,15.32,86.87,0.55,179.63,Fair,Fair
-94.63,13.11,80.76,1.26,146.26,Fair,Fair
-85.33,14.25,123.33,1.38,297.54,Fair,Fair
-103.31,7.26,74.09,0.82,101.46,Fair,Fair
-104.93,6.25,58.25,0.0,66.04,Fair,Fair
-99.7,8.88,78.3,0.77,117.42,Fair,Fair
-98.44,9.75,48.9,0.0,57.77,Fair,Fair
-82.79,14.0,74.28,0.81,131.79,Good,Good
-90.18,17.97,109.05,1.55,284.51,Fair,Fair
-88.52,18.01,105.77,1.07,248.05,Fair,Fair
-99.25,10.23,44.1,0.2,63.89,Fair,Fair
-95.59,11.46,64.17,0.9,119.56,Fair,Fair
-88.83,14.38,86.78,0.56,189.36,Fair,Fair
-90.06,15.85,56.01,0.26,94.1,Good,Good
-87.95,14.82,92.34,0.98,177.23,Fair,Fair
-90.94,15.36,56.73,0.63,90.79,Good,Good
-105.48,8.28,48.26,0.41,41.91,Poor,Poor
-94.56,12.42,63.62,0.8,92.31,Fair,Fair
-85.19,16.62,93.0,1.3,193.78,Fair,Fair
-97.15,10.48,73.33,0.8,91.62,Fair,Fair
-94.25,15.22,87.17,0.89,158.51,Fair,Fair
-106.12,5.91,63.08,0.71,44.87,Poor,Poor
-102.58,7.54,54.13,0.0,53.6,Fair,Fair
-86.11,16.54,59.97,0.38,101.49,Good,Good
-87.32,11.89,75.16,0.65,114.17,Good,Good
-86.81,18.76,74.44,1.03,170.52,Good,Good
-87.13,13.95,104.62,1.35,210.59,Fair,Fair
-82.55,17.49,68.13,0.37,119.32,Good,Good
-89.56,16.69,53.8,0.0,96.76,Good,Good
-102.0,6.4,41.39,0.22,36.45,Fair,Fair
-81.06,18.87,89.08,1.29,195.62,Fair,Fair
-93.55,12.81,45.04,0.32,65.37,Fair,Fair
-93.93,16.82,97.46,1.08,174.79,Fair,Fair
-99.78,12.63,94.9,1.14,166.03,Fair,Fair
-97.98,12.6,71.89,0.77,112.37,Fair,Fair
-95.83,12.12,85.07,0.81,141.25,Fair,Fair
-96.51,13.91,80.61,0.66,97.33,Fair,Fair
-104.84,6.3,68.34,0.45,97.98,Fair,Fair
-96.74,14.06,59.2,0.28,125.92,Fair,Fair
-103.65,11.42,113.23,0.83,206.93,Fair,Fair
-91.57,16.77,65.06,0.48,126.64,Good,Good
-86.22,20.48,63.05,0.45,142.86,Good,Good
-83.47,17.95,88.66,0.92,190.05,Good,Good
-83.77,15.72,71.02,0.51,134.52,Good,Good
-91.8,14.28,102.98,1.41,222.91,Fair,Fair
-93.11,14.31,81.85,1.31,182.59,Fair,Fair
-83.61,20.06,89.47,0.77,232.45,Good,Good
-93.56,11.18,65.81,0.83,84.89,Fair,Fair
-93.0,14.77,92.36,0.89,187.71,Fair,Fair
-93.56,14.43,74.54,0.92,126.51,Fair,Fair
-84.23,17.13,50.47,0.0,87.38,Good,Good
-92.49,13.18,97.57,1.11,194.76,Fair,Fair
-84.35,13.86,86.3,0.76,161.19,Fair,Fair
-89.93,14.99,50.67,0.71,94.79,Good,Good
-101.08,8.65,35.38,0.16,29.77,Fair,Fair
-87.84,14.85,60.23,0.37,100.84,Good,Good
-94.75,13.73,59.64,0.39,74.31,Fair,Fair
-94.12,14.21,94.85,0.93,181.68,Fair,Fair
-92.05,17.98,62.13,0.77,85.91,Good,Good
-89.06,16.63,53.03,0.25,90.62,Good,Good
-93.2,11.06,69.55,0.58,107.63,Fair,Fair
-100.77,6.78,59.37,0.38,100.46,Fair,Fair
-90.46,18.61,56.86,0.0,96.59,Good,Good
-105.36,6.13,77.09,0.81,113.37,Fair,Fair
-89.54,16.03,60.06,0.39,83.75,Good,Good
-101.33,9.13,108.43,1.45,190.78,Poor,Poor
-87.44,16.4,103.02,1.31,251.58,Fair,Fair
-98.25,10.34,64.68,1.08,87.37,Fair,Fair
-99.61,8.27,99.89,0.92,165.21,Fair,Fair
-90.32,15.92,60.72,0.4,98.13,Good,Good
-101.98,5.09,54.79,0.11,53.35,Fair,Fair
-99.84,12.39,92.88,0.9,145.58,Fair,Fair
-96.32,11.02,96.46,1.17,178.3,Fair,Fair
-93.46,13.2,93.18,1.31,199.51,Fair,Fair
-102.67,5.97,71.61,0.36,91.66,Fair,Fair
-81.6,17.54,56.83,0.53,122.73,Good,Good
-101.17,9.32,114.79,1.43,205.91,Poor,Poor
-88.85,15.53,53.19,0.57,89.55,Good,Good
-100.98,8.9,104.27,1.64,180.45,Poor,Poor
-84.76,18.27,80.59,0.28,181.76,Good,Good
-106.4,7.33,63.96,0.74,71.18,Fair,Fair
-87.21,17.26,72.43,0.79,147.71,Good,Good
-101.27,12.75,74.23,0.76,149.17,Fair,Fair
-87.19,17.69,88.58,0.61,191.6,Good,Good
-104.2,8.22,61.57,0.19,104.24,Fair,Fair
-93.68,12.94,59.34,0.49,121.44,Fair,Fair
-86.92,18.59,65.08,0.91,151.55,Good,Good
-95.03,14.19,78.8,0.82,170.58,Fair,Fair
-95.88,13.39,61.96,0.16,93.4,Fair,Fair
-96.48,15.47,88.56,0.89,194.33,Fair,Fair
-90.71,14.33,66.29,0.67,109.86,Fair,Fair
-84.82,19.33,55.8,0.52,98.02,Good,Good
-90.6,15.92,97.25,1.02,215.49,Fair,Fair
-91.16,16.16,82.83,0.9,142.57,Fair,Fair
-94.26,15.89,88.63,0.86,175.02,Fair,Fair
-91.83,14.89,97.81,0.8,200.61,Fair,Fair
-88.41,15.13,110.49,1.44,264.03,Fair,Fair
-93.88,14.1,94.05,1.21,191.0,Fair,Fair
-94.27,12.63,116.83,1.27,226.52,Fair,Fair
-84.53,19.66,81.06,0.87,176.78,Good,Good
-95.98,10.96,53.56,0.45,90.94,Fair,Fair
-102.22,6.39,68.14,0.32,107.26,Fair,Fair
-91.59,14.52,73.89,0.59,140.92,Fair,Fair
-97.39,14.76,90.89,1.76,189.01,Fair,Fair
-87.54,18.05,89.09,1.17,229.86,Fair,Fair
-94.95,11.4,105.69,1.37,219.89,Fair,Fair
-89.99,13.02,90.79,1.2,148.71,Fair,Fair
-95.59,11.61,93.64,1.21,167.3,Fair,Fair
-83.58,19.57,85.82,0.86,196.98,Good,Good
-88.25,16.28,84.92,0.99,187.0,Good,Good
-96.25,12.92,52.58,0.27,78.04,Fair,Fair
-94.44,11.15,62.19,0.68,86.36,Fair,Fair
-98.63,13.33,95.24,1.06,196.6,Fair,Fair
-106.19,6.62,58.35,0.24,68.27,Fair,Fair
-103.1,7.29,40.19,0.12,45.77,Fair,Fair
-87.96,14.83,48.79,0.28,61.76,Good,Good
-94.66,11.15,91.64,1.48,152.97,Fair,Fair
-100.36,7.42,59.03,0.5,77.47,Fair,Fair
-86.98,16.78,124.05,1.96,285.79,Fair,Fair
-88.04,14.82,71.04,0.61,157.61,Good,Good
-101.37,7.66,42.82,0.08,34.62,Fair,Fair
-95.41,13.23,83.75,0.54,170.17,Fair,Fair
-97.98,14.99,118.86,1.29,237.98,Fair,Fair
-106.15,6.79,57.78,0.43,79.74,Fair,Fair
-97.45,13.32,99.32,0.99,189.09,Fair,Fair
-88.61,12.15,99.54,1.13,175.61,Fair,Fair
-94.31,10.55,66.56,0.8,83.91,Fair,Fair
-87.4,19.77,56.15,0.54,121.01,Good,Good
-91.75,16.11,89.98,0.43,210.53,Fair,Fair
-88.23,14.95,117.44,1.84,299.23,Fair,Fair
-86.73,16.84,73.38,0.62,156.65,Good,Good
-87.23,13.62,71.55,0.52,120.66,Good,Good
-102.1,6.23,73.54,1.11,108.03,Fair,Fair
-89.82,16.09,46.06,0.35,68.65,Good,Good
-86.17,16.16,61.42,0.44,116.73,Good,Good
-106.75,6.39,87.03,0.59,124.73,Poor,Poor
-95.64,10.66,61.49,0.35,60.97,Fair,Fair
-83.14,19.74,55.19,0.59,104.07,Good,Good
-95.17,9.38,63.51,0.22,84.95,Fair,Fair
-93.86,14.04,50.97,0.05,82.77,Fair,Fair
-91.08,10.8,93.55,1.22,157.35,Fair,Fair
-84.45,16.43,79.23,0.98,160.74,Good,Good
-90.96,16.93,105.96,1.35,236.04,Fair,Fair
-91.7,16.09,82.91,0.68,150.51,Fair,Fair
-90.63,16.65,73.47,1.26,148.96,Fair,Fair
-99.21,9.96,97.06,1.0,184.35,Fair,Fair
-102.37,7.63,46.16,0.31,63.43,Fair,Fair
-92.47,14.55,79.16,0.26,151.19,Fair,Fair
-85.01,18.64,76.31,0.76,163.25,Good,Good
-96.01,14.37,80.6,0.6,150.37,Fair,Fair
-89.68,15.11,66.17,0.61,138.55,Good,Good
-100.43,8.47,111.69,4.2,41.43,Poor,Poor
-99.02,8.14,48.87,0.54,60.02,Fair,Fair
-93.31,11.89,84.74,0.91,137.06,Fair,Fair
-91.12,14.53,67.16,0.49,117.95,Fair,Fair
-85.15,18.67,57.13,0.92,127.86,Good,Good
-85.54,21.33,88.07,1.06,234.07,Fair,Fair
-103.26,7.83,43.83,0.35,47.89,Fair,Fair
-106.99,6.39,46.76,0.41,31.03,Poor,Poor
-83.28,13.88,54.63,0.53,81.99,Good,Good
-105.34,5.81,80.53,1.28,117.83,Poor,Poor
-95.59,14.36,46.53,0.0,81.98,Fair,Fair
-94.68,13.08,89.21,1.28,194.79,Fair,Fair
-90.67,14.68,64.88,0.28,103.92,Fair,Fair
-94.29,14.17,58.55,0.41,103.97,Fair,Fair
-103.55,6.39,62.49,0.32,56.44,Fair,Fair
-97.41,15.65,43.24,0.37,62.36,Good,Good
-105.23,9.75,41.86,0.34,39.18,Poor,Poor
-92.63,14.75,44.79,0.31,70.48,Fair,Fair
-97.02,12.34,77.23,0.5,135.62,Fair,Fair
-91.09,17.45,75.6,1.14,184.98,Fair,Fair
-83.77,15.34,88.87,0.49,176.84,Good,Good
-100.24,6.06,59.02,0.4,89.99,Fair,Fair
-90.7,15.8,46.33,0.07,86.0,Good,Good
-105.13,4.23,64.34,0.89,76.98,Fair,Fair
-90.76,14.98,78.68,1.24,128.69,Fair,Fair
-93.21,12.24,69.87,0.53,104.24,Fair,Fair
-83.33,20.11,91.99,1.13,240.89,Fair,Fair
-98.75,8.23,52.43,0.64,34.36,Fair,Fair
-91.59,14.22,95.95,1.53,171.49,Fair,Fair
-81.55,19.13,44.13,0.17,87.96,Good,Good
-93.93,13.63,46.35,0.0,84.87,Fair,Fair
-93.14,12.93,73.87,0.75,177.89,Fair,Fair
-85.35,17.17,84.25,0.82,144.0,Good,Good
-87.44,15.98,64.66,0.63,96.37,Good,Good
-101.96,12.32,71.7,0.74,119.24,Fair,Fair
-87.75,15.88,89.56,1.16,174.93,Fair,Fair
-97.21,12.79,55.77,0.7,75.85,Fair,Fair
-100.91,8.23,48.12,0.14,56.61,Fair,Fair
-99.37,8.11,96.38,1.18,145.79,Poor,Poor
-102.24,9.23,56.79,0.61,44.96,Fair,Fair
-97.45,12.11,52.1,0.17,87.46,Fair,Fair
-85.91,16.32,89.71,0.89,177.02,Good,Good
-100.72,9.92,97.74,1.19,158.45,Poor,Poor
-92.63,14.69,96.54,0.9,215.56,Fair,Fair
-104.35,7.56,68.82,0.71,95.92,Fair,Fair
-102.47,6.2,88.03,1.2,145.84,Poor,Poor
-105.39,7.04,42.19,0.23,35.74,Poor,Poor
-85.14,16.98,75.5,1.06,175.74,Good,Good
-103.17,8.21,63.92,0.0,98.24,Fair,Fair
-94.5,8.48,40.89,0.03,22.5,Poor,Poor
-99.7,8.22,45.98,0.52,74.9,Fair,Fair
-96.37,12.32,98.6,1.22,184.26,Fair,Fair
-101.16,8.56,67.44,0.47,80.93,Fair,Fair
-98.77,11.11,87.71,0.6,168.8,Fair,Fair
-98.2,14.12,76.13,0.93,117.49,Fair,Fair
-97.6,11.48,69.85,0.54,126.04,Fair,Fair
-92.19,14.93,93.61,1.09,198.67,Fair,Fair
-88.84,17.24,60.17,0.45,118.22,Good,Good
-82.55,18.64,57.21,0.27,118.33,Good,Good
-99.92,8.36,104.25,1.03,175.5,Poor,Poor
-85.76,17.15,103.63,1.64,258.08,Fair,Fair
-94.02,12.09,55.29,0.21,84.43,Fair,Fair
-97.77,8.64,137.6,6.9,59.22,Poor,Poor
-89.56,17.23,78.63,0.55,172.18,Good,Good
-90.13,16.55,77.38,0.81,163.91,Good,Good
-90.73,19.95,65.38,0.41,111.93,Good,Good
-102.53,7.38,51.09,0.26,64.95,Fair,Fair
-99.74,10.48,81.22,1.0,150.18,Fair,Fair
-92.75,12.96,65.6,0.69,135.85,Fair,Fair
-106.72,6.29,70.16,0.58,100.6,Fair,Fair
-104.53,7.59,63.94,0.27,100.61,Fair,Fair
-100.07,9.48,68.62,0.4,121.59,Fair,Fair
-87.17,17.6,73.87,0.41,165.05,Good,Good
-87.11,20.18,82.58,0.58,157.79,Good,Good
-86.2,14.09,101.58,1.44,216.13,Fair,Fair
-86.92,17.81,64.0,0.52,95.8,Good,Good
-84.49,17.08,52.39,0.59,79.88,Good,Good
-84.4,16.7,95.26,0.8,212.8,Good,Good
-85.94,20.33,70.41,1.1,150.6,Good,Good
-91.24,17.1,59.79,0.7,92.89,Good,Good
-83.04,17.15,95.3,1.1,198.19,Fair,Fair
-89.81,13.9,113.95,1.39,248.74,Fair,Fair
-92.3,16.13,59.01,0.48,115.63,Good,Good
-83.36,16.5,71.85,0.72,123.45,Good,Good
-98.35,7.83,96.27,1.35,151.06,Poor,Poor
-88.67,16.06,85.87,0.46,174.46,Good,Good
-96.14,14.42,58.8,0.63,120.01,Fair,Fair
-100.2,8.29,65.18,0.62,73.65,Fair,Fair
-82.13,16.02,91.64,0.84,183.1,Good,Good
-93.53,17.66,62.05,0.48,129.23,Good,Good
-85.74,15.14,76.67,0.83,149.47,Good,Good
-93.46,14.7,93.9,0.95,186.85,Fair,Fair
-103.13,5.52,45.01,0.55,49.34,Fair,Fair
-96.04,10.59,106.06,1.01,209.78,Fair,Fair
-95.43,12.02,93.57,0.99,169.25,Fair,Fair
-102.07,11.01,85.48,0.9,157.47,Fair,Fair
-91.63,17.59,90.03,1.22,213.1,Fair,Fair
-91.54,15.37,49.91,0.36,68.66,Good,Good
-81.8,18.13,76.44,0.76,162.94,Good,Good
-87.92,13.22,93.2,1.03,159.3,Fair,Fair
-83.09,18.28,66.18,0.54,121.59,Good,Good
-83.96,17.13,48.9,0.54,90.25,Good,Good
-91.71,14.38,67.23,0.7,96.29,Fair,Fair
-83.84,15.03,68.64,0.75,77.58,Good,Good
-91.52,11.29,50.57,0.62,64.26,Fair,Fair
-88.55,14.17,63.15,1.04,127.09,Fair,Fair
-86.14,19.1,78.2,1.05,191.46,Good,Good
-90.09,15.29,65.59,0.36,130.73,Good,Good
-115.59,5.93,139.91,5.48,122.34,Poor,Poor
-96.74,8.68,75.35,0.67,107.95,Fair,Fair
-103.43,6.94,99.59,0.74,110.61,Fair,Fair
-93.14,13.4,110.49,1.28,254.37,Fair,Fair
-96.3,10.26,66.36,0.37,89.49,Fair,Fair
-108.19,3.46,110.95,3.89,35.59,Poor,Poor
-89.41,12.29,119.26,1.3,248.83,Fair,Fair
-88.75,15.88,91.09,0.99,194.27,Good,Good
-92.85,16.8,61.45,0.58,114.15,Good,Good
-93.54,13.24,92.64,1.18,165.0,Fair,Fair
-89.45,15.31,80.17,1.03,125.51,Fair,Fair
-106.36,8.24,88.96,0.71,131.69,Poor,Poor
-90.99,19.48,81.01,1.2,183.33,Fair,Fair
-101.05,10.91,45.85,0.74,34.27,Fair,Fair
-83.73,17.73,81.38,0.93,182.96,Good,Good
-85.34,19.18,75.27,1.22,168.61,Good,Good
-87.85,16.53,49.14,0.45,67.82,Good,Good
-93.19,15.62,93.3,1.14,208.09,Fair,Fair
-91.12,13.94,103.06,1.24,218.71,Fair,Fair
-103.06,10.64,51.32,0.35,62.02,Fair,Fair
-83.85,17.54,71.97,0.4,148.44,Good,Good
-76.82,16.5,67.87,0.26,151.58,Good,Good
-94.34,14.29,75.11,0.98,133.8,Fair,Fair
-92.84,13.5,104.74,1.24,218.77,Fair,Fair
-89.93,15.28,68.58,0.4,100.73,Good,Good
-101.77,8.01,52.35,0.4,81.97,Fair,Fair
-93.67,11.49,73.82,0.74,134.12,Fair,Fair
-94.82,15.41,78.94,1.13,183.58,Fair,Fair
-97.81,9.76,88.46,1.41,181.06,Poor,Poor
-103.06,3.2,66.87,0.71,79.39,Fair,Fair
-88.27,16.65,113.02,1.32,275.34,Fair,Fair
-85.06,15.88,87.39,1.22,173.65,Fair,Fair
-97.85,12.51,78.13,0.51,115.03,Fair,Fair
-87.63,14.64,57.89,0.44,64.15,Good,Good
-92.0,15.73,78.72,0.41,146.27,Good,Good
-92.04,14.38,105.48,1.21,213.37,Fair,Fair
-90.65,15.95,68.84,1.11,136.87,Fair,Fair
-93.38,13.83,53.06,0.0,64.04,Fair,Fair
-102.74,8.48,69.78,0.54,94.92,Fair,Fair
-91.7,15.84,49.72,0.0,91.11,Good,Good
-100.95,12.38,71.34,1.08,113.83,Fair,Fair
-96.31,12.49,85.15,0.85,184.17,Fair,Fair
-90.53,14.26,88.03,0.47,165.15,Fair,Fair
-82.17,16.7,99.88,1.83,211.15,Fair,Fair
-108.34,9.72,60.03,0.62,89.56,Fair,Fair
-104.84,5.63,76.36,0.59,113.35,Fair,Fair
-90.76,14.28,75.36,0.99,146.79,Fair,Fair
-87.69,12.25,100.23,0.64,222.49,Fair,Fair
-85.27,16.0,103.22,1.1,225.84,Fair,Fair
-84.44,17.05,84.6,1.07,183.92,Fair,Fair
-96.0,12.4,74.17,0.32,115.45,Fair,Fair
-98.13,11.11,57.55,0.28,59.28,Fair,Fair
-91.24,16.07,124.4,1.77,268.45,Fair,Fair
-90.38,16.66,104.08,0.99,228.54,Fair,Fair
-93.57,13.52,72.41,0.64,133.52,Fair,Fair
-103.13,6.44,48.35,0.64,52.01,Fair,Fair
-98.43,9.0,44.73,0.38,33.42,Fair,Fair
-106.52,7.72,50.22,0.46,49.02,Poor,Poor
-100.86,9.61,58.58,0.19,93.24,Fair,Fair
-102.4,11.18,99.65,0.75,192.43,Fair,Fair
-95.86,13.39,48.79,0.53,68.43,Fair,Fair
-104.48,7.9,49.63,0.42,46.83,Fair,Fair
-89.87,13.42,89.07,1.18,157.97,Fair,Fair
-97.34,14.39,67.16,0.44,103.24,Fair,Fair
-82.1,18.02,58.9,0.54,123.54,Good,Good
-103.17,6.9,64.65,0.6,106.61,Fair,Fair
-87.32,17.12,96.13,1.35,175.67,Fair,Fair
-86.43,16.84,53.03,0.28,85.84,Good,Good
-91.58,14.87,76.45,0.82,159.53,Fair,Fair
-89.7,17.4,76.03,1.05,216.68,Good,Good
-86.53,14.49,66.54,0.78,129.31,Good,Good
-86.59,14.61,81.23,0.68,159.2,Fair,Fair
-103.6,8.13,65.19,0.37,87.64,Fair,Fair
-118.62,-0.09,145.36,7.32,69.53,Poor,Poor
-95.75,11.17,83.37,0.08,150.39,Fair,Fair
-85.43,17.25,64.57,0.8,137.94,Good,Good
-99.55,12.14,78.69,0.58,175.57,Fair,Fair
-96.51,13.15,60.85,0.38,82.07,Fair,Fair
-98.23,14.95,56.94,0.0,78.85,Fair,Fair
-101.97,6.85,69.26,0.75,94.56,Fair,Fair
-89.11,13.54,116.19,1.53,248.59,Fair,Fair
-89.15,18.74,65.42,0.77,113.5,Good,Good
-97.28,13.02,59.47,0.28,122.43,Fair,Fair
-108.19,7.91,52.44,0.26,56.64,Fair,Fair
-84.02,18.54,62.83,1.2,113.9,Good,Good
-87.4,16.0,63.78,0.54,98.38,Good,Good
-87.95,15.49,65.85,0.73,104.66,Good,Good
-93.59,15.96,85.76,0.98,150.77,Fair,Fair
-103.27,9.96,73.05,0.56,121.37,Fair,Fair
-95.6,16.02,85.71,0.89,158.89,Fair,Fair
-96.72,10.62,81.99,0.64,155.77,Fair,Fair
-103.35,7.35,59.3,0.42,84.86,Fair,Fair
-103.33,7.82,74.9,0.54,105.29,Fair,Fair
-103.89,6.35,71.07,0.0,99.15,Fair,Fair
-80.64,19.74,41.42,0.53,86.9,Good,Good
-86.23,17.93,63.0,0.31,124.26,Good,Good
-89.21,19.9,83.04,1.06,188.1,Fair,Fair
-92.67,13.33,110.34,1.41,213.75,Fair,Fair
-97.58,6.22,59.31,0.0,73.43,Fair,Fair
-95.91,10.68,54.49,0.0,74.86,Fair,Fair
-100.24,12.42,53.96,0.0,85.01,Fair,Fair
-105.14,6.94,63.77,0.49,79.56,Fair,Fair
-97.07,13.88,84.64,0.79,183.65,Fair,Fair
-88.77,17.21,64.33,0.13,98.44,Good,Good
-104.6,6.72,62.81,0.53,93.19,Fair,Fair
-88.35,16.59,98.53,0.78,212.38,Good,Good
-101.87,6.37,67.81,0.68,95.86,Fair,Fair
-90.57,18.96,63.57,0.39,100.07,Good,Good
-99.26,11.94,83.39,0.86,144.91,Fair,Fair
-86.77,17.44,88.06,0.77,194.44,Good,Good
-91.42,14.56,79.85,0.97,153.75,Fair,Fair
-79.65,17.85,60.9,0.67,114.56,Good,Good
-90.45,15.15,49.86,0.08,78.47,Good,Good
-97.01,12.83,80.11,0.55,141.06,Fair,Fair
-104.71,7.99,43.85,0.38,41.27,Fair,Fair
-101.71,7.25,61.23,0.28,63.91,Fair,Fair
-95.51,13.95,50.38,0.37,86.42,Fair,Fair
-89.85,15.75,107.84,1.18,230.77,Fair,Fair
-87.51,16.35,70.53,0.56,143.57,Good,Good
-96.33,11.53,82.4,1.03,135.74,Fair,Fair
-94.9,10.91,86.0,0.95,162.85,Fair,Fair
-101.7,6.96,47.22,0.15,42.64,Fair,Fair
-82.77,17.82,62.33,0.35,105.06,Good,Good
-87.78,15.33,55.4,0.39,101.07,Good,Good
-89.33,14.28,71.61,1.07,135.57,Fair,Fair
-86.16,16.48,63.01,0.33,131.82,Good,Good
-90.77,15.5,74.33,0.53,144.92,Good,Good
-88.91,16.75,103.8,1.28,222.73,Fair,Fair
-89.29,16.66,54.78,0.51,86.42,Good,Good
-88.46,15.65,63.3,0.02,106.42,Good,Good
-107.16,6.55,53.59,0.33,67.84,Fair,Fair
-98.71,8.55,75.96,0.47,64.84,Fair,Fair
-88.68,18.69,84.05,1.28,169.24,Fair,Fair
-81.84,15.85,89.39,1.72,186.6,Fair,Fair
-82.87,20.48,61.51,0.52,96.19,Good,Good
-91.49,18.39,86.46,0.62,190.8,Fair,Fair
-99.05,10.68,68.53,0.82,107.73,Fair,Fair
-107.03,7.28,114.96,4.23,58.36,Poor,Poor
-91.8,12.79,96.02,1.09,213.69,Fair,Fair
-98.78,11.54,72.34,0.82,122.37,Fair,Fair
-86.24,17.3,58.8,0.59,77.78,Good,Good
-106.53,12.98,153.41,6.74,134.07,Poor,Poor
-87.65,16.97,80.43,0.58,155.22,Good,Good
-92.37,14.08,87.78,1.28,171.6,Fair,Fair
-101.19,13.14,102.86,1.55,214.21,Fair,Fair
-81.76,16.67,79.7,0.52,152.74,Good,Good
-95.98,7.95,40.05,0.0,28.74,Fair,Fair
-89.99,14.03,79.87,0.88,138.68,Good,Good
-92.28,13.49,92.73,1.3,184.67,Fair,Fair
-102.03,5.94,70.57,0.53,100.28,Fair,Fair
-100.78,7.48,46.3,0.29,43.34,Fair,Fair
-90.85,11.62,95.93,0.93,188.41,Fair,Fair
-82.54,18.91,47.38,0.54,92.74,Good,Good
-85.63,15.78,96.93,1.41,212.08,Fair,Fair
-89.41,15.9,57.33,0.36,84.86,Good,Good
-90.81,16.03,75.12,0.72,116.3,Good,Good
-96.26,10.9,68.36,0.67,103.28,Fair,Fair
-95.8,15.13,58.32,0.23,79.44,Good,Good
-87.92,15.63,60.79,0.34,83.31,Good,Good
-95.73,12.85,101.37,1.5,208.02,Fair,Fair
-91.75,13.32,75.98,0.4,161.63,Fair,Fair
-96.66,12.84,60.74,0.45,119.14,Fair,Fair
-96.88,10.63,67.58,0.35,87.19,Fair,Fair
-93.44,14.99,98.12,0.92,207.54,Fair,Fair
-89.12,12.73,60.29,0.23,90.24,Good,Good
-99.07,14.11,48.66,0.24,60.0,Fair,Fair
-97.64,11.03,115.06,1.36,216.83,Fair,Fair
-92.15,17.78,94.11,0.95,225.34,Fair,Fair
-96.31,12.78,48.62,0.07,68.53,Fair,Fair
-89.45,20.03,60.44,0.98,89.45,Good,Good
-97.56,14.36,67.47,0.5,94.64,Fair,Fair
-88.99,16.31,116.41,1.3,289.5,Fair,Fair
-103.19,7.37,59.57,0.77,55.94,Fair,Fair
-101.54,8.33,112.31,1.61,171.03,Poor,Poor
-95.72,10.53,94.96,1.27,173.24,Fair,Fair
-101.63,8.79,47.81,0.92,36.63,Fair,Fair
-106.64,6.23,56.1,0.41,64.9,Fair,Fair
-95.14,9.89,67.99,0.18,111.25,Fair,Fair
-95.68,12.39,78.66,0.74,147.09,Fair,Fair
-100.2,7.33,70.05,0.66,100.69,Fair,Fair
-85.81,18.69,70.62,0.33,136.58,Good,Good
-84.24,18.92,71.67,0.8,118.68,Good,Good
-90.45,15.85,79.61,0.69,191.82,Good,Good
-91.59,13.01,56.35,0.51,74.39,Fair,Fair
-91.83,18.42,48.84,0.0,99.61,Good,Good
-94.56,14.46,72.37,0.09,126.35,Fair,Fair
-107.93,4.87,49.25,0.48,64.92,Fair,Fair
-97.01,11.32,104.77,1.11,190.91,Fair,Fair
-97.7,9.25,82.78,0.74,126.8,Fair,Fair
-105.08,10.24,68.82,0.23,113.43,Fair,Fair
-99.32,12.68,51.67,0.31,75.89,Fair,Fair
-86.71,15.89,66.09,0.88,118.75,Good,Good
-93.25,17.3,82.23,1.01,163.58,Fair,Fair
-108.91,6.66,66.28,0.82,73.63,Fair,Fair
-85.14,16.85,95.76,1.44,222.62,Fair,Fair
-87.78,17.3,41.93,0.13,78.27,Good,Good
-95.28,12.65,89.35,0.87,162.32,Fair,Fair
-97.89,10.84,85.61,0.9,149.07,Fair,Fair
-99.6,13.49,45.74,0.42,62.73,Fair,Fair
-90.03,16.76,111.21,1.24,269.89,Fair,Fair
-85.62,20.5,62.05,0.29,119.12,Good,Good
-92.65,11.83,81.29,0.93,148.27,Fair,Fair
-102.18,7.71,53.15,0.17,57.75,Fair,Fair
-87.65,16.85,59.78,0.55,104.32,Good,Good
-102.45,8.07,83.24,0.7,135.91,Fair,Fair
-107.39,7.4,48.21,0.19,54.96,Fair,Fair
-102.49,9.49,86.93,0.77,154.86,Fair,Fair
-104.47,7.74,56.27,0.46,68.72,Fair,Fair
-96.8,13.43,105.96,1.59,223.16,Fair,Fair
-87.45,13.34,87.44,0.91,150.74,Fair,Fair
-90.71,16.19,51.3,0.28,101.73,Good,Good
-102.83,4.26,79.81,0.71,116.76,Fair,Fair
-89.72,15.15,59.09,0.4,97.28,Good,Good
-92.59,11.87,92.89,0.98,170.35,Fair,Fair
-104.24,6.39,57.53,0.46,70.36,Fair,Fair
-91.21,11.17,56.66,0.1,83.68,Fair,Fair
-92.42,13.13,81.13,1.29,162.91,Fair,Fair
-97.39,12.1,59.1,0.11,58.46,Fair,Fair
-90.53,14.38,77.35,0.72,174.17,Fair,Fair
-84.24,16.53,79.25,0.49,145.1,Good,Good
-105.12,7.53,55.25,0.33,83.93,Fair,Fair
-84.53,14.49,85.3,0.93,160.34,Fair,Fair
-84.93,14.31,88.91,1.12,195.28,Fair,Fair
-101.29,10.98,77.24,1.0,88.28,Fair,Fair
-87.04,21.15,51.58,0.42,122.01,Good,Good
-86.97,16.31,56.58,0.7,84.06,Good,Good
-90.18,12.18,49.46,0.44,84.31,Fair,Fair
-99.38,11.82,76.5,0.78,131.57,Fair,Fair
-99.71,8.77,51.46,0.04,55.23,Fair,Fair
-110.94,1.84,91.5,5.27,46.22,Poor,Poor
-97.55,11.64,67.72,0.44,124.24,Fair,Fair
-88.73,15.76,77.72,0.36,126.03,Good,Good
-87.73,19.61,81.24,0.61,196.95,Good,Good
-92.23,14.5,95.62,0.87,208.04,Fair,Fair
-94.07,11.25,109.65,1.52,201.37,Fair,Fair
-85.1,18.49,70.96,0.9,121.81,Good,Good
-88.41,17.55,65.72,0.63,124.13,Good,Good
-104.35,5.31,84.52,0.95,104.08,Fair,Fair
-102.72,6.41,88.56,1.0,120.36,Fair,Fair
-84.56,17.75,83.91,0.43,155.93,Good,Good
-100.64,13.16,80.52,0.76,157.91,Fair,Fair
-93.41,16.03,70.67,1.12,93.64,Fair,Fair
-99.5,10.48,64.23,0.27,112.89,Fair,Fair
-100.55,7.62,44.22,0.16,52.4,Fair,Fair
-94.11,16.1,60.38,0.78,116.89,Good,Good
-94.52,11.06,77.33,1.15,120.9,Fair,Fair
-93.03,11.63,105.18,1.1,194.71,Fair,Fair
-89.77,15.02,86.55,0.32,175.8,Good,Good
-101.93,7.57,75.66,0.34,111.78,Fair,Fair
-87.18,17.52,55.03,0.64,92.78,Good,Good
-120.56,0.69,112.36,3.72,63.67,Poor,Poor
-95.22,14.76,73.94,0.48,131.62,Fair,Fair
-121.7,1.58,123.02,3.21,47.3,Poor,Poor
-100.93,10.2,98.71,1.05,164.76,Fair,Fair
-88.22,16.71,69.78,1.0,124.13,Good,Good
-82.19,15.92,85.33,1.13,166.41,Fair,Fair
-101.0,7.3,53.22,0.4,60.9,Fair,Fair
-96.62,11.43,78.25,1.02,124.82,Fair,Fair
-96.92,11.9,57.62,0.42,77.21,Fair,Fair
-92.24,11.43,45.56,0.0,48.99,Fair,Fair
-106.45,7.42,77.16,0.57,123.15,Fair,Fair
-93.31,12.27,78.72,1.27,120.89,Fair,Fair
-91.0,17.55,89.58,0.91,186.06,Fair,Fair
-99.48,11.56,95.66,0.91,189.2,Fair,Fair
-91.83,14.35,64.2,0.61,105.08,Fair,Fair
-93.97,13.92,57.65,0.5,89.07,Fair,Fair
-94.34,16.02,56.31,0.41,84.99,Good,Good
-96.32,12.05,57.25,0.11,72.8,Fair,Fair
-100.27,14.94,51.02,0.2,82.9,Fair,Fair
-84.38,17.11,107.09,1.28,242.71,Fair,Fair
-96.94,10.95,49.78,0.39,70.89,Fair,Fair
-92.75,11.84,61.15,0.03,80.29,Fair,Fair
-90.04,13.84,92.32,1.03,203.31,Fair,Fair
-91.07,14.96,76.41,1.17,146.46,Fair,Fair
-90.35,15.89,53.55,0.27,108.95,Good,Good
-83.2,17.8,72.14,0.64,137.62,Good,Good
-94.61,13.83,50.28,0.24,78.72,Fair,Fair
-81.87,18.75,69.2,0.67,176.41,Good,Good
-97.27,11.07,89.99,0.88,148.3,Fair,Fair
-88.36,16.38,65.88,0.88,156.41,Good,Good
-99.84,11.23,80.58,0.78,145.89,Fair,Fair
-94.21,14.13,73.57,0.85,149.4,Fair,Fair
-89.86,17.06,71.34,0.02,165.72,Good,Good
-84.78,14.38,65.1,0.48,124.22,Good,Good
-88.47,15.6,93.41,1.02,186.3,Fair,Fair
-93.89,15.32,45.69,0.3,64.91,Good,Good
-94.65,14.2,77.65,0.48,164.94,Fair,Fair
-83.45,16.95,54.05,0.18,68.38,Good,Good
-98.16,9.62,85.25,0.75,133.53,Fair,Fair
-101.28,6.63,49.38,0.18,52.98,Fair,Fair
-96.48,13.38,40.09,0.04,33.34,Fair,Fair
-90.63,17.59,77.92,0.56,171.05,Good,Good
-90.25,16.02,55.25,0.06,69.08,Good,Good
-94.56,14.91,88.24,0.76,214.73,Fair,Fair
-87.19,14.59,62.99,0.53,101.53,Good,Good
-98.4,12.66,51.58,0.37,54.42,Fair,Fair
-91.16,14.17,59.35,0.33,87.68,Fair,Fair
-85.08,16.84,76.85,0.23,201.73,Good,Good
-94.13,13.12,64.21,0.62,98.38,Fair,Fair
-86.22,16.67,94.2,0.92,212.39,Good,Good
-103.6,9.65,95.14,0.89,148.76,Fair,Fair
-85.11,19.49,74.82,0.43,165.58,Good,Good
-80.17,19.62,74.26,0.82,147.64,Good,Good
-102.48,8.46,47.02,0.02,63.56,Fair,Fair
-97.9,11.93,88.77,1.02,182.62,Fair,Fair
-94.42,12.7,94.48,1.04,191.01,Fair,Fair
-103.0,5.97,50.06,0.47,47.35,Fair,Fair
-92.46,15.66,62.65,0.6,110.47,Good,Good
-100.86,7.69,56.19,0.0,65.51,Fair,Fair
-83.75,16.9,90.24,1.12,197.2,Fair,Fair
-93.28,13.35,70.8,0.41,159.68,Fair,Fair
-93.17,12.47,64.48,0.19,116.31,Fair,Fair
-111.86,6.89,97.61,4.44,62.01,Poor,Poor
-94.17,11.59,58.07,0.24,106.77,Fair,Fair
-96.79,11.85,83.59,0.57,133.03,Fair,Fair
-92.5,15.61,57.38,0.5,102.69,Good,Good
-87.26,18.63,64.35,0.14,116.12,Good,Good
-88.33,15.89,89.05,0.62,198.95,Good,Good
-97.12,9.61,73.06,0.64,102.41,Fair,Fair
-87.6,14.01,50.47,0.26,82.66,Good,Good
-83.54,19.78,71.27,0.26,174.11,Good,Good
-93.72,12.46,78.61,0.38,130.44,Fair,Fair
-92.53,16.01,64.52,0.59,115.17,Good,Good
-86.8,14.53,49.86,0.59,89.88,Good,Good
-89.19,16.84,61.87,0.15,95.01,Good,Good
-88.57,14.72,56.29,0.15,98.97,Good,Good
-85.32,16.53,103.16,1.29,234.82,Fair,Fair
-102.22,4.7,56.33,0.32,57.99,Fair,Fair
-83.52,18.87,60.37,0.44,89.12,Good,Good
-104.54,6.24,88.0,0.54,127.87,Fair,Fair
-80.98,17.76,55.51,0.49,141.1,Good,Good
-89.19,16.09,116.95,1.38,252.96,Fair,Fair
-90.01,13.72,79.91,1.23,157.18,Fair,Fair
-90.84,12.0,104.38,1.13,207.0,Fair,Fair
-86.48,18.89,60.88,1.05,109.24,Good,Good
-103.18,7.55,37.56,0.65,16.88,Fair,Fair
-85.88,19.0,61.84,0.55,114.04,Good,Good
-88.53,15.1,78.06,0.22,127.13,Good,Good
-94.33,14.01,87.0,1.08,167.8,Fair,Fair
-100.19,12.1,106.64,1.6,198.4,Fair,Fair
-95.64,13.31,65.15,0.45,108.75,Fair,Fair
-107.57,5.13,97.31,1.17,135.59,Poor,Poor
-83.91,15.7,61.06,0.23,123.28,Good,Good
-84.97,15.2,50.71,0.09,65.87,Good,Good
-84.54,18.43,53.09,0.4,146.82,Good,Good
-105.3,8.78,60.54,0.18,78.14,Fair,Fair
-88.42,17.51,112.9,1.18,301.31,Fair,Fair
-98.55,9.24,100.23,1.54,179.31,Poor,Poor
-91.14,14.2,84.12,0.44,163.82,Fair,Fair
-91.35,16.49,48.36,0.33,57.28,Good,Good
-98.21,7.95,67.11,0.0,89.92,Fair,Fair
-105.2,8.96,66.37,0.83,88.59,Fair,Fair
-105.79,7.52,45.3,0.62,69.5,Fair,Fair
-92.71,12.29,102.3,1.28,191.95,Fair,Fair
-94.2,16.45,82.84,1.19,154.36,Fair,Fair
-85.92,17.54,45.23,0.32,82.76,Good,Good
-97.21,11.93,92.64,1.43,206.31,Fair,Fair
-88.75,16.51,76.19,0.57,162.69,Good,Good
-104.55,5.8,60.8,0.55,79.01,Fair,Fair
-87.76,19.75,77.26,0.64,183.61,Good,Good
-105.67,6.48,77.05,0.64,108.17,Fair,Fair
-91.65,13.9,108.92,1.07,221.78,Fair,Fair
-87.26,16.76,124.35,1.37,286.83,Fair,Fair
-106.0,9.04,79.06,0.65,109.61,Fair,Fair
-94.84,13.26,91.58,1.01,170.41,Fair,Fair
-85.35,15.44,108.67,1.66,263.77,Fair,Fair
-82.41,21.2,64.97,0.61,102.79,Good,Good
-84.99,18.36,89.9,0.77,204.67,Good,Good
-91.21,16.25,74.08,0.7,123.41,Good,Good
-96.25,9.05,98.69,1.43,152.06,Poor,Poor
-86.76,15.36,105.77,0.81,223.28,Good,Good
-98.34,15.0,60.07,0.53,122.24,Good,Good
-88.32,15.99,113.67,1.25,260.9,Fair,Fair
-93.43,18.14,68.77,0.68,130.44,Good,Good
-106.15,6.83,44.42,0.45,45.74,Poor,Poor
-103.87,8.68,75.18,1.14,123.86,Fair,Fair
-96.21,10.77,57.52,0.89,89.31,Fair,Fair
-103.75,5.59,70.63,0.63,97.77,Fair,Fair
-97.88,10.48,108.03,0.85,203.0,Fair,Fair
-93.32,16.98,54.94,0.32,113.54,Good,Good
-91.63,13.92,59.17,0.61,111.72,Fair,Fair
-84.18,18.25,65.19,0.07,157.83,Good,Good
-96.92,13.01,85.61,1.08,151.09,Fair,Fair
-86.41,14.88,87.42,0.63,195.74,Fair,Fair
-88.39,12.24,61.51,0.85,107.57,Good,Good
-94.42,9.93,91.48,0.82,159.34,Fair,Fair
-88.72,17.7,64.51,0.35,127.2,Good,Good
-88.82,17.22,62.32,0.25,95.55,Good,Good
-90.1,14.16,56.83,0.0,89.16,Fair,Fair
-88.2,15.42,61.44,0.77,95.91,Good,Good
-107.69,8.1,70.06,0.34,118.11,Fair,Fair
-90.25,13.95,65.65,0.27,125.23,Fair,Fair
-108.19,4.9,62.78,0.17,95.91,Fair,Fair
-85.72,17.8,134.05,1.96,321.98,Fair,Fair
-97.8,10.89,94.05,1.16,168.23,Fair,Fair
-105.03,7.04,77.81,1.2,107.14,Poor,Poor
-90.61,10.12,121.73,6.07,91.77,Poor,Poor
-89.08,15.68,77.18,0.64,142.62,Good,Good
-96.8,11.15,79.63,0.78,126.29,Fair,Fair
-103.12,12.83,72.09,0.71,118.88,Fair,Fair
-91.64,15.21,61.17,0.74,132.57,Good,Good
-100.25,11.72,75.43,0.88,131.12,Fair,Fair
-86.24,17.19,96.05,1.26,213.06,Fair,Fair
-102.73,11.9,75.58,0.54,147.14,Fair,Fair
-89.21,17.04,108.6,1.2,225.07,Fair,Fair
-98.42,12.05,117.47,4.34,49.51,Poor,Poor
-103.74,6.86,54.52,0.08,64.4,Fair,Fair
-89.43,16.85,66.71,0.96,128.54,Good,Good
-86.76,15.59,46.83,0.1,66.74,Good,Good
-100.47,10.63,107.58,0.87,186.9,Fair,Fair
-88.54,13.33,82.96,0.86,184.19,Fair,Fair
-84.31,19.27,51.9,0.54,103.88,Good,Good
-85.15,17.69,66.14,0.78,90.25,Good,Good
-100.96,12.36,80.17,1.18,167.27,Fair,Fair
-81.68,17.91,68.38,0.44,143.4,Good,Good
-92.47,13.89,73.65,0.6,175.31,Fair,Fair
-101.36,6.83,67.9,0.7,81.62,Fair,Fair
-87.34,17.93,59.94,0.38,118.86,Good,Good
-86.3,16.78,78.09,0.89,179.89,Good,Good
-107.9,7.87,55.3,0.58,87.94,Fair,Fair
-90.42,16.21,103.82,1.23,250.03,Fair,Fair
-90.16,14.86,80.75,0.75,168.46,Fair,Fair
-85.22,15.11,59.54,0.56,97.24,Good,Good
-86.22,17.92,83.84,0.97,194.5,Good,Good
-106.53,8.6,70.12,1.02,106.48,Poor,Poor
-102.68,8.19,68.35,0.52,90.3,Fair,Fair
-96.89,13.49,108.0,1.72,266.67,Fair,Fair
-87.76,16.95,103.17,1.15,198.35,Fair,Fair
-89.78,16.0,96.8,1.08,215.73,Fair,Fair
-96.07,12.07,51.26,0.52,64.35,Fair,Fair
-96.71,15.66,121.3,1.8,264.59,Fair,Fair
-94.53,13.73,44.09,0.09,64.52,Fair,Fair
-91.76,15.39,100.37,0.85,222.44,Fair,Fair
-86.93,15.79,104.81,0.83,221.76,Good,Good
-88.58,16.19,50.97,0.5,86.65,Good,Good
-95.29,12.6,58.37,0.36,76.17,Fair,Fair
-95.21,16.65,77.1,0.65,144.35,Good,Good
-87.01,14.59,84.25,0.44,148.45,Fair,Fair
-90.67,12.91,55.06,0.57,101.37,Fair,Fair
-99.73,8.73,114.57,1.35,183.27,Poor,Poor
-92.3,14.33,90.92,0.82,177.9,Fair,Fair
-104.58,5.74,70.25,0.78,79.28,Fair,Fair
-88.61,14.27,92.29,1.16,146.62,Fair,Fair
-99.54,11.9,76.38,0.77,134.78,Fair,Fair
-80.92,18.33,57.88,0.34,121.28,Good,Good
-80.58,19.36,85.31,0.74,196.18,Good,Good
-96.01,11.2,45.03,0.61,69.26,Fair,Fair
-88.41,13.5,83.46,1.25,196.79,Fair,Fair
-89.67,16.2,108.41,1.07,227.85,Fair,Fair
-91.95,13.61,99.35,1.05,214.52,Fair,Fair
-92.75,14.68,98.04,1.26,181.12,Fair,Fair
-102.27,11.68,86.76,1.04,157.89,Fair,Fair
-85.46,15.88,91.13,0.85,211.72,Good,Good
-86.16,17.02,93.73,0.79,228.23,Good,Good
-101.5,8.03,74.07,0.58,115.58,Fair,Fair
-86.67,16.38,52.97,0.44,84.47,Good,Good
-90.38,17.34,75.27,0.64,148.09,Good,Good
-85.41,17.12,73.87,0.6,161.19,Good,Good
-103.28,5.29,70.93,0.22,66.39,Fair,Fair
-92.49,12.96,58.0,0.39,92.78,Fair,Fair
-85.39,21.63,50.48,0.22,105.01,Good,Good
-97.76,12.64,108.5,0.84,197.63,Fair,Fair
-100.93,5.8,60.81,0.16,61.17,Fair,Fair
-88.45,16.71,83.78,1.04,158.01,Fair,Fair
-101.93,8.86,98.11,1.31,165.56,Poor,Poor
-89.73,14.91,99.05,1.6,207.62,Fair,Fair
-96.67,14.38,102.94,1.07,243.8,Fair,Fair
-102.32,7.27,56.89,0.0,41.58,Fair,Fair
-90.8,17.49,81.57,1.11,188.25,Fair,Fair
-90.15,13.16,65.25,0.67,96.43,Fair,Fair
-97.5,10.14,92.03,1.46,155.32,Fair,Fair
-88.96,16.09,59.43,0.08,86.68,Good,Good
-83.67,16.57,96.78,1.52,210.0,Fair,Fair
-93.57,14.91,124.71,1.61,272.3,Fair,Fair
-95.16,12.47,112.0,1.12,233.03,Fair,Fair
-104.57,6.44,44.68,0.0,49.68,Fair,Fair
-96.87,13.33,67.44,0.67,114.11,Fair,Fair
-86.97,12.95,70.83,0.36,146.04,Good,Good
-96.77,10.99,86.3,1.04,148.06,Fair,Fair
-91.39,17.33,57.85,0.65,113.16,Good,Good
-95.07,14.15,79.21,1.1,149.14,Fair,Fair
-91.9,14.53,116.65,1.27,267.79,Fair,Fair
-88.38,15.62,66.38,0.35,124.54,Good,Good
-91.63,17.78,59.37,0.03,102.66,Good,Good
-97.67,11.06,90.23,0.96,155.2,Fair,Fair
-83.98,18.67,59.94,0.33,102.37,Good,Good
-95.51,13.83,65.01,0.38,140.24,Fair,Fair
-102.61,6.94,48.8,0.35,44.54,Fair,Fair
-92.5,14.53,101.39,1.29,222.71,Fair,Fair
-103.34,6.96,78.7,0.78,88.62,Fair,Fair
-93.59,16.2,99.98,0.78,208.43,Fair,Fair
-82.34,18.3,56.68,0.45,103.87,Good,Good
-100.5,10.7,92.26,0.74,178.96,Fair,Fair
-86.28,19.27,61.17,0.51,140.32,Good,Good
-104.53,6.33,48.82,0.0,45.46,Fair,Fair
-85.11,18.3,49.74,0.5,106.36,Good,Good
-90.21,14.52,81.83,0.59,149.51,Fair,Fair
-98.44,12.86,104.09,1.15,211.71,Fair,Fair
-103.02,7.71,66.0,0.51,74.85,Fair,Fair
-97.83,12.22,78.76,0.87,160.14,Fair,Fair
-87.92,17.31,111.46,1.35,268.84,Fair,Fair
-89.5,14.97,54.56,0.1,89.19,Good,Good
-91.85,11.75,55.55,0.79,81.28,Fair,Fair
-100.03,10.98,39.19,0.0,58.49,Good,Good
-91.56,13.24,82.13,1.18,181.73,Fair,Fair
-103.49,5.66,96.67,0.95,121.9,Fair,Fair
-88.37,17.07,88.39,0.68,187.53,Good,Good
-93.24,15.38,97.35,1.21,201.47,Fair,Fair
-85.37,18.08,97.51,0.98,196.08,Good,Good
-98.93,9.25,80.76,1.08,136.88,Poor,Poor
-89.6,17.56,64.96,0.54,121.39,Good,Good
-91.57,13.95,72.52,0.42,159.05,Fair,Fair
-90.27,17.64,82.17,0.96,157.41,Fair,Fair
-100.98,7.33,43.79,0.0,33.16,Fair,Fair
-102.22,7.71,58.49,0.0,94.84,Fair,Fair
-102.2,6.34,41.4,0.19,55.65,Fair,Fair
-104.94,7.77,72.15,0.45,100.09,Fair,Fair
-106.32,7.36,82.29,0.82,127.54,Poor,Poor
-95.07,12.85,87.86,0.68,171.0,Fair,Fair
-82.59,15.06,70.16,0.85,126.59,Good,Good
-94.89,16.72,88.98,1.14,182.43,Fair,Fair
-106.47,8.43,45.55,0.0,33.85,Poor,Poor
-87.38,17.95,51.43,0.52,77.33,Good,Good
-98.17,13.46,56.45,0.34,113.33,Fair,Fair
-84.65,15.63,99.29,1.41,219.61,Fair,Fair
-88.48,16.6,48.55,0.0,73.66,Good,Good
-87.33,15.34,86.86,0.66,219.05,Good,Good
-91.26,16.28,113.45,1.58,257.38,Fair,Fair
-84.68,16.68,64.0,0.71,103.43,Good,Good
-88.61,16.61,80.75,0.8,153.73,Good,Good
-87.02,15.28,60.54,1.18,101.98,Good,Good
-95.87,13.32,82.04,1.19,153.07,Fair,Fair
-92.99,15.5,90.79,0.79,201.89,Fair,Fair
-83.66,15.09,68.34,0.79,142.38,Good,Good
-96.25,10.94,73.95,0.12,95.59,Fair,Fair
-93.04,13.29,48.77,0.21,83.47,Fair,Fair
-85.03,13.71,62.18,0.35,86.64,Good,Good
-102.46,9.09,49.61,0.31,50.87,Fair,Fair
-87.22,17.68,100.95,1.71,246.78,Fair,Fair
-93.16,12.25,90.73,0.89,166.85,Fair,Fair
-103.07,7.47,35.93,0.0,39.85,Fair,Fair
-90.99,11.94,66.71,0.88,112.61,Fair,Fair
-96.62,9.73,70.55,0.1,96.51,Fair,Fair
-104.03,8.26,44.48,0.53,39.11,Fair,Fair
-85.72,20.12,70.42,0.18,146.57,Good,Good
-91.62,14.86,62.07,0.45,75.92,Fair,Fair
-91.3,13.42,88.88,0.87,168.68,Fair,Fair
-89.87,14.79,62.99,0.56,99.71,Good,Good
-89.69,17.99,92.95,1.24,231.84,Fair,Fair
-95.72,12.16,72.31,0.54,146.12,Fair,Fair
-94.83,8.9,112.7,1.58,173.97,Poor,Poor
-81.57,16.78,61.11,0.01,93.52,Good,Good
-95.46,13.01,45.79,0.09,90.32,Fair,Fair
-86.51,16.2,51.41,0.52,67.55,Good,Good
-87.76,12.55,106.56,1.52,210.9,Fair,Fair
-88.21,13.51,101.93,1.65,212.64,Fair,Fair
-92.1,14.01,69.89,0.33,131.37,Fair,Fair
-94.82,12.46,121.14,1.2,229.61,Fair,Fair
-101.82,11.76,66.54,0.43,79.88,Fair,Fair
-81.69,14.9,51.11,0.2,70.91,Good,Good
-100.15,15.71,195.57,3.38,120.77,Fair,Fair
-100.95,10.99,103.8,1.37,201.05,Fair,Fair
-98.56,10.84,78.9,0.58,136.45,Fair,Fair
-83.32,19.77,60.12,0.8,111.69,Good,Good
-93.7,14.61,90.03,1.11,196.18,Fair,Fair
-88.74,14.08,69.15,0.8,137.38,Good,Good
-90.73,15.71,80.51,0.67,153.37,Fair,Fair
-89.57,12.75,132.22,1.8,275.04,Fair,Fair
-97.27,11.5,46.68,0.46,65.38,Fair,Fair
-92.44,16.92,52.41,0.65,98.35,Good,Good
-92.91,12.94,96.5,0.89,146.07,Fair,Fair
-97.32,11.74,79.65,0.66,111.25,Fair,Fair
-98.67,8.26,92.91,1.02,134.94,Poor,Poor
-91.2,13.12,116.01,1.47,247.56,Fair,Fair
-106.13,5.84,83.97,0.89,106.45,Poor,Poor
-88.17,14.64,87.4,0.75,170.84,Fair,Fair
-102.39,10.9,80.87,0.87,134.48,Fair,Fair
-95.51,11.64,65.89,0.49,106.31,Fair,Fair
-104.34,4.35,92.17,1.02,133.33,Poor,Poor
-85.21,15.05,69.51,1.1,134.07,Good,Good
-101.21,5.39,35.1,0.3,31.43,Fair,Fair
-90.15,17.61,77.12,0.5,148.11,Good,Good
-106.48,7.81,56.37,0.47,69.44,Fair,Fair
-89.04,15.91,80.67,1.37,161.04,Fair,Fair
-89.86,15.91,71.28,0.8,143.03,Good,Good
-101.86,6.47,62.41,1.14,67.13,Fair,Fair
-90.5,16.97,67.19,0.47,118.8,Good,Good
-88.9,13.86,82.23,1.06,168.14,Fair,Fair
-89.62,16.93,63.47,0.3,97.25,Good,Good
-97.94,13.07,80.62,0.89,139.51,Fair,Fair
-105.35,8.17,77.33,0.71,97.02,Fair,Fair
-86.2,13.68,59.34,0.64,89.49,Good,Good
-92.93,13.62,49.18,0.1,74.33,Fair,Fair
-91.69,13.93,64.12,0.71,140.44,Fair,Fair
-86.78,14.91,63.25,0.17,140.96,Good,Good
-86.21,15.11,68.85,0.56,116.02,Good,Good
-88.82,13.22,107.72,0.94,242.12,Fair,Fair
-105.66,4.72,81.1,0.98,92.0,Poor,Poor
-86.14,16.08,95.01,0.91,207.67,Good,Good
-103.14,6.69,60.16,0.18,66.82,Fair,Fair
-100.62,8.81,50.83,0.43,60.91,Fair,Fair
-105.32,8.0,61.41,0.45,100.12,Fair,Fair
-102.05,5.67,49.12,0.31,49.33,Fair,Fair
-103.41,10.33,89.21,0.68,172.43,Fair,Fair
-92.82,15.29,86.26,0.84,140.75,Fair,Fair
-89.92,15.54,72.31,0.65,139.23,Good,Good
-92.49,15.23,91.92,1.12,195.46,Fair,Fair
-85.17,18.68,79.15,1.16,158.0,Good,Good
-107.98,7.51,53.68,0.3,77.16,Fair,Fair
-103.32,6.85,56.69,0.41,53.71,Fair,Fair
-86.19,12.85,90.63,1.01,201.58,Fair,Fair
-88.17,15.07,89.85,1.39,186.19,Fair,Fair
-81.73,18.16,92.39,1.19,196.46,Fair,Fair
-101.55,12.62,41.37,0.62,39.79,Fair,Fair
-89.84,16.87,60.34,0.25,125.53,Good,Good
-106.08,8.17,38.9,0.0,51.1,Fair,Fair
-86.64,14.07,119.57,1.87,264.94,Fair,Fair
-90.93,13.89,94.96,0.68,183.12,Fair,Fair
-89.36,16.04,50.17,0.28,104.24,Good,Good
-88.92,14.77,84.11,0.71,161.34,Fair,Fair
-94.68,13.14,70.59,0.28,110.54,Fair,Fair
-95.7,11.68,56.09,0.26,73.69,Fair,Fair
-90.19,17.85,39.18,0.33,63.89,Good,Good
-94.9,11.41,62.93,0.7,99.32,Fair,Fair
-87.93,14.6,87.15,0.66,161.61,Fair,Fair
-86.29,13.48,74.54,0.78,136.7,Good,Good
-91.14,14.98,95.81,1.11,203.32,Fair,Fair
-99.89,10.53,66.48,0.54,108.35,Fair,Fair
-87.76,16.08,76.08,0.25,152.91,Good,Good
-87.19,14.23,111.07,1.28,250.86,Fair,Fair
-86.71,14.87,98.51,1.09,233.22,Fair,Fair
-88.08,16.69,64.25,0.73,107.86,Good,Good
-100.42,10.34,97.54,1.16,152.15,Fair,Fair
-83.53,14.95,118.34,1.6,240.82,Fair,Fair
-91.55,13.08,100.12,0.79,189.1,Fair,Fair
-92.33,17.09,70.47,0.67,189.95,Good,Good
-93.15,14.64,67.32,0.28,158.93,Fair,Fair
-100.7,6.63,49.33,0.08,59.33,Fair,Fair
-101.96,8.61,75.89,0.23,106.31,Fair,Fair
-85.32,16.93,65.42,0.4,129.02,Good,Good
-90.79,16.09,131.07,1.92,296.93,Fair,Fair
-97.79,12.78,68.84,0.21,145.05,Fair,Fair
-107.08,7.34,85.47,0.88,118.58,Poor,Poor
-87.27,16.65,43.95,0.44,74.28,Good,Good
-104.89,6.37,73.19,0.3,86.93,Fair,Fair
-92.58,17.38,77.21,0.61,172.84,Good,Good
-89.26,20.76,59.34,0.45,132.51,Good,Good
-93.67,17.77,42.91,0.16,53.48,Good,Good
-88.63,14.69,86.56,1.18,163.57,Fair,Fair
-90.91,18.27,53.81,0.69,109.28,Good,Good
-88.12,16.79,124.96,1.75,307.99,Fair,Fair
-88.91,16.03,82.84,0.78,169.41,Good,Good
-89.32,15.12,60.9,0.75,107.12,Good,Good
-98.26,10.35,87.04,0.74,124.03,Fair,Fair
-107.09,5.64,56.71,0.0,79.75,Fair,Fair
-84.6,18.74,76.65,0.7,168.59,Good,Good
-105.95,7.01,69.36,0.35,81.33,Fair,Fair
-92.65,14.31,84.35,1.12,148.27,Fair,Fair
-103.18,7.5,65.69,0.58,88.18,Fair,Fair
-104.65,7.31,53.18,0.27,69.52,Fair,Fair
-94.46,10.44,47.91,0.0,76.47,Fair,Fair
-98.65,12.05,80.18,0.76,149.27,Fair,Fair
-100.95,3.94,64.66,0.5,83.63,Fair,Fair
-99.09,14.49,109.72,1.84,255.73,Fair,Fair
-94.52,13.8,93.79,0.94,180.1,Fair,Fair
-85.31,15.56,103.81,1.17,205.91,Fair,Fair
-81.41,21.2,62.55,0.23,138.72,Good,Good
-99.25,9.77,61.28,0.1,99.78,Fair,Fair
-92.7,14.48,64.3,0.5,103.18,Fair,Fair
-94.24,12.37,112.43,0.98,244.31,Fair,Fair
-93.33,15.19,76.39,0.61,146.18,Good,Good
-95.2,14.06,102.98,1.08,215.49,Fair,Fair
-92.37,14.31,94.49,1.37,197.64,Fair,Fair
-93.07,12.29,92.63,1.33,168.1,Fair,Fair
-82.9,16.04,58.95,0.43,100.0,Good,Good
-100.61,9.73,48.19,0.0,46.84,Fair,Fair
-105.45,8.19,49.53,0.25,88.27,Fair,Fair
-102.97,4.04,61.74,0.57,70.91,Fair,Fair
-97.07,10.47,78.04,0.94,126.45,Fair,Fair
-86.86,15.77,70.16,0.58,140.75,Good,Good
-87.72,16.49,85.57,0.92,186.42,Good,Good
-84.16,16.63,69.88,0.29,149.5,Good,Good
-98.71,11.75,96.57,0.59,172.67,Fair,Fair
-105.62,6.11,61.97,0.49,46.12,Poor,Poor
-94.74,13.87,55.27,0.27,78.6,Fair,Fair
-104.67,7.09,75.43,0.65,94.19,Fair,Fair
-98.06,8.67,44.38,0.25,41.98,Fair,Fair
-84.65,19.3,62.0,0.54,105.28,Good,Good
-87.03,17.29,117.05,1.55,287.65,Fair,Fair
-86.15,16.49,104.56,1.17,229.92,Fair,Fair
-90.75,17.77,51.33,0.22,106.14,Good,Good
-96.14,13.68,104.73,0.96,203.29,Fair,Fair
-83.18,17.83,72.44,0.72,157.37,Good,Good
-98.23,10.26,76.54,0.26,123.79,Fair,Fair
-93.76,12.33,82.82,0.31,150.03,Fair,Fair
-95.78,11.94,113.15,1.25,236.94,Fair,Fair
-101.94,5.21,74.76,0.76,96.87,Fair,Fair
-87.81,15.33,123.17,1.46,262.01,Fair,Fair
-105.18,7.0,64.63,0.44,98.6,Fair,Fair
-92.43,16.6,65.41,0.54,120.75,Good,Good
-94.05,12.84,79.88,0.75,118.6,Fair,Fair
-91.18,13.04,91.46,1.19,182.4,Fair,Fair
-111.13,10.71,165.37,6.37,110.53,Poor,Poor
-84.15,15.06,55.24,0.83,92.2,Good,Good
-104.09,4.87,62.78,0.42,98.96,Fair,Fair
-84.37,20.19,75.94,0.8,185.04,Good,Good
-87.84,16.12,61.69,0.3,104.75,Good,Good
-89.24,16.33,74.33,0.5,156.3,Good,Good
-86.92,13.69,76.71,1.0,132.44,Good,Good
-101.78,5.0,58.92,0.33,64.7,Fair,Fair
-91.1,14.28,123.39,1.17,264.35,Fair,Fair
-96.97,14.17,68.77,0.76,123.74,Fair,Fair
-105.64,7.5,65.34,0.79,91.9,Fair,Fair
-87.51,17.1,64.69,0.99,98.61,Good,Good
-87.81,17.25,113.64,1.86,267.6,Fair,Fair
-94.75,12.18,70.27,0.71,99.59,Fair,Fair
-92.71,14.86,70.5,0.67,139.64,Fair,Fair
-98.6,14.19,50.99,0.05,76.3,Fair,Fair
-90.89,19.97,50.98,0.68,89.18,Good,Good
-98.31,12.23,86.39,0.45,160.67,Fair,Fair
-89.73,13.23,58.23,0.4,113.69,Good,Good
-90.16,14.57,121.62,2.19,242.52,Fair,Fair
-104.91,7.33,50.44,0.02,68.86,Fair,Fair
-86.15,18.75,47.5,0.07,87.43,Good,Good
-91.85,15.61,95.86,1.02,212.75,Fair,Fair
-87.69,14.69,129.19,1.81,291.0,Fair,Fair
-104.28,11.09,56.68,0.28,82.38,Fair,Fair
-101.34,12.2,47.16,0.13,55.9,Fair,Fair
-88.33,13.66,90.28,1.11,142.52,Fair,Fair
-94.92,11.33,110.91,1.72,210.79,Fair,Fair
-89.51,15.91,66.63,0.7,87.59,Good,Good
-85.1,15.55,116.25,1.24,253.32,Fair,Fair
-100.91,11.85,68.22,0.45,118.47,Fair,Fair
-90.19,14.63,77.66,0.96,144.12,Fair,Fair
-103.82,6.68,59.83,0.74,71.78,Fair,Fair
-91.54,15.73,80.87,0.5,181.75,Fair,Fair
-84.92,16.64,53.76,0.28,83.24,Good,Good
-93.91,11.93,93.81,1.3,158.23,Fair,Fair
-96.92,12.73,64.48,0.0,83.43,Fair,Fair
-86.3,14.27,45.73,0.31,51.22,Good,Good
-105.38,6.12,62.36,0.33,85.63,Fair,Fair
-97.03,12.69,74.54,0.7,117.11,Fair,Fair
-100.86,11.38,81.83,1.04,145.99,Fair,Fair
-91.33,16.61,73.6,0.67,154.05,Good,Good
-91.71,12.91,81.28,0.79,146.45,Fair,Fair
-93.51,15.45,48.27,0.03,69.52,Good,Good
-105.23,5.32,90.19,1.12,118.89,Poor,Poor
-102.87,6.38,50.61,0.0,49.73,Fair,Fair
-102.98,6.34,79.59,0.68,107.1,Fair,Fair
-88.18,15.05,96.11,1.0,208.73,Good,Good
-92.06,19.33,53.5,0.53,99.63,Good,Good
-82.34,20.61,75.5,0.77,133.84,Good,Good
-95.16,15.65,92.17,1.24,191.0,Fair,Fair
-83.82,18.04,89.75,0.98,199.37,Good,Good
-100.68,12.29,74.44,0.53,128.94,Fair,Fair
-86.78,14.45,89.92,0.88,212.87,Fair,Fair
-92.25,13.66,76.14,0.58,138.24,Fair,Fair
-94.55,11.16,98.59,0.97,191.7,Fair,Fair
-88.71,18.21,66.79,0.19,143.22,Good,Good
-92.66,12.96,121.42,1.58,243.33,Fair,Fair
-89.97,13.82,86.41,1.02,185.14,Fair,Fair
-95.39,11.6,38.71,0.8,72.73,Good,Good
-103.01,5.38,61.5,0.78,94.0,Fair,Fair
-88.86,15.28,126.93,2.04,296.25,Fair,Fair
-96.42,12.43,102.29,1.18,190.8,Fair,Fair
-97.16,11.71,77.81,0.53,117.56,Fair,Fair
-86.92,16.91,70.28,0.66,130.36,Good,Good
-105.21,7.64,67.92,1.24,102.61,Poor,Poor
-85.52,18.34,52.7,0.39,86.55,Good,Good
-103.06,7.76,69.61,1.03,82.15,Fair,Fair
-105.66,7.15,39.49,0.51,44.1,Fair,Poor
-101.37,8.92,77.13,0.43,110.26,Fair,Fair
-87.69,17.09,57.52,0.3,87.71,Good,Good
-93.21,13.23,59.0,0.28,74.36,Fair,Fair
-101.16,11.03,40.94,0.0,42.66,Fair,Fair
-96.76,14.28,89.99,1.14,170.32,Fair,Fair
-104.04,7.43,65.88,0.65,75.71,Fair,Fair
-94.13,14.68,70.57,0.88,144.81,Fair,Fair
-88.54,16.3,123.3,1.45,298.53,Fair,Fair
-88.33,15.98,64.23,0.11,131.5,Good,Good
-97.35,10.6,91.75,1.41,172.43,Fair,Fair
-88.58,16.88,72.7,0.72,145.26,Good,Good
-89.96,18.02,90.16,0.95,215.26,Good,Good
-91.86,13.89,87.46,0.65,155.64,Fair,Fair
-95.25,10.4,94.29,0.89,174.85,Fair,Fair
-103.27,6.21,68.31,0.14,90.19,Fair,Fair
-107.22,7.76,67.07,0.11,105.34,Fair,Fair
-91.68,12.31,61.08,0.27,75.76,Fair,Fair
-83.85,11.38,122.39,1.74,231.76,Fair,Fair
-89.15,10.57,83.76,1.07,158.87,Fair,Fair
-90.65,13.95,88.79,0.7,183.62,Fair,Fair
-95.48,10.66,68.04,0.54,100.17,Fair,Fair
-103.41,6.33,57.16,0.77,89.05,Fair,Fair
-90.55,15.52,79.33,1.02,167.44,Fair,Fair
-102.4,7.66,65.71,0.0,89.66,Fair,Fair
-81.97,17.89,110.45,1.47,252.28,Fair,Fair
-90.09,16.3,50.33,0.42,56.95,Good,Good
-89.61,14.8,128.9,1.14,277.09,Fair,Fair
-106.8,5.67,79.97,0.83,110.5,Fair,Fair
-97.52,9.31,96.88,1.27,147.95,Poor,Poor
-90.04,18.1,79.64,0.44,171.39,Good,Good
-88.41,17.06,91.99,0.91,211.54,Good,Good
-84.56,20.24,54.11,0.39,84.41,Good,Good
-89.87,16.37,84.48,1.06,167.91,Fair,Fair
-86.64,18.18,79.87,0.98,148.56,Good,Good
-104.72,9.48,46.28,0.65,67.21,Fair,Fair
-104.34,8.45,46.01,0.66,44.52,Fair,Fair
-88.26,16.26,68.01,0.62,109.37,Good,Good
-85.47,16.9,66.22,0.4,122.73,Good,Good
-109.05,6.6,79.87,0.82,126.3,Fair,Fair
-82.65,15.04,71.18,0.33,149.91,Good,Good
-89.83,15.91,60.56,0.35,135.48,Good,Good
-99.92,12.01,62.51,0.31,106.07,Fair,Fair
-100.09,8.07,66.29,0.75,106.47,Fair,Fair
-87.5,20.18,57.18,0.58,126.86,Good,Good
-90.63,14.32,75.16,0.66,111.28,Fair,Fair
-92.71,13.42,83.81,0.84,184.29,Fair,Fair
-99.07,7.71,117.86,1.35,161.67,Poor,Poor
-89.22,14.59,79.99,1.09,146.77,Fair,Fair
-88.84,17.42,90.26,0.85,223.66,Good,Good
-96.46,14.41,94.97,1.13,194.3,Fair,Fair
-94.67,11.18,57.83,0.39,52.02,Fair,Fair
-100.52,12.19,85.61,0.67,142.59,Fair,Fair
-97.79,5.89,71.26,0.62,65.78,Fair,Fair
-93.9,15.34,90.14,0.61,199.24,Fair,Fair
-96.73,13.61,65.72,0.63,128.71,Fair,Fair
-107.78,7.85,88.46,1.06,138.74,Poor,Poor
-80.71,19.73,73.2,0.35,174.19,Good,Good
-91.81,16.27,69.46,0.67,137.69,Good,Good
-90.22,17.11,72.49,1.14,142.12,Fair,Fair
-92.96,14.21,68.07,0.41,107.07,Fair,Fair
-83.32,15.49,102.11,1.28,242.45,Fair,Fair
-102.18,7.27,78.39,0.89,106.49,Fair,Fair
-98.76,11.47,81.5,0.97,118.42,Fair,Fair
-102.42,6.65,45.37,0.0,52.43,Fair,Fair
-87.57,16.53,77.41,0.62,187.9,Good,Good
-103.25,12.18,107.22,1.27,194.1,Fair,Fair
-94.28,13.05,124.16,1.36,253.74,Fair,Fair
-105.8,7.88,80.67,0.91,116.99,Poor,Poor
-102.7,7.76,78.4,0.84,106.78,Fair,Fair
-98.45,10.51,79.38,0.76,142.6,Fair,Fair
-101.69,7.17,47.99,0.65,39.64,Fair,Fair
-102.68,6.49,52.09,0.48,45.37,Fair,Fair
-98.25,12.31,65.13,0.72,88.2,Fair,Fair
-85.62,15.0,61.8,0.61,87.56,Good,Good
-86.42,14.79,115.33,1.57,267.8,Fair,Fair
-87.46,12.93,118.29,1.2,267.24,Fair,Fair
-104.25,6.11,52.01,0.62,69.04,Fair,Fair
-95.71,11.87,80.01,0.35,110.35,Fair,Fair
-93.88,10.55,67.21,0.9,102.94,Fair,Fair
-89.59,14.79,94.06,0.76,183.18,Fair,Fair
-89.65,14.49,102.92,1.17,215.1,Fair,Fair
-106.75,5.16,71.2,1.02,95.58,Poor,Poor
-86.24,15.67,108.62,1.12,218.21,Fair,Fair
-88.64,17.53,64.96,0.36,133.03,Good,Good
-100.52,8.6,116.57,1.7,178.88,Poor,Poor
-99.37,11.37,76.63,0.48,104.73,Fair,Fair
-95.73,13.14,68.9,0.51,143.73,Fair,Fair
-92.01,17.32,81.12,1.04,183.25,Fair,Fair
-85.37,15.52,67.55,0.49,146.45,Good,Good
-85.99,15.1,112.03,1.51,285.42,Fair,Fair
-79.68,19.65,51.15,0.35,79.16,Good,Good
-93.1,16.07,60.16,0.3,85.18,Good,Good
-102.93,7.7,55.35,0.14,73.23,Fair,Fair
-90.83,11.57,62.62,0.51,113.68,Fair,Fair
-103.5,5.21,58.22,0.18,55.27,Fair,Fair
-100.33,11.02,63.76,0.12,84.25,Fair,Fair
-84.71,15.58,123.45,1.69,284.13,Fair,Fair
-96.99,13.04,50.05,0.23,72.73,Fair,Fair
-98.95,10.69,87.7,1.31,158.48,Fair,Fair
-99.76,10.86,83.39,0.83,155.13,Fair,Fair
-95.9,13.61,62.23,0.79,99.99,Fair,Fair
-90.83,14.28,71.83,1.0,129.52,Fair,Fair
-92.88,16.11,92.06,0.57,182.67,Fair,Fair
-100.86,12.11,93.21,0.81,181.75,Fair,Fair
-102.91,7.59,72.7,0.77,122.95,Fair,Fair
-88.14,17.71,86.85,0.28,189.06,Good,Good
-86.03,14.0,125.79,1.6,301.13,Fair,Fair
-81.07,19.88,65.33,0.85,148.81,Good,Good
-95.34,12.61,100.59,1.13,209.9,Fair,Fair
-97.99,15.48,55.79,0.22,93.71,Good,Good
-103.89,8.15,81.22,0.45,115.24,Fair,Fair
-99.4,7.81,46.98,0.19,34.16,Fair,Fair
-89.31,16.27,101.72,1.08,215.57,Fair,Fair
-88.64,13.56,50.1,0.25,73.74,Good,Good
-90.56,15.9,81.22,0.64,151.67,Fair,Fair
-100.84,13.43,42.49,0.21,76.6,Fair,Fair
-86.02,16.01,115.45,1.77,262.09,Fair,Fair
-96.08,14.8,44.01,0.0,68.84,Fair,Fair
-101.55,8.59,44.6,0.0,61.91,Fair,Fair
-93.79,13.05,115.4,1.65,223.76,Fair,Fair
-93.61,15.86,57.95,0.49,99.37,Good,Good
-86.15,16.2,74.18,0.43,142.53,Good,Good
-86.7,14.07,77.37,0.66,128.46,Good,Good
-83.15,17.91,52.81,0.08,77.99,Good,Good
-101.27,11.54,90.72,1.07,158.74,Fair,Fair
-90.53,16.22,55.31,0.38,80.44,Good,Good
-97.03,13.38,44.83,0.81,51.18,Fair,Fair
-84.5,16.48,107.69,0.95,231.75,Good,Good
-87.02,15.53,83.89,0.99,166.25,Good,Good
-104.27,8.92,70.06,0.48,97.07,Fair,Fair
-88.15,20.07,80.97,0.74,204.75,Good,Good
-100.54,2.26,76.45,0.65,87.78,Fair,Fair
-85.73,17.38,79.25,0.94,180.33,Good,Good
-104.63,11.84,55.16,0.61,86.6,Fair,Fair
-86.52,18.04,55.12,0.45,119.06,Good,Good
-91.68,14.56,64.75,0.46,94.38,Fair,Fair
-84.36,16.98,115.06,1.15,285.27,Fair,Fair
-88.46,17.5,56.43,0.43,108.13,Good,Good
-94.1,12.51,112.63,1.24,214.36,Fair,Fair
-89.85,16.28,39.62,0.26,66.92,Good,Good
-90.01,15.19,67.14,0.25,145.38,Good,Good
-87.48,15.48,86.8,0.89,179.77,Good,Good
-94.71,9.55,53.69,0.43,59.95,Fair,Fair
-100.0,7.82,49.17,0.42,56.71,Fair,Fair
-86.06,16.41,54.53,0.19,121.23,Good,Good
-93.54,11.64,98.27,1.12,185.63,Fair,Fair
-96.17,12.71,72.59,0.42,130.82,Fair,Fair
-95.77,12.68,76.79,0.9,158.03,Fair,Fair
-101.89,8.81,65.03,0.75,73.8,Fair,Fair
-93.56,14.4,112.4,1.4,208.46,Fair,Fair
-86.14,19.85,59.96,0.1,126.65,Good,Good
-87.92,16.83,75.42,0.66,157.88,Good,Good
-95.74,12.39,64.32,0.76,94.57,Fair,Fair
-100.44,4.07,59.67,0.6,52.6,Fair,Fair
-86.91,16.01,79.29,0.52,142.76,Good,Good
-104.24,8.16,81.09,1.02,106.39,Poor,Poor
-86.08,16.59,106.74,1.37,248.85,Fair,Fair
-91.51,18.11,102.58,0.82,248.41,Fair,Fair
-93.59,12.57,59.09,0.24,69.21,Fair,Fair
-91.75,13.74,102.3,1.32,202.11,Fair,Fair
-92.91,13.27,101.58,0.81,174.11,Fair,Fair
-97.22,15.08,87.44,0.96,179.96,Fair,Fair
-86.99,16.21,53.89,0.47,104.22,Good,Good
-92.75,10.96,95.24,1.27,178.42,Fair,Fair
-85.17,15.75,79.91,0.5,155.67,Good,Good
-85.27,19.4,70.46,0.34,173.71,Good,Good
-103.6,5.32,67.82,0.17,83.15,Fair,Fair
-101.58,12.91,103.9,5.98,35.98,Poor,Poor
-89.27,16.24,55.36,0.18,115.48,Good,Good
-86.36,20.14,55.68,0.37,120.54,Good,Good
-100.36,9.07,48.49,0.25,62.7,Fair,Fair
-90.57,14.25,95.22,0.75,198.76,Fair,Fair
-100.59,7.79,49.37,0.21,56.28,Fair,Fair
-85.91,14.95,121.97,1.59,276.11,Fair,Fair
-98.63,9.2,50.81,0.45,56.35,Fair,Fair
-93.72,13.61,84.65,0.7,157.96,Fair,Fair
-105.18,10.41,38.51,0.46,41.72,Fair,Fair
-82.71,19.87,50.44,0.0,111.67,Good,Good
-91.29,17.29,57.46,0.27,134.3,Good,Good
-101.69,6.62,49.18,0.69,40.36,Fair,Fair
-95.75,12.69,81.71,1.08,148.95,Fair,Fair
-83.47,19.17,78.52,0.86,138.46,Good,Good
-90.22,15.15,62.44,0.8,84.47,Good,Good
-92.93,13.35,65.18,0.55,89.39,Fair,Fair
-86.88,15.65,63.78,0.22,136.1,Good,Good
-84.53,13.8,84.29,0.24,171.56,Fair,Fair
-100.25,6.68,79.2,0.54,113.04,Fair,Fair
-88.44,18.16,99.39,1.13,220.61,Fair,Fair
-85.26,13.85,73.23,0.69,127.62,Good,Good
-82.85,21.29,64.71,0.42,126.41,Good,Good
-99.03,8.24,45.46,0.25,55.76,Fair,Fair
-87.63,16.73,88.15,1.55,199.22,Fair,Fair
-96.73,9.47,90.73,0.75,143.58,Fair,Fair
-103.83,6.4,74.11,0.38,100.48,Fair,Fair
-89.83,12.72,95.33,1.16,202.36,Fair,Fair
-91.72,16.33,69.88,0.68,146.23,Good,Good
-90.92,15.74,97.66,1.35,194.6,Fair,Fair
-94.12,10.6,69.01,0.75,118.1,Fair,Fair
-85.92,18.39,88.53,0.81,199.47,Good,Good
-93.06,15.27,69.04,0.29,134.1,Good,Good
-89.39,15.21,82.35,0.78,150.45,Good,Good
-95.23,11.69,78.97,0.81,115.63,Fair,Fair
-98.91,11.18,85.22,0.63,153.48,Fair,Fair
-89.45,16.62,64.28,0.5,111.61,Good,Good
-96.05,8.95,63.68,0.56,82.91,Fair,Fair
-87.74,17.63,84.59,1.11,169.67,Fair,Fair
-81.55,13.88,113.04,1.2,233.5,Fair,Fair
-87.44,19.92,64.23,0.65,149.12,Good,Good
-104.59,7.63,75.18,0.78,117.59,Fair,Fair
-86.3,17.63,50.59,0.47,110.43,Good,Good
-84.85,18.71,95.71,1.5,225.82,Fair,Fair
-88.31,16.36,67.18,0.18,128.16,Good,Good
-86.95,13.36,93.44,0.94,178.08,Fair,Fair
-98.93,11.2,100.76,1.13,167.5,Fair,Fair
-101.52,6.47,49.15,0.27,33.86,Fair,Fair
-91.14,16.66,111.66,1.63,305.74,Fair,Fair
-91.46,14.32,82.96,0.65,167.69,Fair,Fair
-85.51,14.43,127.08,1.53,286.23,Fair,Fair
-91.93,10.74,71.04,0.32,93.17,Fair,Fair
-101.8,7.16,35.17,0.62,31.31,Fair,Fair
-102.1,6.84,74.35,0.31,114.52,Fair,Fair
-103.51,13.03,83.1,0.85,167.56,Fair,Fair
-83.68,19.84,54.91,0.09,108.36,Good,Good
-89.41,12.21,64.81,0.78,124.51,Good,Good
-96.15,13.35,92.75,1.5,180.41,Fair,Fair
-86.32,15.28,85.99,0.99,145.08,Good,Good
-91.03,17.03,81.55,0.26,170.5,Fair,Fair
-87.29,14.45,49.87,0.01,86.3,Good,Good
-87.77,15.76,79.71,0.52,146.7,Good,Good
-91.52,14.53,56.28,0.54,72.72,Fair,Fair
-103.47,7.56,136.91,3.15,92.85,Poor,Poor
-88.91,17.8,112.97,1.26,263.85,Fair,Fair
-105.42,9.9,60.5,0.43,85.08,Fair,Fair
-91.12,17.23,58.68,0.3,139.96,Good,Good
-79.34,17.7,56.91,0.0,128.52,Good,Good
-93.46,11.58,48.98,0.25,59.52,Fair,Fair
-100.26,11.4,98.03,1.2,189.2,Fair,Fair
-88.75,14.06,77.19,0.59,156.76,Good,Good
-94.14,11.6,57.89,0.06,95.66,Fair,Fair
-90.26,13.49,64.81,0.3,105.57,Fair,Fair
-92.42,11.47,92.33,1.1,184.7,Fair,Fair
-92.06,17.41,80.96,0.51,182.39,Fair,Fair
-104.18,6.07,80.18,0.4,100.37,Fair,Fair
-107.38,4.57,80.94,0.7,107.67,Poor,Poor
-89.53,18.21,57.19,0.41,102.08,Good,Good
-100.05,12.33,95.98,0.88,210.22,Fair,Fair
-89.09,16.01,76.12,0.65,173.02,Good,Good
-91.86,14.28,69.76,0.71,113.21,Fair,Fair
-90.07,16.67,50.14,0.5,91.72,Good,Good
-88.67,16.1,84.5,1.12,158.79,Fair,Fair
-114.38,3.46,132.41,3.76,108.7,Poor,Poor
-98.54,5.09,65.04,0.83,73.77,Fair,Fair
-95.2,11.1,75.05,0.54,128.38,Fair,Fair
-105.98,3.43,68.55,0.25,82.48,Fair,Fair
-87.57,16.32,68.54,0.9,132.07,Good,Good
-92.52,9.74,81.53,1.07,136.6,Poor,Poor
-97.74,11.39,65.1,0.38,77.76,Fair,Fair
-88.45,18.96,70.9,0.89,129.23,Good,Good
-102.37,10.48,122.73,5.07,105.98,Poor,Poor
-89.39,17.39,53.63,0.0,111.11,Good,Good
-86.67,17.41,81.93,0.3,203.32,Good,Good
-94.85,15.0,74.07,0.84,150.94,Good,Good
-96.44,9.95,41.21,0.51,46.12,Fair,Fair
-92.47,16.85,66.81,0.33,129.76,Good,Good
-96.1,14.28,50.64,0.3,84.14,Fair,Fair
-101.19,6.87,60.53,0.36,79.76,Fair,Fair
-82.62,14.74,69.58,0.43,86.87,Good,Good
-99.48,11.16,96.08,0.82,161.98,Fair,Fair
-100.17,11.73,89.62,1.13,151.3,Fair,Fair
-88.39,18.01,61.13,0.35,105.62,Good,Good
-104.57,7.42,51.22,0.24,54.55,Fair,Fair
-92.49,14.71,106.09,1.2,217.71,Fair,Fair
-94.73,14.44,93.17,1.14,213.02,Fair,Fair
-92.83,14.01,94.13,1.13,200.07,Fair,Fair
-86.26,18.66,70.58,0.59,168.11,Good,Good
-97.71,13.0,83.58,0.73,146.03,Fair,Fair
-93.18,13.37,103.98,1.06,227.82,Fair,Fair
-85.85,16.33,84.04,1.19,188.09,Fair,Fair
-83.79,19.88,54.79,0.24,122.0,Good,Good
-88.29,13.62,89.1,0.64,206.06,Fair,Fair
-84.55,16.07,89.72,0.42,170.62,Good,Good
-91.0,13.32,87.23,0.89,160.19,Fair,Fair
-103.04,7.4,73.77,0.69,108.6,Fair,Fair
-84.95,16.05,81.26,1.0,180.36,Good,Good
-83.9,17.44,83.5,0.85,201.21,Good,Good
-91.94,15.02,74.61,0.81,151.17,Good,Good
-95.03,12.66,43.14,0.0,45.48,Fair,Fair
-100.54,9.07,76.21,0.86,125.76,Fair,Fair
-87.7,16.0,74.4,1.15,174.2,Good,Good
-85.56,17.9,112.96,1.55,298.67,Fair,Fair
-90.44,16.38,56.1,0.72,86.63,Good,Good
-89.5,11.8,88.05,1.25,159.44,Fair,Fair
-89.92,16.42,56.34,0.28,116.97,Good,Good
-104.98,7.81,45.15,1.05,70.95,Fair,Fair
-87.54,16.58,105.64,1.65,243.63,Fair,Fair
-102.6,9.08,57.78,0.25,76.62,Fair,Fair
-91.56,12.35,74.6,0.56,128.52,Fair,Fair
-105.45,7.78,45.78,0.13,47.24,Poor,Poor
-86.64,16.12,52.63,0.16,75.65,Good,Good
-103.0,8.48,45.86,0.27,53.59,Fair,Fair
-85.64,16.17,52.73,0.03,113.76,Good,Good
-93.08,13.73,103.96,1.49,213.27,Fair,Fair
-95.91,13.19,108.1,1.29,222.28,Fair,Fair
-100.37,11.12,48.62,0.66,52.83,Fair,Fair
-90.44,15.49,60.24,0.49,142.42,Good,Good
-82.76,16.65,54.93,0.0,85.02,Good,Good
-106.47,7.21,73.64,0.52,86.27,Fair,Fair
-91.42,16.31,63.46,0.39,124.72,Good,Good
-96.84,9.61,114.93,1.43,178.63,Poor,Poor
-102.24,10.04,44.05,0.35,75.84,Fair,Fair
-93.96,10.63,74.55,1.2,139.63,Fair,Fair
-97.97,13.71,114.43,0.95,240.68,Fair,Fair
-93.96,12.99,109.54,1.33,216.42,Fair,Fair
-105.91,9.05,42.55,0.85,52.55,Fair,Fair
-107.29,7.48,63.59,0.83,86.58,Fair,Fair
-86.53,17.85,70.12,0.42,164.86,Good,Good
-91.51,12.94,91.25,0.78,176.13,Fair,Fair
-94.88,14.13,90.68,1.4,211.53,Fair,Fair
-106.43,5.95,81.45,0.76,112.66,Poor,Poor
-85.94,16.07,60.96,0.16,103.1,Good,Good
-95.87,14.78,72.77,0.98,133.71,Fair,Fair
-94.29,15.98,62.79,0.31,83.24,Good,Good
-84.94,14.95,99.56,1.37,222.48,Fair,Fair
-92.8,12.58,106.75,1.15,209.47,Fair,Fair
-102.29,7.38,52.21,0.0,61.65,Fair,Fair
-92.14,18.02,56.39,0.8,122.73,Good,Good
-92.68,11.48,47.41,0.0,71.49,Fair,Fair
-92.15,14.54,121.07,1.19,272.59,Fair,Fair
-105.2,7.11,53.36,0.4,59.99,Fair,Fair
-91.42,13.68,79.42,0.93,132.02,Fair,Fair
-99.43,11.04,87.45,0.67,172.11,Fair,Fair
-98.67,9.69,63.85,0.7,89.04,Fair,Fair
-89.42,17.32,65.66,0.57,109.76,Good,Good
-85.61,16.9,62.55,0.54,79.63,Good,Good
-82.18,16.51,93.61,1.29,198.3,Fair,Fair
-95.37,13.56,63.42,0.31,109.79,Fair,Fair
-93.31,11.97,54.25,0.4,69.44,Fair,Fair
-101.62,7.81,50.43,0.33,40.49,Fair,Fair
-90.25,16.87,93.21,1.06,166.12,Fair,Fair
-93.27,12.36,53.24,0.01,60.56,Fair,Fair
-99.46,12.0,53.96,0.15,77.65,Fair,Fair
-82.97,14.9,90.66,1.21,206.58,Fair,Fair
-101.57,7.11,54.62,0.91,72.03,Fair,Fair
-86.72,18.81,98.26,1.33,248.93,Fair,Fair
-113.78,2.74,100.5,3.57,36.18,Poor,Poor
-104.74,4.3,77.87,0.57,102.38,Fair,Fair
-94.68,12.55,78.32,1.19,139.16,Fair,Fair
-87.51,13.2,73.8,0.47,155.44,Good,Good
-96.12,12.25,58.44,0.2,87.58,Fair,Fair
-101.27,8.8,47.41,0.02,52.58,Fair,Fair
-91.86,13.61,98.11,0.84,197.03,Fair,Fair
-80.73,16.82,105.6,1.58,245.17,Fair,Fair
-98.7,12.19,79.69,1.16,146.19,Fair,Fair
-91.93,12.54,69.57,0.48,133.05,Fair,Fair
-92.11,14.18,94.82,0.84,186.53,Fair,Fair
-90.42,13.0,76.7,0.26,129.68,Fair,Fair
-106.23,6.33,97.65,0.69,138.54,Poor,Poor
-84.84,16.89,62.7,0.42,129.83,Good,Good
-85.76,17.24,99.77,1.34,236.32,Fair,Fair
-88.62,17.99,105.24,1.29,253.31,Fair,Fair
-104.48,8.63,69.57,0.83,102.98,Fair,Fair
-96.73,10.04,80.15,0.94,142.37,Fair,Fair
-88.86,14.11,64.0,0.73,96.52,Good,Good
-95.64,14.77,41.58,0.16,60.37,Fair,Fair
-84.11,15.53,92.73,1.42,191.41,Fair,Fair
-110.33,6.65,69.08,0.84,103.39,Fair,Fair
-90.16,12.18,81.91,1.08,160.38,Fair,Fair
-101.9,6.32,57.43,0.12,49.9,Fair,Fair
-87.84,12.33,84.7,0.65,146.08,Fair,Fair
-94.98,13.12,76.35,0.87,142.42,Fair,Fair
-85.99,16.09,58.99,0.68,86.12,Good,Good
-94.56,9.04,88.03,0.89,148.53,Fair,Fair
-89.89,16.93,74.83,0.88,143.05,Good,Good
-98.56,12.6,80.19,1.04,174.35,Fair,Fair
-101.25,11.02,136.32,5.48,116.4,Poor,Poor
-101.8,8.76,137.77,4.33,87.6,Poor,Poor
-92.97,14.49,62.9,0.14,101.4,Fair,Fair
-87.93,14.71,76.73,0.6,142.39,Good,Good
-88.45,16.95,76.71,1.04,168.31,Good,Good
-107.99,7.85,74.92,0.47,95.76,Fair,Fair
-88.81,16.9,85.48,0.66,191.86,Good,Good
-89.54,15.65,46.31,0.0,81.26,Good,Good
-102.78,5.89,94.21,1.31,128.67,Poor,Poor
-98.43,9.95,89.45,0.9,163.99,Fair,Fair
-105.02,6.58,80.93,0.81,133.4,Poor,Poor
-90.12,17.94,77.34,0.4,139.06,Good,Good
-92.39,12.92,81.72,0.57,130.67,Fair,Fair
-84.66,17.2,103.25,1.39,270.2,Fair,Fair
-105.97,10.26,54.84,0.1,108.52,Fair,Fair
-94.97,12.25,42.96,0.55,73.39,Fair,Fair
-94.76,14.71,57.61,0.35,112.03,Fair,Fair
-100.03,6.04,64.4,0.3,79.56,Fair,Fair
-117.2,-1.17,86.61,3.26,30.37,Poor,Poor
-91.9,13.62,62.48,0.24,133.51,Fair,Fair
-103.29,7.91,76.42,0.73,137.11,Fair,Fair
-102.72,6.43,96.71,1.42,125.88,Poor,Poor
-102.79,6.06,55.26,0.24,74.51,Fair,Fair
-92.25,12.23,76.91,0.83,127.51,Fair,Fair
-99.77,8.08,103.4,4.86,58.57,Poor,Poor
-92.59,13.29,108.6,1.41,205.76,Fair,Fair
-87.03,16.07,91.46,1.34,194.96,Fair,Fair
-88.65,21.07,81.24,1.23,185.58,Fair,Fair
-96.32,10.42,70.21,0.54,95.32,Fair,Fair
-94.47,12.62,117.34,1.46,247.52,Fair,Fair
-92.29,14.52,98.06,0.99,178.88,Fair,Fair
-89.07,17.39,79.35,0.54,161.54,Good,Good
-90.96,11.58,117.11,1.56,232.57,Fair,Fair
-82.28,15.78,96.6,1.21,204.45,Fair,Fair
-91.48,18.83,85.88,0.4,202.58,Fair,Fair
-86.28,16.55,111.16,0.71,227.66,Good,Good
-89.56,19.53,77.01,0.84,178.58,Good,Good
-85.56,15.66,82.89,0.94,152.68,Good,Good
-91.88,14.77,114.09,1.12,251.14,Fair,Fair
-93.43,14.8,106.96,1.2,224.66,Fair,Fair
-97.33,11.57,82.51,0.91,134.53,Fair,Fair
-84.36,17.83,64.66,0.14,144.59,Good,Good
-104.84,6.31,77.97,0.76,113.3,Fair,Fair
-89.15,14.49,72.97,0.51,135.19,Good,Good
-99.45,11.98,64.61,0.01,87.1,Fair,Fair
-105.91,5.52,101.59,1.07,130.67,Poor,Poor
-80.31,19.3,49.16,0.43,95.8,Good,Good
-92.55,17.87,79.12,1.05,171.45,Fair,Fair
-99.94,12.83,107.57,0.86,218.71,Fair,Fair
-91.36,14.9,100.93,1.24,211.1,Fair,Fair
-84.71,18.1,62.58,0.63,92.67,Good,Good
-99.73,9.18,49.11,0.0,65.18,Fair,Fair
-105.39,4.77,85.48,0.7,108.25,Poor,Poor
-96.96,7.9,41.58,0.23,31.31,Fair,Fair
-104.8,10.23,40.04,0.0,61.3,Fair,Fair
-86.39,18.45,81.67,0.88,172.23,Good,Good
-104.64,7.71,61.09,0.55,75.9,Fair,Fair
-95.04,11.69,60.55,0.44,78.56,Fair,Fair
-103.54,6.94,69.13,0.75,97.73,Fair,Fair
-95.92,9.71,102.17,1.27,171.97,Poor,Poor
-89.79,14.25,116.9,1.71,272.71,Fair,Fair
-87.66,14.22,92.51,1.34,184.73,Fair,Fair
-88.13,19.13,88.41,1.0,222.03,Good,Good
-89.2,16.84,44.05,0.45,97.17,Good,Good
-81.41,17.42,74.74,0.89,178.72,Good,Good
-87.31,17.1,81.59,1.0,157.43,Good,Good
-85.64,18.4,61.33,0.44,136.0,Good,Good
-94.8,17.4,52.23,0.24,91.67,Good,Good
-85.12,16.42,65.91,0.4,139.61,Good,Good
-81.25,18.1,53.56,0.31,89.71,Good,Good
-96.64,9.76,72.29,0.65,119.06,Fair,Fair
-87.01,13.09,88.05,0.61,172.01,Fair,Fair
-89.01,15.66,98.24,0.86,191.0,Good,Good
-91.01,14.27,60.67,0.32,107.26,Fair,Fair
-89.88,12.54,102.27,0.97,203.21,Fair,Fair
-82.73,15.65,68.87,0.55,163.81,Good,Good
-90.66,14.98,81.68,0.75,180.64,Fair,Fair
-87.16,17.9,47.54,0.0,102.09,Good,Good
-91.41,17.76,50.44,0.53,69.32,Good,Good
-91.61,14.99,94.59,0.85,221.01,Fair,Fair
-102.98,4.83,86.01,0.95,109.19,Fair,Fair
-84.82,17.35,88.37,1.13,164.31,Fair,Fair
-96.27,10.01,49.25,0.58,90.32,Fair,Fair
-85.95,17.09,75.85,1.07,159.11,Good,Good
-93.94,18.03,86.36,1.22,179.69,Fair,Fair
-95.0,11.35,83.73,0.82,148.32,Fair,Fair
-106.4,5.22,79.11,0.85,106.04,Fair,Fair
-87.03,12.35,105.38,1.34,212.25,Fair,Fair
-102.89,10.19,90.57,1.23,174.6,Fair,Fair
-97.24,7.46,87.76,1.4,155.76,Poor,Poor
-104.26,6.18,53.22,0.38,63.89,Fair,Fair
-83.51,17.43,82.02,0.42,203.73,Good,Good
-89.13,12.32,116.96,1.81,235.28,Fair,Fair
-87.66,17.08,68.96,0.62,138.6,Good,Good
-97.29,13.76,112.18,1.31,239.1,Fair,Fair
-90.06,15.24,130.27,1.42,302.49,Fair,Fair
-81.08,20.8,62.86,0.19,95.11,Good,Good
-88.67,15.3,43.15,0.58,72.71,Good,Good
-92.53,14.12,91.62,1.17,175.82,Fair,Fair
-94.6,12.93,78.33,0.9,162.51,Fair,Fair
-88.58,17.8,47.54,0.52,93.18,Good,Good
-91.3,17.13,70.43,0.06,155.2,Good,Good
-91.46,16.17,86.11,1.04,214.85,Fair,Fair
-89.75,16.48,108.5,1.25,252.71,Fair,Fair
-97.77,13.15,84.48,0.54,186.82,Fair,Fair
-98.37,8.38,56.97,0.55,56.36,Fair,Fair
-88.53,15.71,117.5,1.66,279.38,Fair,Fair
-101.9,9.82,115.43,7.33,74.29,Poor,Poor
-88.02,13.17,79.59,0.96,185.3,Good,Good
-89.19,14.96,64.29,0.66,129.55,Good,Good
-102.69,6.37,82.19,0.99,91.32,Fair,Fair
-90.78,13.59,83.01,0.48,163.28,Fair,Fair
-100.02,7.66,71.92,0.72,90.21,Fair,Fair
-91.07,14.47,90.88,0.96,177.9,Fair,Fair
-93.18,14.56,95.46,1.16,193.67,Fair,Fair
-89.77,16.74,105.59,1.2,227.39,Fair,Fair
-88.34,18.5,96.88,1.07,258.26,Fair,Fair
-89.48,15.94,64.64,0.36,133.22,Good,Good
-100.54,11.41,82.82,0.45,173.54,Fair,Fair
-88.78,16.5,79.77,0.7,171.1,Good,Good
-100.5,10.24,85.74,1.24,146.52,Fair,Fair
-81.14,16.23,92.65,1.27,190.21,Fair,Fair
-101.84,8.17,38.37,0.26,38.24,Fair,Fair
-92.04,18.13,69.23,0.34,136.56,Good,Good
-87.76,14.37,47.77,0.12,74.13,Good,Good
-109.43,7.53,142.52,5.76,107.3,Poor,Poor
-91.37,14.59,107.94,1.3,229.69,Fair,Fair
-88.31,16.62,54.9,0.3,109.9,Good,Good
-83.31,20.11,64.19,0.72,109.9,Good,Good
-103.71,7.93,54.01,0.24,57.84,Fair,Fair
-85.68,20.74,48.79,0.11,83.83,Good,Good
-92.33,12.89,138.31,3.31,81.64,Poor,Poor
-91.77,16.05,47.49,0.15,97.6,Good,Good
-86.65,16.47,104.8,1.48,243.01,Fair,Fair
-83.61,17.73,76.21,0.58,150.67,Good,Good
-102.75,5.14,71.98,0.58,83.16,Fair,Fair
-89.67,14.9,79.63,0.65,147.69,Good,Good
-98.87,12.34,75.63,1.1,150.76,Fair,Fair
-103.74,4.03,92.23,1.18,105.62,Poor,Poor
-90.29,15.84,74.68,0.88,144.01,Good,Good
-98.63,10.52,90.68,0.79,163.95,Fair,Fair
-87.8,15.12,74.73,0.55,130.78,Good,Good
-93.14,15.01,106.55,1.14,242.27,Fair,Fair
-89.85,17.73,65.35,1.02,152.62,Good,Good
-90.21,14.08,99.17,0.99,242.58,Fair,Fair
-88.45,15.25,73.65,0.45,148.22,Good,Good
-94.12,10.96,68.55,0.17,112.79,Fair,Fair
-85.39,16.23,65.62,0.63,106.69,Good,Good
-87.73,14.25,97.13,1.18,212.49,Fair,Fair
-90.58,17.53,75.21,0.72,179.9,Good,Good
-87.35,16.52,41.11,0.21,87.4,Good,Good
-86.31,17.9,102.82,1.2,241.59,Fair,Fair
-98.7,12.44,63.25,0.41,130.12,Fair,Fair
-97.41,11.77,74.61,0.56,98.79,Fair,Fair
-94.13,12.3,44.04,0.0,67.36,Fair,Fair
-106.69,8.69,60.13,0.36,73.18,Fair,Fair
-102.17,4.31,91.88,0.81,115.73,Fair,Fair
-88.31,18.62,53.46,0.81,98.97,Good,Good
-102.38,7.08,49.1,0.0,38.22,Fair,Fair
-88.11,14.38,72.07,0.23,157.33,Good,Good
-82.94,16.58,81.83,1.18,178.75,Fair,Fair
-95.31,13.44,99.9,1.25,194.34,Fair,Fair
-105.7,9.38,76.78,1.19,104.6,Poor,Poor
-92.54,15.04,120.14,1.11,256.84,Fair,Fair
-86.36,16.43,62.02,0.63,121.59,Good,Good
-85.26,16.2,84.04,0.88,170.16,Good,Good
-89.76,16.25,83.92,0.5,200.22,Good,Good
-84.99,18.33,70.14,0.62,136.39,Good,Good
-101.86,8.24,82.26,0.89,112.4,Fair,Fair
-95.22,11.36,62.24,0.45,93.2,Fair,Fair
-82.78,18.3,56.36,0.21,97.87,Good,Good
-89.45,17.15,78.78,1.0,199.01,Good,Good
-97.6,13.27,48.03,0.36,81.52,Fair,Fair
-92.98,14.35,82.26,0.86,184.15,Fair,Fair
-90.73,15.39,45.32,0.0,34.44,Fair,Good
-93.82,11.69,71.78,0.23,113.96,Fair,Fair
-87.69,16.2,84.95,1.13,168.52,Fair,Fair
-95.97,13.52,100.83,1.77,215.91,Fair,Fair
-104.13,9.98,94.75,0.9,144.67,Fair,Fair
-95.72,16.02,53.3,0.18,94.2,Good,Good
-87.65,15.29,78.78,0.83,162.3,Good,Good
-91.69,16.56,90.46,1.17,198.29,Fair,Fair
-83.48,16.31,87.24,0.62,207.76,Good,Good
-89.5,14.51,115.81,1.42,250.21,Fair,Fair
-103.51,7.95,54.83,0.29,58.41,Fair,Fair
-97.35,13.31,76.56,0.58,116.75,Fair,Fair
-105.4,7.64,76.55,0.83,127.26,Fair,Fair
-94.79,13.25,119.26,1.71,243.1,Fair,Fair
-96.8,12.41,92.69,1.32,179.31,Fair,Fair
-93.57,9.33,69.64,0.66,115.69,Fair,Fair
-96.5,9.41,57.69,0.38,57.15,Fair,Fair
-95.66,12.1,62.58,0.7,128.4,Fair,Fair
-92.89,14.59,73.41,0.43,131.47,Fair,Fair
-82.77,16.94,51.37,0.09,96.87,Good,Good
-89.46,15.55,74.28,0.52,165.08,Good,Good
-102.33,14.23,58.92,0.4,81.73,Fair,Fair
-98.65,14.07,30.7,0.0,53.74,Good,Good
-95.51,16.1,62.06,0.13,95.05,Good,Good
-88.03,13.73,94.59,0.86,186.11,Fair,Fair
-105.06,8.26,54.99,0.0,68.52,Fair,Fair
-100.31,13.88,78.32,0.57,119.44,Fair,Fair
-100.51,6.57,56.42,0.05,66.42,Fair,Fair
-91.37,14.08,77.24,0.76,148.84,Fair,Fair
-100.83,10.86,90.75,0.76,173.99,Fair,Fair
-92.08,14.72,88.4,0.62,167.44,Fair,Fair
-91.18,13.85,90.55,1.33,167.74,Fair,Fair
-93.0,16.4,73.3,0.86,134.55,Good,Good
-87.59,15.42,105.96,1.27,229.19,Fair,Fair
-94.89,10.09,54.29,0.48,66.24,Fair,Fair
-83.59,17.95,72.98,0.57,168.67,Good,Good
-100.86,8.9,64.4,0.0,89.21,Fair,Fair
-91.13,15.06,49.6,0.2,75.41,Good,Good
-102.21,6.3,86.93,0.94,120.74,Fair,Fair
-105.7,9.06,45.12,0.14,44.39,Poor,Poor
-89.58,17.87,83.23,0.61,203.23,Good,Good
-91.93,13.61,90.27,0.56,181.56,Fair,Fair
-83.68,18.45,50.26,0.16,93.22,Good,Good
-102.79,9.51,109.58,1.59,196.04,Poor,Poor
-85.28,16.55,65.34,0.35,129.29,Good,Good
-102.22,6.13,59.93,0.61,54.46,Fair,Fair
-93.11,11.69,72.4,0.79,99.9,Fair,Fair
-89.57,17.6,72.73,1.03,135.43,Good,Good
-81.08,16.72,71.07,0.91,123.13,Good,Good
-90.24,16.59,84.4,1.08,163.42,Fair,Fair
-103.24,7.19,60.0,0.37,54.73,Fair,Fair
-94.6,11.52,58.69,0.2,77.71,Fair,Fair
-87.83,16.87,90.55,1.11,208.54,Fair,Fair
-97.0,10.44,84.73,0.64,123.34,Fair,Fair
-104.46,8.79,106.74,1.44,193.28,Poor,Poor
-92.3,16.03,72.15,1.16,155.48,Fair,Fair
-92.31,13.28,103.28,1.67,195.6,Fair,Fair
-101.79,7.73,52.91,0.13,62.04,Fair,Fair
-94.32,14.4,44.65,0.0,54.7,Fair,Fair
-91.93,11.51,75.21,0.47,122.8,Fair,Fair
-98.9,14.84,110.52,1.74,249.58,Fair,Fair
-98.26,11.77,61.55,0.72,90.36,Fair,Fair
-92.67,12.69,93.27,0.96,164.96,Fair,Fair
-86.5,15.13,72.77,0.86,134.64,Good,Good
-88.25,14.89,92.17,0.71,188.56,Fair,Fair
-91.45,16.9,84.92,1.01,183.19,Fair,Fair
-103.55,10.99,114.23,3.07,59.26,Poor,Poor
-84.01,19.15,67.02,0.56,111.32,Good,Good
-91.59,13.33,104.13,0.88,227.47,Fair,Fair
-89.97,18.1,74.94,0.7,189.55,Good,Good
-86.71,15.77,93.41,0.85,194.63,Good,Good
-81.81,18.54,62.12,0.47,122.08,Good,Good
-90.43,13.4,55.95,0.0,105.52,Fair,Fair
-82.01,16.85,70.89,0.57,137.34,Good,Good
-89.86,11.91,51.18,0.6,69.25,Good,Good
-94.76,12.78,70.79,0.38,144.37,Fair,Fair
-96.54,11.43,78.94,0.66,108.28,Fair,Fair
-90.72,15.51,53.24,0.0,73.49,Good,Good
-85.93,15.74,91.92,0.98,186.64,Good,Good
-98.64,10.46,71.99,0.98,112.62,Fair,Fair
-98.59,10.44,96.22,1.17,180.78,Fair,Fair
-89.24,17.42,92.27,1.28,200.51,Fair,Fair
-108.28,3.97,79.16,0.47,91.37,Fair,Fair
-92.09,15.35,71.83,0.46,142.57,Good,Good
-92.82,14.06,80.36,0.68,163.05,Fair,Fair
-108.46,5.47,74.27,0.87,110.24,Fair,Fair
-86.46,13.38,62.65,0.65,131.82,Good,Good
-98.31,8.58,37.22,0.0,32.18,Fair,Fair
-92.88,11.88,79.69,1.0,122.91,Fair,Fair
-85.26,20.76,38.26,0.84,71.06,Good,Good
-95.25,13.82,82.93,1.08,163.98,Fair,Fair
-91.62,13.74,89.55,0.75,191.93,Fair,Fair
-90.7,14.38,115.98,1.21,273.16,Fair,Fair
-109.76,8.27,118.21,2.92,73.82,Poor,Poor
-87.42,18.97,105.05,1.4,236.34,Fair,Fair
-101.84,5.98,41.4,0.25,42.01,Fair,Fair
-92.45,15.49,64.33,0.04,118.94,Good,Good
-88.44,13.66,77.06,0.68,131.95,Good,Good
-87.73,18.01,92.84,1.16,220.56,Fair,Fair
-88.56,14.11,52.14,0.0,68.01,Good,Good
-88.33,16.12,92.66,1.61,227.1,Fair,Fair
-104.38,6.8,70.42,0.43,88.5,Fair,Fair
-99.37,11.05,56.56,0.04,63.04,Fair,Fair
-92.27,14.81,101.59,1.49,241.61,Fair,Fair
-87.83,17.2,62.96,0.6,132.7,Good,Good
-88.17,17.88,62.84,0.27,98.92,Good,Good
-86.73,17.17,36.16,0.5,63.08,Good,Good
-101.83,9.53,55.56,0.53,97.54,Fair,Fair
-83.07,16.83,81.53,0.94,162.49,Good,Good
-87.71,16.43,49.23,0.15,58.9,Good,Good
-92.59,15.96,58.14,0.34,118.98,Good,Good
-103.5,9.03,59.04,0.51,82.8,Fair,Fair
-86.1,18.85,83.2,0.81,203.51,Good,Good
-95.33,13.66,44.2,0.22,70.93,Fair,Fair
-104.93,7.49,72.69,1.19,91.27,Fair,Fair
-99.38,8.55,59.08,0.72,68.12,Fair,Fair
-82.37,19.17,60.57,0.54,131.97,Good,Good
-108.41,6.51,136.39,6.65,79.21,Poor,Poor
-90.14,14.09,86.0,1.04,186.8,Fair,Fair
-84.37,19.08,61.73,0.67,129.08,Good,Good
-87.58,15.95,91.08,1.04,208.34,Fair,Fair
-93.24,9.94,110.61,1.58,196.33,Poor,Poor
-93.06,11.73,69.16,0.73,104.58,Fair,Fair
-88.1,16.21,83.19,0.9,197.92,Good,Good
-93.99,12.43,99.05,0.78,174.06,Fair,Fair
-86.06,15.09,66.8,0.85,128.86,Good,Good
-105.22,7.13,71.57,0.76,98.95,Fair,Fair
-88.6,15.99,98.99,1.56,237.18,Fair,Fair
-90.34,12.09,104.14,0.99,180.56,Fair,Fair
-91.0,17.43,55.08,0.09,95.16,Good,Good
-94.87,12.76,63.84,0.63,105.84,Fair,Fair
-100.4,9.22,59.67,0.52,59.84,Fair,Fair
-85.08,18.47,96.76,0.88,198.92,Good,Good
-105.06,8.55,64.45,1.13,91.16,Poor,Poor
-94.86,9.99,79.9,1.03,131.89,Fair,Fair
-84.93,18.43,87.79,0.93,186.61,Good,Good
-85.66,15.25,113.6,1.04,261.97,Fair,Fair
-96.25,10.72,86.71,0.69,119.28,Fair,Fair
-82.97,17.23,65.6,0.47,99.9,Good,Good
-92.03,15.79,54.09,0.01,82.51,Good,Good
-102.68,6.73,81.63,1.08,121.57,Poor,Poor
-98.0,16.05,55.94,0.0,118.2,Good,Good
-107.01,5.7,91.13,1.05,127.09,Poor,Poor
-101.43,11.19,100.05,0.8,187.84,Fair,Fair
-91.83,13.89,81.52,0.58,174.24,Fair,Fair
-95.77,10.99,93.86,1.39,166.6,Fair,Fair
-101.36,8.57,47.84,0.41,51.16,Fair,Fair
-81.92,18.46,77.75,1.12,189.73,Good,Good
-100.64,11.07,76.12,0.88,114.68,Fair,Fair
-86.25,17.44,43.88,0.38,83.95,Good,Good
-92.12,14.82,94.35,0.55,192.88,Fair,Fair
-104.29,8.83,64.81,0.44,84.22,Fair,Fair
-96.41,10.17,90.31,1.01,155.38,Fair,Fair
-101.24,6.02,86.92,1.11,131.59,Poor,Poor
-90.43,10.68,107.51,1.22,214.3,Fair,Fair
-93.41,14.47,100.02,0.83,192.99,Fair,Fair
-95.95,13.96,52.93,0.34,83.72,Fair,Fair
-85.16,18.49,56.63,0.85,120.06,Good,Good
-101.12,10.11,130.96,5.3,107.78,Poor,Poor
-90.82,15.45,112.06,1.34,267.9,Fair,Fair
-92.49,14.6,97.62,0.93,193.54,Fair,Fair
-97.31,13.74,60.81,0.56,60.78,Fair,Fair
-87.74,16.81,60.0,0.59,147.6,Good,Good
-105.07,9.11,64.06,0.33,89.77,Fair,Fair
-85.52,19.57,53.56,0.16,76.38,Good,Good
-104.25,5.8,61.01,0.33,60.13,Fair,Fair
-104.28,11.71,91.61,1.09,163.52,Fair,Fair
-82.64,18.71,53.48,0.28,120.29,Good,Good
-99.79,9.65,101.12,1.1,178.78,Poor,Poor
-99.04,6.18,45.51,0.94,25.53,Fair,Fair
-95.88,13.54,106.21,1.09,216.81,Fair,Fair
-84.34,17.45,62.03,0.74,124.22,Good,Good
-88.84,15.65,94.61,0.9,220.43,Good,Good
-100.89,9.05,76.74,0.47,120.04,Fair,Fair
-91.16,12.89,119.62,1.47,253.44,Fair,Fair
-87.17,18.27,61.46,0.21,130.43,Good,Good
-88.3,15.16,49.96,0.19,82.9,Good,Good
-98.86,13.94,65.8,0.88,106.52,Fair,Fair
-102.36,10.79,98.15,1.08,196.66,Fair,Fair
-84.44,19.97,88.69,1.59,161.98,Fair,Fair
-90.5,18.65,114.4,1.59,319.84,Fair,Fair
-88.4,13.25,85.06,0.66,163.47,Fair,Fair
-87.71,17.54,64.27,0.82,112.25,Good,Good
-101.09,12.57,87.29,1.05,162.76,Fair,Fair
-99.0,12.67,72.12,0.62,127.28,Fair,Fair
-99.82,12.27,62.04,0.48,85.39,Fair,Fair
-87.44,15.38,79.75,0.92,145.18,Good,Good
-102.48,9.88,35.42,0.49,39.46,Fair,Fair
-90.5,13.29,68.56,0.4,115.36,Fair,Fair
-83.8,16.36,77.36,1.03,159.91,Good,Good
-85.91,15.67,104.6,1.45,272.6,Fair,Fair
-89.71,16.58,50.41,0.14,98.19,Good,Good
-87.16,14.32,89.04,0.89,157.59,Fair,Fair
-97.23,15.11,111.01,1.4,248.5,Fair,Fair
-92.64,13.26,82.04,0.66,145.58,Fair,Fair
-86.41,18.16,74.38,0.6,116.79,Good,Good
-103.11,8.54,52.49,0.25,57.56,Fair,Fair
-99.03,5.02,64.04,0.72,76.41,Fair,Fair
-94.34,11.21,69.75,0.72,116.1,Fair,Fair
-85.98,15.31,90.2,0.69,193.6,Good,Good
-94.71,11.95,91.55,1.03,151.12,Fair,Fair
-92.52,13.48,71.22,0.63,121.35,Fair,Fair
-102.51,8.96,62.72,0.64,86.28,Fair,Fair
-87.67,17.59,49.72,0.0,89.54,Good,Good
-100.26,7.72,53.63,0.35,71.95,Fair,Fair
-81.38,18.13,75.87,0.81,164.67,Good,Good
-100.53,7.37,71.66,0.7,98.0,Fair,Fair
-85.42,15.46,76.32,0.86,156.43,Good,Good
-94.33,13.6,44.14,0.0,65.73,Fair,Fair
-100.44,7.54,79.21,0.67,94.16,Fair,Fair
-87.14,17.75,81.85,0.94,174.69,Good,Good
-90.92,22.14,40.53,0.33,109.47,Good,Good
-91.81,17.19,61.03,0.31,151.23,Good,Good
-104.64,8.31,45.8,0.28,69.74,Fair,Fair
-104.83,3.48,87.55,1.28,109.92,Poor,Poor
-89.62,15.89,113.09,1.62,263.7,Fair,Fair
-91.92,15.75,50.85,0.6,97.56,Good,Good
-105.27,7.59,57.7,0.77,50.98,Fair,Fair
-85.93,17.71,102.22,1.08,248.86,Fair,Fair
-96.52,10.79,76.77,0.74,98.2,Fair,Fair
-98.2,13.65,65.37,0.58,101.42,Fair,Fair
-87.23,15.08,68.33,0.95,125.45,Good,Good
-95.12,12.15,73.58,0.95,117.63,Fair,Fair
-86.83,15.01,70.33,0.67,149.47,Good,Good
-92.89,9.84,69.61,0.47,120.45,Fair,Fair
-109.36,6.75,69.58,0.32,89.49,Fair,Fair
-92.46,14.62,90.05,1.03,162.92,Fair,Fair
-95.15,17.68,73.61,0.64,151.48,Good,Good
-82.7,17.34,78.88,0.88,207.6,Good,Good
-93.87,10.67,167.53,6.2,179.35,Poor,Poor
-84.45,15.85,51.19,0.4,86.1,Good,Good
-86.53,15.03,59.67,0.0,95.53,Good,Good
-96.06,14.14,57.01,0.69,102.01,Fair,Fair
