Timestamp,Cell_ID,RSRP,SINR,Latency,Throughput,Packet_Loss,Connected_Users,Observation,Possible_Root_Cause,Recommended_Action
2026-01-01 00:00:00,Cell_02,-97.91,11.47,114.69,46.92,4.06,47,"High Latency, High Packet Loss","Core network congestion, Backhaul issues","Check UPF utilization, Inspect transport network"
2026-01-01 00:05:00,Cell_04,-103.22,5.68,43.6,32.16,0.0,40,"Low SINR, Low Throughput","High interference, Heavy traffic load","Review neighboring cell configuration, Enable load balancing"
2026-01-01 00:20:00,Cell_04,-107.47,5.44,44.32,44.96,0.0,39,"Low RSRP, Low SINR","Poor radio coverage, High interference","Optimize antenna tilt, Review neighboring cell configuration"
2026-01-01 00:25:00,Cell_04,-106.08,8.17,38.9,51.1,0.0,39,"Low RSRP, Low SINR","Poor radio coverage, High interference","Optimize antenna tilt, Review neighboring cell configuration"
2026-01-01 01:30:00,Cell_04,-105.32,8.05,31.8,44.39,0.24,32,"Low RSRP, Low SINR","Poor radio coverage, High interference","Optimize antenna tilt, Review neighboring cell configuration"
2026-01-01 01:35:00,Cell_04,-109.06,8.1,52.31,50.63,0.98,48,"Low RSRP, Low SINR","Poor radio coverage, High interference","Optimize antenna tilt, Review neighboring cell configuration"
2026-01-01 01:40:00,Cell_04,-106.91,6.92,46.44,57.94,0.0,43,"Low RSRP, Low SINR","Poor radio coverage, High interference","Optimize antenna tilt, Review neighboring cell configuration"
2026-01-01 02:00:00,Cell_04,-89.74,10.01,36.16,53.73,0.0,35,Unusual KPI combination,Requires further investigation,Review all network KPIs
2026-01-01 02:05:00,Cell_04,-104.33,7.05,43.03,22.03,0.62,23,"Low SINR, Low Throughput","High interference, Heavy traffic load","Review neighboring cell configuration, Enable load balancing"
2026-01-01 02:10:00,Cell_04,-105.06,9.82,48.0,47.12,0.0,32,"Low RSRP, Low SINR","Poor radio coverage, High interference","Optimize antenna tilt, Review neighboring cell configuration"
2026-01-01 02:40:00,Cell_04,-106.31,5.51,38.62,44.34,0.73,39,"Low RSRP, Low SINR","Poor radio coverage, High interference","Optimize antenna tilt, Review neighboring cell configuration"
2026-01-01 03:00:00,Cell_04,-103.24,7.45,36.96,28.87,0.1,28,"Low SINR, Low Throughput","High interference, Heavy traffic load","Review neighboring cell configuration, Enable load balancing"
2026-01-01 03:10:00,Cell_04,-101.82,8.82,37.59,20.48,0.39,33,"Low SINR, Low Throughput","High interference, Heavy traffic load","Review neighboring cell configuration, Enable load balancing"
2026-01-01 03:55:00,Cell_04,-108.68,6.65,41.25,28.47,0.14,31,"Low RSRP, Low SINR, Low Throughput","Poor radio coverage, High interference, Heavy traffic load","Optimize antenna tilt, Review neighboring cell configuration, Enable load balancing"
2026-01-01 04:15:00,Cell_03,-110.36,4.61,93.85,40.25,3.26,59,"Low RSRP, Low SINR, High Latency, High Packet Loss","Poor radio coverage, High interference, Core network congestion, Backhaul issues","Optimize antenna tilt, Review neighboring cell configuration, Check UPF utilization, Inspect transport network"
2026-01-01 04:20:00,Cell_04,-101.78,8.62,35.34,44.87,0.02,39,Low SINR,High interference,Review neighboring cell configuration
2026-01-01 04:55:00,Cell_04,-100.76,6.72,52.83,32.27,1.14,40,"Low SINR, Low Throughput","High interference, Heavy traffic load","Review neighboring cell configuration, Enable load balancing"
2026-01-01 05:00:00,Cell_04,-98.11,7.41,35.43,44.72,0.0,39,Low SINR,High interference,Review neighboring cell configuration
2026-01-01 07:10:00,Cell_03,-104.73,9.96,119.02,60.3,6.87,90,"Low SINR, High Latency, High Packet Loss","High interference, Core network congestion, Backhaul issues","Review neighboring cell configuration, Check UPF utilization, Inspect transport network"
2026-01-01 08:40:00,Cell_01,-95.07,13.85,127.24,111.21,6.17,123,"High Latency, High Packet Loss","Core network congestion, Backhaul issues","Check UPF utilization, Inspect transport network"
2026-01-01 09:05:00,Cell_01,-82.89,18.18,113.7,264.26,1.4,149,High Latency,Core network congestion,Check UPF utilization
2026-01-01 09:30:00,Cell_02,-99.85,4.93,131.32,101.19,5.48,125,"Low SINR, High Latency, High Packet Loss","High interference, Core network congestion, Backhaul issues","Review neighboring cell configuration, Check UPF utilization, Inspect transport network"
2026-01-01 11:20:00,Cell_01,-103.53,14.56,125.69,116.86,5.28,132,"High Latency, High Packet Loss","Core network congestion, Backhaul issues","Check UPF utilization, Inspect transport network"
2026-01-01 17:10:00,Cell_01,-87.72,15.55,110.23,263.48,1.91,156,High Latency,Core network congestion,Check UPF utilization
2026-01-01 17:15:00,Cell_01,-86.95,17.17,112.58,278.78,1.49,167,High Latency,Core network congestion,Check UPF utilization
2026-01-01 17:30:00,Cell_01,-86.9,16.49,121.25,287.47,1.73,172,High Latency,Core network congestion,Check UPF utilization
2026-01-01 17:45:00,Cell_05,-94.32,17.95,113.39,290.34,1.99,159,High Latency,Core network congestion,Check UPF utilization
2026-01-01 17:50:00,Cell_01,-82.85,16.01,119.59,274.33,1.73,167,High Latency,Core network congestion,Check UPF utilization
2026-01-01 17:50:00,Cell_05,-98.24,13.69,120.8,255.03,1.38,170,High Latency,Core network congestion,Check UPF utilization
2026-01-01 17:50:00,Cell_03,-94.83,8.9,112.7,173.97,1.58,145,"Low SINR, High Latency","High interference, Core network congestion","Review neighboring cell configuration, Check UPF utilization"
2026-01-01 18:00:00,Cell_05,-95.52,11.57,118.36,243.29,1.68,173,High Latency,Core network congestion,Check UPF utilization
2026-01-01 18:10:00,Cell_01,-85.94,13.49,123.88,241.44,1.51,166,High Latency,Core network congestion,Check UPF utilization
2026-01-01 18:15:00,Cell_01,-88.42,17.51,112.9,301.31,1.18,176,High Latency,Core network congestion,Check UPF utilization
2026-01-01 18:20:00,Cell_05,-87.69,13.55,132.41,282.67,1.72,182,High Latency,Core network congestion,Check UPF utilization
2026-01-01 18:20:00,Cell_01,-92.15,14.54,121.07,272.59,1.19,178,High Latency,Core network congestion,Check UPF utilization
2026-01-01 18:20:00,Cell_03,-96.76,8.42,110.28,185.24,1.77,147,"Low SINR, High Latency","High interference, Core network congestion","Review neighboring cell configuration, Check UPF utilization"
2026-01-01 18:25:00,Cell_04,-103.7,5.11,94.08,138.94,1.41,133,"Low SINR, High Latency","High interference, Core network congestion","Review neighboring cell configuration, Check UPF utilization"
2026-01-01 18:25:00,Cell_01,-86.06,16.86,117.09,287.23,1.49,171,High Latency,Core network congestion,Check UPF utilization
2026-01-01 18:30:00,Cell_05,-99.01,12.06,119.74,246.54,1.41,179,High Latency,Core network congestion,Check UPF utilization
2026-01-01 18:35:00,Cell_01,-102.49,8.06,147.56,176.79,4.16,178,"Low SINR, High Latency, High Packet Loss","High interference, Core network congestion, Backhaul issues","Review neighboring cell configuration, Check UPF utilization, Inspect transport network"
2026-01-01 18:40:00,Cell_05,-91.51,16.86,123.64,298.05,1.43,177,High Latency,Core network congestion,Check UPF utilization
2026-01-01 18:40:00,Cell_01,-90.13,15.28,113.38,278.06,1.63,182,High Latency,Core network congestion,Check UPF utilization
2026-01-01 18:45:00,Cell_01,-91.63,13.63,118.15,263.84,1.57,176,High Latency,Core network congestion,Check UPF utilization
2026-01-01 18:50:00,Cell_04,-105.22,5.88,108.75,119.3,1.22,122,"Low RSRP, Low SINR, High Latency","Poor radio coverage, High interference, Core network congestion","Optimize antenna tilt, Review neighboring cell configuration, Check UPF utilization"
2026-01-01 18:50:00,Cell_01,-87.77,17.66,124.83,306.51,1.88,182,High Latency,Core network congestion,Check UPF utilization
2026-01-01 18:50:00,Cell_03,-98.6,7.08,109.09,158.56,1.49,148,"Low SINR, High Latency","High interference, Core network congestion","Review neighboring cell configuration, Check UPF utilization"
2026-01-01 18:55:00,Cell_01,-88.73,17.65,119.48,298.27,1.45,170,High Latency,Core network congestion,Check UPF utilization
2026-01-01 19:00:00,Cell_05,-97.37,13.77,121.42,262.9,1.65,176,High Latency,Core network congestion,Check UPF utilization
2026-01-01 19:00:00,Cell_02,-92.09,14.41,120.8,259.93,1.49,172,High Latency,Core network congestion,Check UPF utilization
2026-01-01 19:00:00,Cell_01,-89.0,15.39,121.71,292.74,1.67,182,High Latency,Core network congestion,Check UPF utilization
2026-01-01 19:05:00,Cell_02,-94.3,10.25,116.16,222.57,1.61,166,High Latency,Core network congestion,Check UPF utilization
2026-01-01 19:10:00,Cell_01,-85.5,12.19,126.43,271.08,1.9,181,High Latency,Core network congestion,Check UPF utilization
2026-01-01 19:15:00,Cell_01,-87.69,15.65,125.57,282.44,1.17,173,High Latency,Core network congestion,Check UPF utilization
2026-01-01 19:20:00,Cell_01,-88.77,13.47,111.38,272.18,1.52,179,High Latency,Core network congestion,Check UPF utilization
2026-01-01 19:25:00,Cell_01,-88.53,17.19,119.43,302.03,1.37,178,High Latency,Core network congestion,Check UPF utilization
2026-01-01 19:25:00,Cell_05,-88.56,13.9,120.4,243.08,1.81,163,High Latency,Core network congestion,Check UPF utilization
2026-01-01 19:30:00,Cell_04,-108.68,3.6,121.03,88.56,7.46,105,"Low RSRP, Low SINR, High Latency, High Packet Loss","Poor radio coverage, High interference, Core network congestion, Backhaul issues","Optimize antenna tilt, Review neighboring cell configuration, Check UPF utilization, Inspect transport network"
2026-01-01 19:30:00,Cell_01,-89.3,15.14,126.49,275.49,1.19,181,High Latency,Core network congestion,Check UPF utilization
2026-01-01 19:35:00,Cell_01,-82.23,14.03,131.34,269.94,2.01,177,High Latency,Core network congestion,Check UPF utilization
2026-01-01 19:35:00,Cell_04,-108.94,5.02,89.98,126.13,1.15,127,"Low RSRP, Low SINR, High Latency","Poor radio coverage, High interference, Core network congestion","Optimize antenna tilt, Review neighboring cell configuration, Check UPF utilization"
2026-01-01 19:35:00,Cell_05,-90.45,16.47,125.56,270.51,1.55,167,High Latency,Core network congestion,Check UPF utilization
2026-01-01 19:40:00,Cell_05,-90.69,15.96,124.38,289.53,1.25,177,High Latency,Core network congestion,Check UPF utilization
2026-01-01 19:40:00,Cell_01,-88.19,15.97,121.9,284.2,1.14,177,High Latency,Core network congestion,Check UPF utilization
2026-01-01 19:45:00,Cell_01,-88.76,13.31,124.17,271.58,1.4,177,High Latency,Core network congestion,Check UPF utilization
2026-01-01 19:50:00,Cell_05,-93.98,12.9,126.67,246.84,1.69,169,High Latency,Core network congestion,Check UPF utilization
2026-01-01 19:50:00,Cell_02,-101.73,7.37,151.79,160.28,5.23,149,"Low SINR, High Latency, High Packet Loss","High interference, Core network congestion, Backhaul issues","Review neighboring cell configuration, Check UPF utilization, Inspect transport network"
2026-01-01 19:50:00,Cell_04,-117.61,3.31,157.66,72.13,4.49,101,"Low RSRP, Low SINR, High Latency, High Packet Loss","Poor radio coverage, High interference, Core network congestion, Backhaul issues","Optimize antenna tilt, Review neighboring cell configuration, Check UPF utilization, Inspect transport network"
2026-01-01 20:00:00,Cell_01,-91.14,16.27,131.47,280.78,1.28,172,High Latency,Core network congestion,Check UPF utilization
2026-01-01 20:00:00,Cell_03,-96.56,9.52,117.05,195.8,1.53,155,"Low SINR, High Latency","High interference, Core network congestion","Review neighboring cell configuration, Check UPF utilization"
2026-01-01 20:25:00,Cell_03,-111.31,5.81,153.76,108.14,3.14,141,"Low RSRP, Low SINR, High Latency, High Packet Loss","Poor radio coverage, High interference, Core network congestion, Backhaul issues","Optimize antenna tilt, Review neighboring cell configuration, Check UPF utilization, Inspect transport network"
2026-01-01 20:25:00,Cell_02,-110.25,10.2,152.71,126.44,7.42,153,"Low RSRP, High Latency, High Packet Loss","Poor radio coverage, Core network congestion, Backhaul issues","Optimize antenna tilt, Check UPF utilization, Inspect transport network"
2026-01-01 20:40:00,Cell_04,-109.37,3.45,92.6,94.57,0.88,109,"Low RSRP, Low SINR, High Latency","Poor radio coverage, High interference, Core network congestion","Optimize antenna tilt, Review neighboring cell configuration, Check UPF utilization"
2026-01-01 21:15:00,Cell_04,-122.33,2.04,147.27,85.74,4.24,100,"Low RSRP, Low SINR, High Latency, High Packet Loss","Poor radio coverage, High interference, Core network congestion, Backhaul issues","Optimize antenna tilt, Review neighboring cell configuration, Check UPF utilization, Inspect transport network"
2026-01-02 01:25:00,Cell_04,-95.7,7.51,42.86,40.97,0.53,30,Low SINR,High interference,Review neighboring cell configuration
2026-01-02 03:00:00,Cell_04,-104.96,10.24,37.15,44.88,0.43,32,Unusual KPI combination,Requires further investigation,Review all network KPIs
2026-01-02 03:35:00,Cell_04,-116.4,0.97,83.2,27.7,3.69,36,"Low RSRP, Low SINR, High Latency, High Packet Loss, Low Throughput","Poor radio coverage, High interference, Core network congestion, Backhaul issues, Heavy traffic load","Optimize antenna tilt, Review neighboring cell configuration, Check UPF utilization, Inspect transport network, Enable load balancing"
2026-01-02 03:40:00,Cell_01,-95.78,11.48,105.43,68.16,2.95,70,High Latency,Core network congestion,Check UPF utilization
2026-01-02 05:05:00,Cell_04,-102.03,7.66,38.29,39.67,0.06,36,"Low SINR, Low Throughput","High interference, Heavy traffic load","Review neighboring cell configuration, Enable load balancing"
2026-01-02 08:30:00,Cell_03,-108.83,5.32,147.62,84.08,4.86,97,"Low RSRP, Low SINR, High Latency, High Packet Loss","Poor radio coverage, High interference, Core network congestion, Backhaul issues","Optimize antenna tilt, Review neighboring cell configuration, Check UPF utilization, Inspect transport network"
2026-01-02 09:15:00,Cell_03,-113.19,9.14,169.19,103.58,3.47,108,"Low RSRP, Low SINR, High Latency, High Packet Loss","Poor radio coverage, High interference, Core network congestion, Backhaul issues","Optimize antenna tilt, Review neighboring cell configuration, Check UPF utilization, Inspect transport network"
2026-01-02 09:15:00,Cell_01,-99.99,12.12,157.93,138.23,4.67,141,"High Latency, High Packet Loss","Core network congestion, Backhaul issues","Check UPF utilization, Inspect transport network"
2026-01-02 09:25:00,Cell_01,-91.55,19.64,114.6,276.22,1.66,154,High Latency,Core network congestion,Check UPF utilization
2026-01-02 10:25:00,Cell_01,-87.46,12.97,120.52,232.27,1.91,156,High Latency,Core network congestion,Check UPF utilization
2026-01-02 10:50:00,Cell_05,-110.13,12.16,137.75,91.95,4.13,124,"Low RSRP, High Latency, High Packet Loss","Poor radio coverage, Core network congestion, Backhaul issues","Optimize antenna tilt, Check UPF utilization, Inspect transport network"
2026-01-02 13:20:00,Cell_05,-101.38,15.52,163.09,91.08,5.06,98,"High Latency, High Packet Loss","Core network congestion, Backhaul issues","Check UPF utilization, Inspect transport network"
2026-01-02 14:25:00,Cell_02,-103.25,8.53,125.41,83.78,3.57,81,"Low SINR, High Latency, High Packet Loss","High interference, Core network congestion, Backhaul issues","Review neighboring cell configuration, Check UPF utilization, Inspect transport network"
2026-01-02 15:15:00,Cell_04,-116.41,2.71,112.52,56.55,6.4,74,"Low RSRP, Low SINR, High Latency, High Packet Loss","Poor radio coverage, High interference, Core network congestion, Backhaul issues","Optimize antenna tilt, Review neighboring cell configuration, Check UPF utilization, Inspect transport network"
2026-01-02 16:25:00,Cell_01,-100.62,10.47,152.24,151.13,5.83,124,"High Latency, High Packet Loss","Core network congestion, Backhaul issues","Check UPF utilization, Inspect transport network"
2026-01-02 17:00:00,Cell_01,-85.19,13.89,117.38,237.97,1.6,158,High Latency,Core network congestion,Check UPF utilization
2026-01-02 17:10:00,Cell_01,-84.29,17.25,116.11,280.27,1.51,159,High Latency,Core network congestion,Check UPF utilization
2026-01-02 17:20:00,Cell_01,-85.01,15.6,113.43,268.28,1.72,163,High Latency,Core network congestion,Check UPF utilization
2026-01-02 17:45:00,Cell_04,-108.94,6.25,93.45,119.76,1.45,109,"Low RSRP, Low SINR, High Latency","Poor radio coverage, High interference, Core network congestion","Optimize antenna tilt, Review neighboring cell configuration, Check UPF utilization"
2026-01-02 17:50:00,Cell_01,-90.09,15.92,119.38,285.6,1.6,173,High Latency,Core network congestion,Check UPF utilization
2026-01-02 17:55:00,Cell_01,-83.73,17.37,118.04,275.16,1.29,164,High Latency,Core network congestion,Check UPF utilization
2026-01-02 18:00:00,Cell_01,-92.49,16.85,121.84,298.08,1.65,178,High Latency,Core network congestion,Check UPF utilization
2026-01-02 18:05:00,Cell_01,-86.02,16.01,115.45,262.09,1.77,166,High Latency,Core network congestion,Check UPF utilization
2026-01-02 18:05:00,Cell_04,-107.95,4.65,88.69,131.33,0.93,127,"Low RSRP, Low SINR, High Latency","Poor radio coverage, High interference, Core network congestion","Optimize antenna tilt, Review neighboring cell configuration, Check UPF utilization"
2026-01-02 18:10:00,Cell_05,-89.16,12.83,120.5,250.38,1.09,178,High Latency,Core network congestion,Check UPF utilization
2026-01-02 18:10:00,Cell_01,-91.21,16.24,126.53,300.87,1.82,178,High Latency,Core network congestion,Check UPF utilization
2026-01-02 18:15:00,Cell_05,-92.3,13.09,123.7,254.53,1.84,167,High Latency,Core network congestion,Check UPF utilization
2026-01-02 18:15:00,Cell_01,-89.61,12.99,121.63,258.82,1.68,174,High Latency,Core network congestion,Check UPF utilization
2026-01-02 18:20:00,Cell_01,-83.16,15.61,125.55,290.6,2.12,180,High Latency,Core network congestion,Check UPF utilization
2026-01-02 18:25:00,Cell_05,-95.88,9.99,124.24,236.29,1.89,174,"Low SINR, High Latency","High interference, Core network congestion","Review neighboring cell configuration, Check UPF utilization"
2026-01-02 18:25:00,Cell_01,-90.23,14.78,129.64,279.3,2.13,178,High Latency,Core network congestion,Check UPF utilization
2026-01-02 18:30:00,Cell_01,-81.89,15.03,112.38,272.77,1.72,175,High Latency,Core network congestion,Check UPF utilization
2026-01-02 18:35:00,Cell_01,-92.3,17.17,136.28,332.78,1.39,195,High Latency,Core network congestion,Check UPF utilization
2026-01-02 18:40:00,Cell_01,-88.54,16.3,123.3,298.53,1.45,184,High Latency,Core network congestion,Check UPF utilization
2026-01-02 18:40:00,Cell_05,-95.84,11.74,129.47,252.45,1.8,177,High Latency,Core network congestion,Check UPF utilization
2026-01-02 18:45:00,Cell_01,-92.93,16.71,120.49,311.6,1.61,180,High Latency,Core network congestion,Check UPF utilization
2026-01-02 18:45:00,Cell_02,-94.72,12.88,123.64,241.97,2.15,170,High Latency,Core network congestion,Check UPF utilization
2026-01-02 18:50:00,Cell_05,-91.53,12.93,121.4,262.92,1.28,174,High Latency,Core network congestion,Check UPF utilization
2026-01-02 18:50:00,Cell_01,-89.94,14.21,124.78,288.63,2.1,182,High Latency,Core network congestion,Check UPF utilization
2026-01-02 18:50:00,Cell_02,-92.04,12.57,129.79,237.71,1.88,168,High Latency,Core network congestion,Check UPF utilization
2026-01-02 18:55:00,Cell_01,-84.99,16.56,126.1,294.71,1.46,173,High Latency,Core network congestion,Check UPF utilization
2026-01-02 19:00:00,Cell_01,-91.46,15.18,124.09,294.31,1.25,178,High Latency,Core network congestion,Check UPF utilization
2026-01-02 19:00:00,Cell_02,-94.9,13.12,120.85,250.68,1.18,176,High Latency,Core network congestion,Check UPF utilization
2026-01-02 19:05:00,Cell_05,-90.53,13.58,124.53,241.98,1.72,171,High Latency,Core network congestion,Check UPF utilization
2026-01-02 19:05:00,Cell_02,-91.36,10.67,115.03,200.38,1.8,153,High Latency,Core network congestion,Check UPF utilization
2026-01-02 19:05:00,Cell_01,-88.91,14.32,122.66,292.99,1.91,191,High Latency,Core network congestion,Check UPF utilization
2026-01-02 19:10:00,Cell_03,-99.73,8.73,114.57,183.27,1.35,161,"Low SINR, High Latency","High interference, Core network congestion","Review neighboring cell configuration, Check UPF utilization"
2026-01-02 19:10:00,Cell_01,-88.49,17.28,133.22,325.21,1.93,189,High Latency,Core network congestion,Check UPF utilization
2026-01-02 19:15:00,Cell_01,-88.92,18.16,124.57,311.07,1.6,181,High Latency,Core network congestion,Check UPF utilization
2026-01-02 19:20:00,Cell_05,-90.94,12.38,121.17,234.55,1.66,167,High Latency,Core network congestion,Check UPF utilization
2026-01-02 19:20:00,Cell_03,-97.53,6.69,111.34,175.15,1.8,153,"Low SINR, High Latency","High interference, Core network congestion","Review neighboring cell configuration, Check UPF utilization"
2026-01-02 19:25:00,Cell_04,-109.0,4.12,93.36,128.44,1.65,129,"Low RSRP, Low SINR, High Latency","Poor radio coverage, High interference, Core network congestion","Optimize antenna tilt, Review neighboring cell configuration, Check UPF utilization"
2026-01-02 19:25:00,Cell_01,-87.05,16.26,113.79,300.51,1.06,179,High Latency,Core network congestion,Check UPF utilization
2026-01-02 19:30:00,Cell_04,-110.96,6.73,88.05,155.14,0.37,129,"Low RSRP, Low SINR, High Latency","Poor radio coverage, High interference, Core network congestion","Optimize antenna tilt, Review neighboring cell configuration, Check UPF utilization"
2026-01-02 19:30:00,Cell_05,-95.95,14.9,127.1,290.13,1.25,183,High Latency,Core network congestion,Check UPF utilization
2026-01-02 19:35:00,Cell_01,-90.68,16.05,122.29,274.31,2.21,173,High Latency,Core network congestion,Check UPF utilization
2026-01-02 19:35:00,Cell_03,-102.2,8.93,106.73,192.18,0.58,148,"Low SINR, High Latency","High interference, Core network congestion","Review neighboring cell configuration, Check UPF utilization"
2026-01-02 19:40:00,Cell_05,-95.45,14.36,115.4,284.77,1.53,179,High Latency,Core network congestion,Check UPF utilization
2026-01-02 19:40:00,Cell_01,-88.51,12.79,130.41,252.28,1.5,180,High Latency,Core network congestion,Check UPF utilization
2026-01-02 19:45:00,Cell_05,-89.99,14.85,117.05,281.03,1.4,178,High Latency,Core network congestion,Check UPF utilization
2026-01-02 19:45:00,Cell_03,-101.0,9.46,122.07,201.5,1.68,152,"Low SINR, High Latency","High interference, Core network congestion","Review neighboring cell configuration, Check UPF utilization"
2026-01-02 19:50:00,Cell_01,-88.78,15.32,121.64,288.22,1.47,177,High Latency,Core network congestion,Check UPF utilization
2026-01-02 19:50:00,Cell_03,-100.98,9.18,110.93,186.32,1.6,149,"Low SINR, High Latency","High interference, Core network congestion","Review neighboring cell configuration, Check UPF utilization"
2026-01-02 19:55:00,Cell_01,-88.53,15.71,117.5,279.38,1.66,176,High Latency,Core network congestion,Check UPF utilization
2026-01-02 20:00:00,Cell_01,-87.39,15.71,125.38,287.98,1.83,174,High Latency,Core network congestion,Check UPF utilization
2026-01-02 20:05:00,Cell_03,-97.55,7.88,115.41,188.21,1.39,154,"Low SINR, High Latency","High interference, Core network congestion","Review neighboring cell configuration, Check UPF utilization"
2026-01-02 20:05:00,Cell_01,-87.69,16.41,124.69,299.7,1.41,179,High Latency,Core network congestion,Check UPF utilization
2026-01-02 20:10:00,Cell_01,-89.48,15.42,125.41,296.92,1.99,187,High Latency,Core network congestion,Check UPF utilization
2026-01-02 20:15:00,Cell_01,-91.64,14.89,117.26,241.84,2.16,162,High Latency,Core network congestion,Check UPF utilization
2026-01-02 20:25:00,Cell_05,-99.68,10.58,152.4,185.97,5.5,155,"High Latency, High Packet Loss","Core network congestion, Backhaul issues","Check UPF utilization, Inspect transport network"
2026-01-02 20:45:00,Cell_01,-106.83,15.27,147.4,191.4,6.59,141,"Low RSRP, High Latency, High Packet Loss","Poor radio coverage, Core network congestion, Backhaul issues","Optimize antenna tilt, Check UPF utilization, Inspect transport network"
2026-01-02 22:15:00,Cell_02,-110.42,6.28,127.87,92.44,3.37,100,"Low RSRP, Low SINR, High Latency, High Packet Loss","Poor radio coverage, High interference, Core network congestion, Backhaul issues","Optimize antenna tilt, Review neighboring cell configuration, Check UPF utilization, Inspect transport network"
2026-01-03 00:05:00,Cell_04,-100.98,5.16,41.37,29.62,0.67,34,"Low SINR, Low Throughput","High interference, Heavy traffic load","Review neighboring cell configuration, Enable load balancing"
2026-01-03 00:15:00,Cell_04,-104.97,9.58,46.71,29.23,0.11,31,"Low SINR, Low Throughput","High interference, Heavy traffic load","Review neighboring cell configuration, Enable load balancing"
2026-01-03 00:20:00,Cell_01,-84.47,20.08,46.76,90.97,0.06,39,Unusual KPI combination,Requires further investigation,Review all network KPIs
2026-01-03 00:25:00,Cell_04,-101.68,10.41,35.31,59.64,0.0,35,Unusual KPI combination,Requires further investigation,Review all network KPIs
2026-01-03 00:35:00,Cell_03,-95.94,15.06,32.94,40.43,0.5,26,Unusual KPI combination,Requires further investigation,Review all network KPIs
2026-01-03 00:35:00,Cell_04,-102.17,9.58,37.5,33.55,0.15,32,"Low SINR, Low Throughput","High interference, Heavy traffic load","Review neighboring cell configuration, Enable load balancing"
2026-01-03 00:40:00,Cell_01,-80.83,20.19,47.18,82.32,0.09,47,Unusual KPI combination,Requires further investigation,Review all network KPIs
2026-01-03 00:40:00,Cell_03,-98.65,14.07,30.7,53.74,0.0,37,Unusual KPI combination,Requires further investigation,Review all network KPIs
2026-01-03 00:50:00,Cell_01,-81.0,17.83,48.84,79.37,0.0,44,Unusual KPI combination,Requires further investigation,Review all network KPIs
2026-01-03 01:00:00,Cell_04,-98.75,6.87,38.82,40.34,0.07,33,Low SINR,High interference,Review neighboring cell configuration
2026-01-03 01:05:00,Cell_01,-80.04,19.33,47.97,80.83,0.11,48,Unusual KPI combination,Requires further investigation,Review all network KPIs
2026-01-03 01:05:00,Cell_04,-100.76,9.64,38.41,32.99,0.44,25,"Low SINR, Low Throughput","High interference, Heavy traffic load","Review neighboring cell configuration, Enable load balancing"
2026-01-03 01:10:00,Cell_02,-101.78,11.75,78.95,27.12,5.1,34,"High Packet Loss, Low Throughput","Backhaul issues, Heavy traffic load","Inspect transport network, Enable load balancing"
2026-01-03 01:15:00,Cell_04,-104.32,8.61,34.46,23.62,0.3,26,"Low SINR, Low Throughput","High interference, Heavy traffic load","Review neighboring cell configuration, Enable load balancing"
2026-01-03 01:15:00,Cell_05,-89.26,16.64,44.5,53.16,0.0,34,Unusual KPI combination,Requires further investigation,Review all network KPIs
2026-01-03 01:20:00,Cell_04,-101.18,7.12,41.12,34.44,0.71,35,"Low SINR, Low Throughput","High interference, Heavy traffic load","Review neighboring cell configuration, Enable load balancing"
2026-01-03 01:25:00,Cell_04,-108.48,8.27,44.99,28.85,0.2,28,"Low RSRP, Low SINR, Low Throughput","Poor radio coverage, High interference, Heavy traffic load","Optimize antenna tilt, Review neighboring cell configuration, Enable load balancing"
2026-01-03 01:25:00,Cell_01,-85.26,20.76,38.26,71.06,0.84,37,Unusual KPI combination,Requires further investigation,Review all network KPIs
2026-01-03 01:30:00,Cell_04,-104.86,6.78,40.09,43.77,0.07,34,Low SINR,High interference,Review neighboring cell configuration
2026-01-03 01:40:00,Cell_04,-105.75,6.85,37.65,41.04,0.28,36,"Low RSRP, Low SINR","Poor radio coverage, High interference","Optimize antenna tilt, Review neighboring cell configuration"
2026-01-03 01:45:00,Cell_04,-103.01,7.59,38.38,22.06,0.19,26,"Low SINR, Low Throughput","High interference, Heavy traffic load","Review neighboring cell configuration, Enable load balancing"
2026-01-03 01:50:00,Cell_04,-104.18,6.04,37.08,24.89,0.31,23,"Low SINR, Low Throughput","High interference, Heavy traffic load","Review neighboring cell configuration, Enable load balancing"
2026-01-03 02:00:00,Cell_04,-101.06,7.87,35.3,43.15,0.5,32,Low SINR,High interference,Review neighboring cell configuration
2026-01-03 02:05:00,Cell_02,-102.39,9.57,98.97,36.11,4.2,41,"Low SINR, High Latency, High Packet Loss, Low Throughput","High interference, Core network congestion, Backhaul issues, Heavy traffic load","Review neighboring cell configuration, Check UPF utilization, Inspect transport network, Enable load balancing"
2026-01-03 02:05:00,Cell_04,-99.11,6.46,39.81,17.13,0.29,33,"Low SINR, Low Throughput","High interference, Heavy traffic load","Review neighboring cell configuration, Enable load balancing"
2026-01-03 02:15:00,Cell_03,-94.72,12.36,33.61,50.05,0.28,34,Unusual KPI combination,Requires further investigation,Review all network KPIs
2026-01-03 02:15:00,Cell_04,-106.51,7.85,35.71,52.0,0.2,39,"Low RSRP, Low SINR","Poor radio coverage, High interference","Optimize antenna tilt, Review neighboring cell configuration"
2026-01-03 02:15:00,Cell_01,-79.98,18.45,53.26,79.96,0.0,47,Unusual KPI combination,Requires further investigation,Review all network KPIs
2026-01-03 02:25:00,Cell_04,-101.94,6.59,39.94,30.21,0.5,29,"Low SINR, Low Throughput","High interference, Heavy traffic load","Review neighboring cell configuration, Enable load balancing"
2026-01-03 02:40:00,Cell_02,-86.03,14.39,42.05,47.5,0.25,34,Unusual KPI combination,Requires further investigation,Review all network KPIs
2026-01-03 02:50:00,Cell_04,-103.98,6.46,40.95,43.83,0.0,34,Low SINR,High interference,Review neighboring cell configuration
2026-01-03 03:05:00,Cell_01,-76.02,17.87,42.27,79.23,0.28,45,Unusual KPI combination,Requires further investigation,Review all network KPIs
2026-01-03 03:10:00,Cell_04,-105.79,6.95,37.78,37.94,0.29,21,"Low RSRP, Low SINR, Low Throughput","Poor radio coverage, High interference, Heavy traffic load","Optimize antenna tilt, Review neighboring cell configuration, Enable load balancing"
2026-01-03 03:10:00,Cell_05,-84.45,18.08,50.2,70.35,0.0,38,Unusual KPI combination,Requires further investigation,Review all network KPIs
2026-01-03 03:10:00,Cell_03,-93.06,11.36,34.43,49.22,0.0,35,Unusual KPI combination,Requires further investigation,Review all network KPIs
2026-01-03 03:15:00,Cell_04,-102.02,6.74,32.81,35.54,0.18,28,"Low SINR, Low Throughput","High interference, Heavy traffic load","Review neighboring cell configuration, Enable load balancing"
2026-01-03 03:25:00,Cell_04,-102.72,8.57,37.52,34.3,0.09,34,"Low SINR, Low Throughput","High interference, Heavy traffic load","Review neighboring cell configuration, Enable load balancing"
2026-01-03 03:35:00,Cell_04,-104.87,6.47,33.77,26.16,0.34,26,"Low SINR, Low Throughput","High interference, Heavy traffic load","Review neighboring cell configuration, Enable load balancing"
2026-01-03 03:35:00,Cell_05,-81.51,14.01,44.73,68.78,0.05,42,Unusual KPI combination,Requires further investigation,Review all network KPIs
2026-01-03 03:40:00,Cell_02,-87.87,12.83,38.82,39.9,0.0,28,Low Throughput,Heavy traffic load,Enable load balancing
2026-01-03 03:45:00,Cell_04,-107.43,7.7,46.56,36.34,0.31,32,"Low RSRP, Low SINR, Low Throughput","Poor radio coverage, High interference, Heavy traffic load","Optimize antenna tilt, Review neighboring cell configuration, Enable load balancing"
2026-01-03 03:55:00,Cell_01,-79.48,19.21,42.72,86.56,0.02,42,Unusual KPI combination,Requires further investigation,Review all network KPIs
2026-01-03 04:10:00,Cell_01,-79.9,18.76,44.34,81.25,0.21,42,Unusual KPI combination,Requires further investigation,Review all network KPIs
2026-01-03 04:35:00,Cell_04,-104.81,8.52,32.17,44.15,0.0,40,Low SINR,High interference,Review neighboring cell configuration
2026-01-03 04:45:00,Cell_04,-101.66,9.0,34.95,38.97,0.0,28,"Low SINR, Low Throughput","High interference, Heavy traffic load","Review neighboring cell configuration, Enable load balancing"
2026-01-03 04:50:00,Cell_04,-100.94,8.98,39.85,34.39,0.0,30,"Low SINR, Low Throughput","High interference, Heavy traffic load","Review neighboring cell configuration, Enable load balancing"
2026-01-03 05:15:00,Cell_02,-84.2,15.43,43.99,51.14,0.12,36,Unusual KPI combination,Requires further investigation,Review all network KPIs
2026-01-03 05:30:00,Cell_04,-100.55,9.68,39.4,42.61,0.14,30,Low SINR,High interference,Review neighboring cell configuration
2026-01-03 06:00:00,Cell_04,-98.17,8.15,32.22,40.89,0.0,33,Low SINR,High interference,Review neighboring cell configuration
2026-01-03 07:05:00,Cell_01,-99.56,16.41,99.41,69.36,4.72,78,"High Latency, High Packet Loss","Core network congestion, Backhaul issues","Check UPF utilization, Inspect transport network"
2026-01-03 08:15:00,Cell_02,-107.5,10.16,114.24,73.34,6.55,88,"Low RSRP, High Latency, High Packet Loss","Poor radio coverage, Core network congestion, Backhaul issues","Optimize antenna tilt, Check UPF utilization, Inspect transport network"
2026-01-03 09:35:00,Cell_01,-104.93,10.6,137.11,101.83,6.47,120,"High Latency, High Packet Loss","Core network congestion, Backhaul issues","Check UPF utilization, Inspect transport network"
2026-01-03 10:00:00,Cell_01,-97.42,15.53,141.88,111.86,5.84,119,"High Latency, High Packet Loss","Core network congestion, Backhaul issues","Check UPF utilization, Inspect transport network"
2026-01-03 11:25:00,Cell_01,-94.86,8.79,139.61,130.04,4.74,105,"Low SINR, High Latency, High Packet Loss","High interference, Core network congestion, Backhaul issues","Review neighboring cell configuration, Check UPF utilization, Inspect transport network"
2026-01-03 11:40:00,Cell_01,-100.09,14.25,150.26,101.56,2.87,98,High Latency,Core network congestion,Check UPF utilization
2026-01-03 12:50:00,Cell_05,-102.37,10.48,122.73,105.98,5.07,87,"High Latency, High Packet Loss","Core network congestion, Backhaul issues","Check UPF utilization, Inspect transport network"
2026-01-03 15:35:00,Cell_02,-98.33,9.81,106.1,99.34,4.6,81,"Low SINR, High Latency, High Packet Loss","High interference, Core network congestion, Backhaul issues","Review neighboring cell configuration, Check UPF utilization, Inspect transport network"
2026-01-03 16:25:00,Cell_01,-104.26,12.82,166.86,128.9,5.2,112,"High Latency, High Packet Loss","Core network congestion, Backhaul issues","Check UPF utilization, Inspect transport network"
2026-01-03 16:25:00,Cell_05,-100.21,11.52,107.13,74.65,6.45,92,"High Latency, High Packet Loss","Core network congestion, Backhaul issues","Check UPF utilization, Inspect transport network"
2026-01-03 16:30:00,Cell_03,-116.35,4.47,128.1,53.99,7.37,94,"Low RSRP, Low SINR, High Latency, High Packet Loss","Poor radio coverage, High interference, Core network congestion, Backhaul issues","Optimize antenna tilt, Review neighboring cell configuration, Check UPF utilization, Inspect transport network"
2026-01-03 17:35:00,Cell_03,-114.61,7.6,152.06,100.48,6.71,109,"Low RSRP, Low SINR, High Latency, High Packet Loss","Poor radio coverage, High interference, Core network congestion, Backhaul issues","Optimize antenna tilt, Review neighboring cell configuration, Check UPF utilization, Inspect transport network"
2026-01-03 17:55:00,Cell_04,-116.62,0.61,155.25,58.5,3.67,95,"Low RSRP, Low SINR, High Latency, High Packet Loss","Poor radio coverage, High interference, Core network congestion, Backhaul issues","Optimize antenna tilt, Review neighboring cell configuration, Check UPF utilization, Inspect transport network"
2026-01-03 18:20:00,Cell_02,-106.15,14.32,124.35,134.19,4.51,132,"Low RSRP, High Latency, High Packet Loss","Poor radio coverage, Core network congestion, Backhaul issues","Optimize antenna tilt, Check UPF utilization, Inspect transport network"
2026-01-03 19:00:00,Cell_02,-105.74,10.48,182.24,110.45,5.69,132,"Low RSRP, High Latency, High Packet Loss","Poor radio coverage, Core network congestion, Backhaul issues","Optimize antenna tilt, Check UPF utilization, Inspect transport network"
2026-01-03 19:05:00,Cell_03,-116.79,0.79,165.5,71.25,5.29,118,"Low RSRP, Low SINR, High Latency, High Packet Loss","Poor radio coverage, High interference, Core network congestion, Backhaul issues","Optimize antenna tilt, Review neighboring cell configuration, Check UPF utilization, Inspect transport network"
2026-01-03 19:40:00,Cell_04,-108.77,2.97,79.47,82.54,1.14,97,"Low RSRP, Low SINR","Poor radio coverage, High interference","Optimize antenna tilt, Review neighboring cell configuration"
2026-01-03 19:40:00,Cell_05,-113.37,10.46,180.09,130.46,6.28,142,"Low RSRP, High Latency, High Packet Loss","Poor radio coverage, Core network congestion, Backhaul issues","Optimize antenna tilt, Check UPF utilization, Inspect transport network"
2026-01-03 20:10:00,Cell_01,-80.73,16.82,105.6,245.17,1.58,145,High Latency,Core network congestion,Check UPF utilization
2026-01-03 23:00:00,Cell_04,-108.67,4.88,52.06,57.29,0.0,54,"Low RSRP, Low SINR","Poor radio coverage, High interference","Optimize antenna tilt, Review neighboring cell configuration"
2026-01-04 00:05:00,Cell_04,-104.96,6.75,40.46,40.93,0.05,28,Low SINR,High interference,Review neighboring cell configuration
2026-01-04 00:05:00,Cell_02,-90.06,16.74,40.0,76.51,0.01,37,Unusual KPI combination,Requires further investigation,Review all network KPIs
2026-01-04 00:15:00,Cell_04,-100.65,8.64,28.9,10.65,0.42,14,"Low SINR, Low Throughput","High interference, Heavy traffic load","Review neighboring cell configuration, Enable load balancing"
2026-01-04 00:20:00,Cell_04,-100.96,10.87,37.54,36.63,0.54,28,Low Throughput,Heavy traffic load,Enable load balancing
2026-01-04 00:25:00,Cell_01,-81.48,19.66,46.5,85.82,0.21,41,Unusual KPI combination,Requires further investigation,Review all network KPIs
2026-01-04 00:30:00,Cell_04,-98.39,7.25,42.38,26.29,0.0,34,"Low SINR, Low Throughput","High interference, Heavy traffic load","Review neighboring cell configuration, Enable load balancing"
2026-01-04 00:35:00,Cell_04,-108.18,6.26,43.16,46.97,0.29,36,"Low RSRP, Low SINR","Poor radio coverage, High interference","Optimize antenna tilt, Review neighboring cell configuration"
2026-01-04 00:35:00,Cell_05,-104.94,10.84,120.37,39.51,7.17,48,"High Latency, High Packet Loss, Low Throughput","Core network congestion, Backhaul issues, Heavy traffic load","Check UPF utilization, Inspect transport network, Enable load balancing"
2026-01-04 00:40:00,Cell_04,-100.06,9.22,36.9,36.44,0.0,32,"Low SINR, Low Throughput","High interference, Heavy traffic load","Review neighboring cell configuration, Enable load balancing"
2026-01-04 00:40:00,Cell_03,-90.91,13.66,40.28,36.99,0.1,33,Low Throughput,Heavy traffic load,Enable load balancing
2026-01-04 00:45:00,Cell_01,-79.34,21.68,50.73,84.44,0.0,50,Unusual KPI combination,Requires further investigation,Review all network KPIs
2026-01-04 00:50:00,Cell_04,-101.36,8.04,38.22,31.11,0.0,33,"Low SINR, Low Throughput","High interference, Heavy traffic load","Review neighboring cell configuration, Enable load balancing"
2026-01-04 00:55:00,Cell_01,-83.32,22.09,33.91,75.86,0.17,33,Unusual KPI combination,Requires further investigation,Review all network KPIs
2026-01-04 01:10:00,Cell_04,-100.28,8.64,39.29,33.59,0.54,26,"Low SINR, Low Throughput","High interference, Heavy traffic load","Review neighboring cell configuration, Enable load balancing"
2026-01-04 01:20:00,Cell_04,-99.64,5.05,37.76,32.34,0.21,33,"Low SINR, Low Throughput","High interference, Heavy traffic load","Review neighboring cell configuration, Enable load balancing"
2026-01-04 01:25:00,Cell_04,-105.01,5.76,36.62,40.25,0.44,36,"Low RSRP, Low SINR","Poor radio coverage, High interference","Optimize antenna tilt, Review neighboring cell configuration"
2026-01-04 01:25:00,Cell_03,-92.77,11.55,43.06,42.47,0.0,33,Unusual KPI combination,Requires further investigation,Review all network KPIs
2026-01-04 01:40:00,Cell_04,-105.92,9.81,38.67,31.25,0.23,32,"Low RSRP, Low SINR, Low Throughput","Poor radio coverage, High interference, Heavy traffic load","Optimize antenna tilt, Review neighboring cell configuration, Enable load balancing"
2026-01-04 02:00:00,Cell_03,-96.92,13.47,38.93,39.47,0.0,36,Low Throughput,Heavy traffic load,Enable load balancing
2026-01-04 02:10:00,Cell_02,-92.68,18.1,37.22,40.34,0.05,27,Unusual KPI combination,Requires further investigation,Review all network KPIs
2026-01-04 02:10:00,Cell_03,-104.19,7.59,83.37,41.41,5.15,41,"Low SINR, High Latency, High Packet Loss","High interference, Core network congestion, Backhaul issues","Review neighboring cell configuration, Check UPF utilization, Inspect transport network"
2026-01-04 02:15:00,Cell_01,-81.85,22.7,39.03,77.38,0.32,36,Unusual KPI combination,Requires further investigation,Review all network KPIs
2026-01-04 02:20:00,Cell_03,-95.46,13.65,35.97,51.16,0.09,34,Unusual KPI combination,Requires further investigation,Review all network KPIs
2026-01-04 02:25:00,Cell_04,-104.89,7.99,38.71,41.88,0.16,31,Low SINR,High interference,Review neighboring cell configuration
2026-01-04 02:30:00,Cell_04,-95.7,9.11,35.47,29.24,0.38,24,"Low SINR, Low Throughput","High interference, Heavy traffic load","Review neighboring cell configuration, Enable load balancing"
2026-01-04 02:35:00,Cell_05,-85.34,17.56,51.18,53.13,0.02,39,Unusual KPI combination,Requires further investigation,Review all network KPIs
2026-01-04 02:40:00,Cell_04,-99.53,7.99,39.35,32.45,0.47,26,"Low SINR, Low Throughput","High interference, Heavy traffic load","Review neighboring cell configuration, Enable load balancing"
2026-01-04 02:55:00,Cell_04,-97.11,10.29,47.74,35.08,0.0,23,Low Throughput,Heavy traffic load,Enable load balancing
2026-01-04 03:00:00,Cell_04,-98.63,5.44,37.29,40.65,0.25,27,Low SINR,High interference,Review neighboring cell configuration
2026-01-04 03:10:00,Cell_04,-103.4,5.84,44.86,8.54,0.0,29,"Low SINR, Low Throughput","High interference, Heavy traffic load","Review neighboring cell configuration, Enable load balancing"
2026-01-04 03:20:00,Cell_02,-84.89,15.02,26.95,39.65,0.51,27,Low Throughput,Heavy traffic load,Enable load balancing
2026-01-04 03:25:00,Cell_02,-86.6,17.31,36.19,62.5,0.2,39,Unusual KPI combination,Requires further investigation,Review all network KPIs
2026-01-04 03:40:00,Cell_01,-81.77,20.39,49.87,77.07,0.0,45,Unusual KPI combination,Requires further investigation,Review all network KPIs
2026-01-04 03:50:00,Cell_04,-102.16,6.32,45.73,36.59,0.1,27,"Low SINR, Low Throughput","High interference, Heavy traffic load","Review neighboring cell configuration, Enable load balancing"
2026-01-04 04:05:00,Cell_04,-102.93,7.14,45.0,29.76,0.62,25,"Low SINR, Low Throughput","High interference, Heavy traffic load","Review neighboring cell configuration, Enable load balancing"
2026-01-04 04:20:00,Cell_04,-98.03,8.37,38.85,37.2,0.04,33,"Low SINR, Low Throughput","High interference, Heavy traffic load","Review neighboring cell configuration, Enable load balancing"
2026-01-04 04:40:00,Cell_04,-99.31,11.32,38.75,55.29,0.03,30,Unusual KPI combination,Requires further investigation,Review all network KPIs
2026-01-04 04:45:00,Cell_04,-101.31,6.65,41.63,27.78,0.0,30,"Low SINR, Low Throughput","High interference, Heavy traffic load","Review neighboring cell configuration, Enable load balancing"
2026-01-04 05:00:00,Cell_04,-104.36,10.41,36.09,35.27,0.19,25,Low Throughput,Heavy traffic load,Enable load balancing
2026-01-04 05:05:00,Cell_02,-100.91,10.9,105.88,52.68,5.23,56,"High Latency, High Packet Loss","Core network congestion, Backhaul issues","Check UPF utilization, Inspect transport network"
2026-01-04 05:55:00,Cell_04,-106.31,6.87,45.94,45.24,0.05,40,"Low RSRP, Low SINR","Poor radio coverage, High interference","Optimize antenna tilt, Review neighboring cell configuration"
2026-01-04 06:10:00,Cell_04,-104.72,9.85,34.0,22.16,0.19,33,"Low SINR, Low Throughput","High interference, Heavy traffic load","Review neighboring cell configuration, Enable load balancing"
2026-01-04 06:35:00,Cell_04,-97.96,5.78,42.87,40.0,0.63,36,Low SINR,High interference,Review neighboring cell configuration
2026-01-04 06:55:00,Cell_03,-111.36,3.53,101.82,43.85,5.6,66,"Low RSRP, Low SINR, High Latency, High Packet Loss","Poor radio coverage, High interference, Core network congestion, Backhaul issues","Optimize antenna tilt, Review neighboring cell configuration, Check UPF utilization, Inspect transport network"
2026-01-04 07:00:00,Cell_03,-110.72,8.65,114.51,62.45,5.9,70,"Low RSRP, Low SINR, High Latency, High Packet Loss","Poor radio coverage, High interference, Core network congestion, Backhaul issues","Optimize antenna tilt, Review neighboring cell configuration, Check UPF utilization, Inspect transport network"
2026-01-04 07:30:00,Cell_03,-102.0,5.37,132.87,80.16,3.38,77,"Low SINR, High Latency, High Packet Loss","High interference, Core network congestion, Backhaul issues","Review neighboring cell configuration, Check UPF utilization, Inspect transport network"
2026-01-04 08:00:00,Cell_04,-113.09,2.29,128.43,58.85,6.91,70,"Low RSRP, Low SINR, High Latency, High Packet Loss","Poor radio coverage, High interference, Core network congestion, Backhaul issues","Optimize antenna tilt, Review neighboring cell configuration, Check UPF utilization, Inspect transport network"
2026-01-04 08:25:00,Cell_04,-109.04,3.79,66.66,59.36,0.29,64,"Low RSRP, Low SINR","Poor radio coverage, High interference","Optimize antenna tilt, Review neighboring cell configuration"
2026-01-04 09:50:00,Cell_01,-98.5,12.35,154.41,97.61,3.03,116,"High Latency, High Packet Loss","Core network congestion, Backhaul issues","Check UPF utilization, Inspect transport network"
2026-01-04 10:10:00,Cell_04,-112.87,-0.62,98.97,33.68,6.67,62,"Low RSRP, Low SINR, High Latency, High Packet Loss, Low Throughput","Poor radio coverage, High interference, Core network congestion, Backhaul issues, Heavy traffic load","Optimize antenna tilt, Review neighboring cell configuration, Check UPF utilization, Inspect transport network, Enable load balancing"
2026-01-04 11:05:00,Cell_04,-115.81,2.03,122.76,44.23,6.46,70,"Low RSRP, Low SINR, High Latency, High Packet Loss","Poor radio coverage, High interference, Core network congestion, Backhaul issues","Optimize antenna tilt, Review neighboring cell configuration, Check UPF utilization, Inspect transport network"
2026-01-04 11:20:00,Cell_03,-109.6,5.0,106.72,67.25,4.95,86,"Low RSRP, Low SINR, High Latency, High Packet Loss","Poor radio coverage, High interference, Core network congestion, Backhaul issues","Optimize antenna tilt, Review neighboring cell configuration, Check UPF utilization, Inspect transport network"
2026-01-04 12:30:00,Cell_05,-110.27,11.67,128.88,83.2,3.42,94,"Low RSRP, High Latency, High Packet Loss","Poor radio coverage, Core network congestion, Backhaul issues","Optimize antenna tilt, Check UPF utilization, Inspect transport network"
2026-01-04 13:10:00,Cell_04,-99.55,5.59,46.6,27.23,0.0,40,"Low SINR, Low Throughput","High interference, Heavy traffic load","Review neighboring cell configuration, Enable load balancing"
2026-01-04 13:50:00,Cell_05,-101.78,9.39,102.05,59.8,7.63,81,"Low SINR, High Latency, High Packet Loss","High interference, Core network congestion, Backhaul issues","Review neighboring cell configuration, Check UPF utilization, Inspect transport network"
2026-01-04 14:00:00,Cell_05,-94.38,11.51,135.87,67.63,2.92,70,High Latency,Core network congestion,Check UPF utilization
2026-01-04 15:45:00,Cell_02,-102.31,9.79,96.31,70.65,6.02,83,"Low SINR, High Latency, High Packet Loss","High interference, Core network congestion, Backhaul issues","Review neighboring cell configuration, Check UPF utilization, Inspect transport network"
2026-01-04 16:05:00,Cell_04,-121.64,0.43,136.35,43.58,7.03,66,"Low RSRP, Low SINR, High Latency, High Packet Loss","Poor radio coverage, High interference, Core network congestion, Backhaul issues","Optimize antenna tilt, Review neighboring cell configuration, Check UPF utilization, Inspect transport network"
2026-01-04 17:20:00,Cell_03,-113.54,4.38,124.37,73.82,3.56,105,"Low RSRP, Low SINR, High Latency, High Packet Loss","Poor radio coverage, High interference, Core network congestion, Backhaul issues","Optimize antenna tilt, Review neighboring cell configuration, Check UPF utilization, Inspect transport network"
2026-01-04 18:40:00,Cell_01,-84.62,19.47,108.72,259.98,1.57,141,High Latency,Core network congestion,Check UPF utilization
2026-01-04 18:55:00,Cell_04,-123.04,1.11,144.17,56.49,6.56,100,"Low RSRP, Low SINR, High Latency, High Packet Loss","Poor radio coverage, High interference, Core network congestion, Backhaul issues","Optimize antenna tilt, Review neighboring cell configuration, Check UPF utilization, Inspect transport network"
2026-01-04 20:25:00,Cell_01,-103.76,10.89,163.23,136.23,5.11,128,"High Latency, High Packet Loss","Core network congestion, Backhaul issues","Check UPF utilization, Inspect transport network"
2026-01-04 21:05:00,Cell_05,-103.47,7.56,136.91,92.85,3.15,111,"Low SINR, High Latency, High Packet Loss","High interference, Core network congestion, Backhaul issues","Review neighboring cell configuration, Check UPF utilization, Inspect transport network"
2026-01-04 23:45:00,Cell_04,-101.85,7.8,31.69,24.46,0.45,24,"Low SINR, Low Throughput","High interference, Heavy traffic load","Review neighboring cell configuration, Enable load balancing"
2026-01-05 00:05:00,Cell_01,-80.69,20.55,50.16,105.24,0.05,52,Unusual KPI combination,Requires further investigation,Review all network KPIs
2026-01-05 01:10:00,Cell_04,-106.42,8.83,44.49,42.13,0.3,24,"Low RSRP, Low SINR","Poor radio coverage, High interference","Optimize antenna tilt, Review neighboring cell configuration"
2026-01-05 01:15:00,Cell_01,-90.61,10.12,121.73,91.77,6.07,75,"High Latency, High Packet Loss","Core network congestion, Backhaul issues","Check UPF utilization, Inspect transport network"
2026-01-05 01:20:00,Cell_04,-108.19,3.46,110.95,35.59,3.89,46,"Low RSRP, Low SINR, High Latency, High Packet Loss, Low Throughput","Poor radio coverage, High interference, Core network congestion, Backhaul issues, Heavy traffic load","Optimize antenna tilt, Review neighboring cell configuration, Check UPF utilization, Inspect transport network, Enable load balancing"
2026-01-05 01:35:00,Cell_04,-107.67,9.78,38.8,33.31,0.18,35,"Low RSRP, Low SINR, Low Throughput","Poor radio coverage, High interference, Heavy traffic load","Optimize antenna tilt, Review neighboring cell configuration, Enable load balancing"
2026-01-05 01:45:00,Cell_04,-99.04,6.18,45.51,25.53,0.94,27,"Low SINR, Low Throughput","High interference, Heavy traffic load","Review neighboring cell configuration, Enable load balancing"
2026-01-05 02:00:00,Cell_04,-104.12,10.43,37.06,52.62,0.88,32,Unusual KPI combination,Requires further investigation,Review all network KPIs
2026-01-05 02:20:00,Cell_04,-119.58,4.07,106.27,26.61,4.1,38,"Low RSRP, Low SINR, High Latency, High Packet Loss, Low Throughput","Poor radio coverage, High interference, Core network congestion, Backhaul issues, Heavy traffic load","Optimize antenna tilt, Review neighboring cell configuration, Check UPF utilization, Inspect transport network, Enable load balancing"
2026-01-05 03:00:00,Cell_04,-105.76,6.96,37.37,29.29,0.09,37,"Low RSRP, Low SINR, Low Throughput","Poor radio coverage, High interference, Heavy traffic load","Optimize antenna tilt, Review neighboring cell configuration, Enable load balancing"
2026-01-05 03:30:00,Cell_04,-124.7,-0.39,114.01,36.8,3.76,49,"Low RSRP, Low SINR, High Latency, High Packet Loss, Low Throughput","Poor radio coverage, High interference, Core network congestion, Backhaul issues, Heavy traffic load","Optimize antenna tilt, Review neighboring cell configuration, Check UPF utilization, Inspect transport network, Enable load balancing"
2026-01-05 03:55:00,Cell_04,-105.88,9.36,42.66,53.19,0.0,35,"Low RSRP, Low SINR","Poor radio coverage, High interference","Optimize antenna tilt, Review neighboring cell configuration"
2026-01-05 04:15:00,Cell_04,-103.27,5.55,32.62,43.05,0.31,32,Low SINR,High interference,Review neighboring cell configuration
2026-01-05 04:50:00,Cell_01,-97.56,15.38,129.52,72.83,5.37,67,"High Latency, High Packet Loss","Core network congestion, Backhaul issues","Check UPF utilization, Inspect transport network"
2026-01-05 06:30:00,Cell_01,-80.96,19.63,66.91,142.61,0.0,78,Unusual KPI combination,Requires further investigation,Review all network KPIs
2026-01-05 06:35:00,Cell_02,-101.36,11.63,142.25,89.51,4.26,92,"High Latency, High Packet Loss","Core network congestion, Backhaul issues","Check UPF utilization, Inspect transport network"
2026-01-05 07:20:00,Cell_02,-110.44,8.2,98.48,105.31,7.15,97,"Low RSRP, Low SINR, High Latency, High Packet Loss","Poor radio coverage, High interference, Core network congestion, Backhaul issues","Optimize antenna tilt, Review neighboring cell configuration, Check UPF utilization, Inspect transport network"
2026-01-05 07:50:00,Cell_02,-109.94,8.7,151.92,110.09,3.72,99,"Low RSRP, Low SINR, High Latency, High Packet Loss","Poor radio coverage, High interference, Core network congestion, Backhaul issues","Optimize antenna tilt, Review neighboring cell configuration, Check UPF utilization, Inspect transport network"
2026-01-05 08:10:00,Cell_05,-102.99,8.1,121.95,67.55,6.78,108,"Low SINR, High Latency, High Packet Loss","High interference, Core network congestion, Backhaul issues","Review neighboring cell configuration, Check UPF utilization, Inspect transport network"
2026-01-05 09:10:00,Cell_01,-84.92,18.14,101.54,257.55,1.71,147,High Latency,Core network congestion,Check UPF utilization
2026-01-05 10:00:00,Cell_05,-109.0,10.02,188.98,97.71,6.47,147,"Low RSRP, High Latency, High Packet Loss","Poor radio coverage, Core network congestion, Backhaul issues","Optimize antenna tilt, Check UPF utilization, Inspect transport network"
2026-01-05 10:10:00,Cell_04,-111.86,3.85,133.77,56.59,7.0,91,"Low RSRP, Low SINR, High Latency, High Packet Loss","Poor radio coverage, High interference, Core network congestion, Backhaul issues","Optimize antenna tilt, Review neighboring cell configuration, Check UPF utilization, Inspect transport network"
2026-01-05 13:20:00,Cell_04,-110.16,3.83,138.26,45.66,6.14,62,"Low RSRP, Low SINR, High Latency, High Packet Loss","Poor radio coverage, High interference, Core network congestion, Backhaul issues","Optimize antenna tilt, Review neighboring cell configuration, Check UPF utilization, Inspect transport network"
2026-01-05 14:05:00,Cell_02,-100.78,10.94,109.96,93.01,2.94,83,High Latency,Core network congestion,Check UPF utilization
2026-01-05 14:20:00,Cell_02,-107.37,8.88,114.18,83.13,4.1,85,"Low RSRP, Low SINR, High Latency, High Packet Loss","Poor radio coverage, High interference, Core network congestion, Backhaul issues","Optimize antenna tilt, Review neighboring cell configuration, Check UPF utilization, Inspect transport network"
2026-01-05 14:45:00,Cell_03,-106.01,6.5,112.7,52.72,5.17,78,"Low RSRP, Low SINR, High Latency, High Packet Loss","Poor radio coverage, High interference, Core network congestion, Backhaul issues","Optimize antenna tilt, Review neighboring cell configuration, Check UPF utilization, Inspect transport network"
2026-01-05 16:05:00,Cell_02,-108.32,9.49,157.81,93.15,5.2,95,"Low RSRP, Low SINR, High Latency, High Packet Loss","Poor radio coverage, High interference, Core network congestion, Backhaul issues","Optimize antenna tilt, Review neighboring cell configuration, Check UPF utilization, Inspect transport network"
2026-01-05 16:15:00,Cell_03,-105.92,7.84,150.26,65.67,5.93,101,"Low RSRP, Low SINR, High Latency, High Packet Loss","Poor radio coverage, High interference, Core network congestion, Backhaul issues","Optimize antenna tilt, Review neighboring cell configuration, Check UPF utilization, Inspect transport network"
2026-01-05 17:00:00,Cell_01,-84.46,19.98,106.52,279.02,1.41,152,High Latency,Core network congestion,Check UPF utilization
2026-01-05 17:10:00,Cell_04,-120.66,0.93,153.94,74.56,3.87,99,"Low RSRP, Low SINR, High Latency, High Packet Loss","Poor radio coverage, High interference, Core network congestion, Backhaul issues","Optimize antenna tilt, Review neighboring cell configuration, Check UPF utilization, Inspect transport network"
2026-01-05 17:40:00,Cell_03,-103.49,10.56,120.66,189.54,1.38,142,High Latency,Core network congestion,Check UPF utilization
2026-01-05 17:40:00,Cell_01,-85.56,17.9,112.96,298.67,1.55,172,High Latency,Core network congestion,Check UPF utilization
2026-01-05 17:45:00,Cell_01,-84.99,18.3,123.49,317.65,1.23,177,High Latency,Core network congestion,Check UPF utilization
2026-01-05 17:50:00,Cell_04,-109.14,5.31,83.13,119.93,1.32,120,"Low RSRP, Low SINR, High Latency","Poor radio coverage, High interference, Core network congestion","Optimize antenna tilt, Review neighboring cell configuration, Check UPF utilization"
2026-01-05 17:55:00,Cell_01,-84.94,18.37,126.92,306.83,1.68,170,High Latency,Core network congestion,Check UPF utilization
2026-01-05 18:00:00,Cell_01,-103.96,10.72,191.39,185.95,3.77,174,"High Latency, High Packet Loss","Core network congestion, Backhaul issues","Check UPF utilization, Inspect transport network"
2026-01-05 18:00:00,Cell_05,-91.75,16.06,109.45,268.79,1.94,164,High Latency,Core network congestion,Check UPF utilization
2026-01-05 18:10:00,Cell_01,-86.63,16.37,115.08,324.99,1.31,185,High Latency,Core network congestion,Check UPF utilization
2026-01-05 18:15:00,Cell_04,-107.16,4.79,99.01,136.53,0.69,133,"Low RSRP, Low SINR, High Latency","Poor radio coverage, High interference, Core network congestion","Optimize antenna tilt, Review neighboring cell configuration, Check UPF utilization"
2026-01-05 18:15:00,Cell_01,-84.92,15.64,118.23,279.55,1.35,172,High Latency,Core network congestion,Check UPF utilization
2026-01-05 18:15:00,Cell_05,-88.77,16.34,117.38,263.42,1.89,159,High Latency,Core network congestion,Check UPF utilization
2026-01-05 18:20:00,Cell_02,-90.44,11.8,126.6,254.91,1.29,174,High Latency,Core network congestion,Check UPF utilization
2026-01-05 18:20:00,Cell_05,-89.55,16.08,120.58,289.05,1.52,173,High Latency,Core network congestion,Check UPF utilization
2026-01-05 18:20:00,Cell_01,-90.13,16.91,127.85,304.25,1.37,177,High Latency,Core network congestion,Check UPF utilization
2026-01-05 18:25:00,Cell_04,-108.09,5.93,94.42,128.55,1.21,121,"Low RSRP, Low SINR, High Latency","Poor radio coverage, High interference, Core network congestion","Optimize antenna tilt, Review neighboring cell configuration, Check UPF utilization"
2026-01-05 18:25:00,Cell_05,-96.08,11.66,122.26,237.98,1.61,172,High Latency,Core network congestion,Check UPF utilization
2026-01-05 18:25:00,Cell_01,-80.91,17.37,123.92,297.43,1.76,176,High Latency,Core network congestion,Check UPF utilization
2026-01-05 18:30:00,Cell_05,-96.91,11.65,134.84,264.91,1.55,178,High Latency,Core network congestion,Check UPF utilization
2026-01-05 18:30:00,Cell_01,-88.96,15.2,133.57,298.33,1.57,187,High Latency,Core network congestion,Check UPF utilization
2026-01-05 18:35:00,Cell_01,-93.41,15.08,126.9,295.28,1.89,180,High Latency,Core network congestion,Check UPF utilization
2026-01-05 18:40:00,Cell_03,-99.58,6.85,114.35,165.98,1.24,161,"Low SINR, High Latency","High interference, Core network congestion","Review neighboring cell configuration, Check UPF utilization"
2026-01-05 18:40:00,Cell_01,-90.3,15.68,137.03,312.64,1.8,195,High Latency,Core network congestion,Check UPF utilization
2026-01-05 18:40:00,Cell_05,-86.96,15.3,121.77,270.89,1.7,168,High Latency,Core network congestion,Check UPF utilization
2026-01-05 18:45:00,Cell_03,-103.56,9.62,101.16,184.52,1.39,155,"Low SINR, High Latency","High interference, Core network congestion","Review neighboring cell configuration, Check UPF utilization"
2026-01-05 18:45:00,Cell_01,-84.61,16.46,123.96,290.97,1.65,175,High Latency,Core network congestion,Check UPF utilization
2026-01-05 18:45:00,Cell_05,-91.54,15.51,127.54,281.82,1.7,173,High Latency,Core network congestion,Check UPF utilization
2026-01-05 18:50:00,Cell_05,-93.88,14.88,116.05,263.19,1.9,169,High Latency,Core network congestion,Check UPF utilization
2026-01-05 18:50:00,Cell_01,-89.98,15.08,127.11,269.17,1.33,178,High Latency,Core network congestion,Check UPF utilization
2026-01-05 18:55:00,Cell_05,-93.9,11.61,116.59,222.89,1.92,164,High Latency,Core network congestion,Check UPF utilization
2026-01-05 18:55:00,Cell_01,-86.34,12.92,128.5,269.29,1.68,184,High Latency,Core network congestion,Check UPF utilization
2026-01-05 18:55:00,Cell_03,-100.9,9.49,113.55,187.25,1.21,153,"Low SINR, High Latency","High interference, Core network congestion","Review neighboring cell configuration, Check UPF utilization"
2026-01-05 19:00:00,Cell_01,-93.21,16.78,111.91,288.45,1.32,174,High Latency,Core network congestion,Check UPF utilization
2026-01-05 19:00:00,Cell_04,-109.37,4.81,96.6,136.13,1.31,126,"Low RSRP, Low SINR, High Latency","Poor radio coverage, High interference, Core network congestion","Optimize antenna tilt, Review neighboring cell configuration, Check UPF utilization"
2026-01-05 19:05:00,Cell_01,-93.88,8.45,151.94,178.17,6.06,171,"Low SINR, High Latency, High Packet Loss","High interference, Core network congestion, Backhaul issues","Review neighboring cell configuration, Check UPF utilization, Inspect transport network"
2026-01-05 19:10:00,Cell_05,-93.66,13.89,123.6,259.51,1.71,173,High Latency,Core network congestion,Check UPF utilization
2026-01-05 19:10:00,Cell_01,-85.9,13.52,121.19,289.91,1.76,192,High Latency,Core network congestion,Check UPF utilization
2026-01-05 19:10:00,Cell_03,-99.66,6.57,113.1,169.9,1.52,153,"Low SINR, High Latency","High interference, Core network congestion","Review neighboring cell configuration, Check UPF utilization"
2026-01-05 19:15:00,Cell_01,-88.06,16.3,127.75,284.3,1.83,173,High Latency,Core network congestion,Check UPF utilization
2026-01-05 19:15:00,Cell_03,-116.29,5.67,170.02,108.16,6.31,156,"Low RSRP, Low SINR, High Latency, High Packet Loss","Poor radio coverage, High interference, Core network congestion, Backhaul issues","Optimize antenna tilt, Review neighboring cell configuration, Check UPF utilization, Inspect transport network"
2026-01-05 19:20:00,Cell_05,-87.15,15.51,115.37,293.0,1.42,175,High Latency,Core network congestion,Check UPF utilization
2026-01-05 19:20:00,Cell_01,-83.7,14.63,128.61,279.53,1.79,170,High Latency,Core network congestion,Check UPF utilization
2026-01-05 19:25:00,Cell_05,-96.95,13.89,125.22,252.19,1.83,172,High Latency,Core network congestion,Check UPF utilization
2026-01-05 19:30:00,Cell_03,-100.62,9.3,110.98,197.95,1.61,156,"Low SINR, High Latency","High interference, Core network congestion","Review neighboring cell configuration, Check UPF utilization"
2026-01-05 19:30:00,Cell_01,-93.01,17.08,121.63,315.29,1.67,180,High Latency,Core network congestion,Check UPF utilization
2026-01-05 19:35:00,Cell_03,-100.98,8.9,104.27,180.45,1.64,151,"Low SINR, High Latency","High interference, Core network congestion","Review neighboring cell configuration, Check UPF utilization"
2026-01-05 19:40:00,Cell_01,-89.82,18.21,123.51,313.15,1.62,177,High Latency,Core network congestion,Check UPF utilization
2026-01-05 19:45:00,Cell_01,-87.12,16.58,113.97,282.86,1.38,178,High Latency,Core network congestion,Check UPF utilization
2026-01-05 19:50:00,Cell_01,-88.14,16.39,122.3,283.95,1.22,177,High Latency,Core network congestion,Check UPF utilization
2026-01-05 20:00:00,Cell_04,-107.38,5.08,95.6,131.81,1.16,118,"Low RSRP, Low SINR, High Latency","Poor radio coverage, High interference, Core network congestion","Optimize antenna tilt, Review neighboring cell configuration, Check UPF utilization"
2026-01-05 20:00:00,Cell_01,-100.07,9.71,165.84,134.6,7.77,160,"Low SINR, High Latency, High Packet Loss","High interference, Core network congestion, Backhaul issues","Review neighboring cell configuration, Check UPF utilization, Inspect transport network"
2026-01-05 20:05:00,Cell_01,-88.21,20.07,117.32,304.38,1.11,169,High Latency,Core network congestion,Check UPF utilization
2026-01-05 20:15:00,Cell_05,-93.5,15.08,130.66,258.26,1.15,172,High Latency,Core network congestion,Check UPF utilization
2026-01-05 20:45:00,Cell_01,-82.6,16.23,114.09,265.75,1.52,164,High Latency,Core network congestion,Check UPF utilization
2026-01-05 20:55:00,Cell_01,-85.73,19.0,107.29,269.79,1.66,150,High Latency,Core network congestion,Check UPF utilization
2026-01-05 21:00:00,Cell_01,-102.46,13.45,137.3,177.8,5.39,138,"High Latency, High Packet Loss","Core network congestion, Backhaul issues","Check UPF utilization, Inspect transport network"
2026-01-05 21:10:00,Cell_01,-82.71,18.91,113.1,271.58,1.6,155,High Latency,Core network congestion,Check UPF utilization
2026-01-05 21:35:00,Cell_01,-98.76,14.62,146.26,148.7,5.53,111,"High Latency, High Packet Loss","Core network congestion, Backhaul issues","Check UPF utilization, Inspect transport network"
2026-01-05 21:45:00,Cell_04,-114.28,3.29,139.18,47.8,5.91,88,"Low RSRP, Low SINR, High Latency, High Packet Loss","Poor radio coverage, High interference, Core network congestion, Backhaul issues","Optimize antenna tilt, Review neighboring cell configuration, Check UPF utilization, Inspect transport network"
2026-01-05 22:10:00,Cell_02,-104.33,9.4,157.31,80.55,4.33,106,"Low SINR, High Latency, High Packet Loss","High interference, Core network congestion, Backhaul issues","Review neighboring cell configuration, Check UPF utilization, Inspect transport network"
2026-01-05 23:30:00,Cell_02,-107.91,11.66,104.85,98.15,4.88,81,"Low RSRP, High Latency, High Packet Loss","Poor radio coverage, Core network congestion, Backhaul issues","Optimize antenna tilt, Check UPF utilization, Inspect transport network"
2026-01-05 23:35:00,Cell_03,-105.81,6.02,138.69,40.86,3.34,62,"Low RSRP, Low SINR, High Latency, High Packet Loss","Poor radio coverage, High interference, Core network congestion, Backhaul issues","Optimize antenna tilt, Review neighboring cell configuration, Check UPF utilization, Inspect transport network"
2026-01-06 00:15:00,Cell_01,-97.88,12.18,122.65,84.72,3.76,70,"High Latency, High Packet Loss","Core network congestion, Backhaul issues","Check UPF utilization, Inspect transport network"
2026-01-06 00:25:00,Cell_04,-106.58,7.8,45.71,53.99,0.0,36,"Low RSRP, Low SINR","Poor radio coverage, High interference","Optimize antenna tilt, Review neighboring cell configuration"
2026-01-06 00:40:00,Cell_05,-101.83,13.46,102.91,55.06,6.81,62,"High Latency, High Packet Loss","Core network congestion, Backhaul issues","Check UPF utilization, Inspect transport network"
2026-01-06 01:00:00,Cell_05,-100.43,8.47,111.69,41.43,4.2,61,"Low SINR, High Latency, High Packet Loss","High interference, Core network congestion, Backhaul issues","Review neighboring cell configuration, Check UPF utilization, Inspect transport network"
2026-01-06 01:20:00,Cell_04,-113.27,2.24,106.34,23.48,2.72,39,"Low RSRP, Low SINR, High Latency, Low Throughput","Poor radio coverage, High interference, Core network congestion, Heavy traffic load","Optimize antenna tilt, Review neighboring cell configuration, Check UPF utilization, Enable load balancing"
2026-01-06 01:25:00,Cell_04,-97.28,9.19,32.79,47.14,0.39,25,Low SINR,High interference,Review neighboring cell configuration
2026-01-06 02:10:00,Cell_01,-79.64,18.73,48.31,99.3,0.0,59,Unusual KPI combination,Requires further investigation,Review all network KPIs
2026-01-06 02:55:00,Cell_03,-114.19,7.72,122.93,69.79,3.31,68,"Low RSRP, Low SINR, High Latency, High Packet Loss","Poor radio coverage, High interference, Core network congestion, Backhaul issues","Optimize antenna tilt, Review neighboring cell configuration, Check UPF utilization, Inspect transport network"
2026-01-06 03:00:00,Cell_04,-106.38,5.91,38.04,29.47,0.3,32,"Low RSRP, Low SINR, Low Throughput","Poor radio coverage, High interference, Heavy traffic load","Optimize antenna tilt, Review neighboring cell configuration, Enable load balancing"
2026-01-06 04:10:00,Cell_04,-101.35,7.93,38.69,37.59,0.07,30,"Low SINR, Low Throughput","High interference, Heavy traffic load","Review neighboring cell configuration, Enable load balancing"
2026-01-06 04:30:00,Cell_05,-97.3,11.77,116.14,53.68,3.35,62,"High Latency, High Packet Loss","Core network congestion, Backhaul issues","Check UPF utilization, Inspect transport network"
2026-01-06 04:35:00,Cell_04,-106.92,7.73,34.9,47.7,0.0,21,"Low RSRP, Low SINR","Poor radio coverage, High interference","Optimize antenna tilt, Review neighboring cell configuration"
2026-01-06 05:30:00,Cell_03,-111.06,5.69,110.8,41.58,3.08,50,"Low RSRP, Low SINR, High Latency, High Packet Loss","Poor radio coverage, High interference, Core network congestion, Backhaul issues","Optimize antenna tilt, Review neighboring cell configuration, Check UPF utilization, Inspect transport network"
2026-01-06 05:55:00,Cell_05,-98.33,9.03,120.93,88.52,6.02,88,"Low SINR, High Latency, High Packet Loss","High interference, Core network congestion, Backhaul issues","Review neighboring cell configuration, Check UPF utilization, Inspect transport network"
2026-01-06 08:10:00,Cell_01,-83.95,20.11,95.2,242.12,0.74,130,High Latency,Core network congestion,Check UPF utilization
2026-01-06 09:55:00,Cell_01,-83.04,19.18,109.22,264.98,1.34,147,High Latency,Core network congestion,Check UPF utilization
2026-01-06 11:10:00,Cell_03,-118.28,6.05,119.5,110.73,7.03,115,"Low RSRP, Low SINR, High Latency, High Packet Loss","Poor radio coverage, High interference, Core network congestion, Backhaul issues","Optimize antenna tilt, Review neighboring cell configuration, Check UPF utilization, Inspect transport network"
2026-01-06 13:10:00,Cell_03,-104.22,7.99,113.24,53.31,7.64,88,"Low SINR, High Latency, High Packet Loss","High interference, Core network congestion, Backhaul issues","Review neighboring cell configuration, Check UPF utilization, Inspect transport network"
2026-01-06 15:20:00,Cell_05,-110.41,9.38,142.09,73.73,3.56,95,"Low RSRP, Low SINR, High Latency, High Packet Loss","Poor radio coverage, High interference, Core network congestion, Backhaul issues","Optimize antenna tilt, Review neighboring cell configuration, Check UPF utilization, Inspect transport network"
2026-01-06 15:55:00,Cell_01,-97.43,12.89,163.78,125.16,3.22,119,"High Latency, High Packet Loss","Core network congestion, Backhaul issues","Check UPF utilization, Inspect transport network"
2026-01-06 16:55:00,Cell_01,-77.05,17.8,112.87,277.8,1.17,155,High Latency,Core network congestion,Check UPF utilization
2026-01-06 17:00:00,Cell_03,-107.16,5.79,163.11,122.56,3.21,108,"Low RSRP, Low SINR, High Latency, High Packet Loss","Poor radio coverage, High interference, Core network congestion, Backhaul issues","Optimize antenna tilt, Review neighboring cell configuration, Check UPF utilization, Inspect transport network"
2026-01-06 17:10:00,Cell_04,-121.7,1.58,123.02,47.3,3.21,95,"Low RSRP, Low SINR, High Latency, High Packet Loss","Poor radio coverage, High interference, Core network congestion, Backhaul issues","Optimize antenna tilt, Review neighboring cell configuration, Check UPF utilization, Inspect transport network"
2026-01-06 17:10:00,Cell_01,-103.59,11.89,166.39,123.8,7.36,157,"High Latency, High Packet Loss","Core network congestion, Backhaul issues","Check UPF utilization, Inspect transport network"
2026-01-06 17:15:00,Cell_04,-110.29,4.44,93.18,115.09,1.28,112,"Low RSRP, Low SINR, High Latency","Poor radio coverage, High interference, Core network congestion","Optimize antenna tilt, Review neighboring cell configuration, Check UPF utilization"
2026-01-06 17:25:00,Cell_05,-92.49,14.11,116.89,258.5,1.91,159,High Latency,Core network congestion,Check UPF utilization
2026-01-06 17:50:00,Cell_01,-88.64,17.3,116.23,285.03,1.65,168,High Latency,Core network congestion,Check UPF utilization
2026-01-06 17:50:00,Cell_02,-107.73,7.22,152.34,138.8,4.84,151,"Low RSRP, Low SINR, High Latency, High Packet Loss","Poor radio coverage, High interference, Core network congestion, Backhaul issues","Optimize antenna tilt, Review neighboring cell configuration, Check UPF utilization, Inspect transport network"
2026-01-06 17:55:00,Cell_01,-88.61,15.46,124.18,288.32,1.37,179,High Latency,Core network congestion,Check UPF utilization
2026-01-06 18:00:00,Cell_03,-100.13,6.97,112.44,166.97,1.25,140,"Low SINR, High Latency","High interference, Core network congestion","Review neighboring cell configuration, Check UPF utilization"
2026-01-06 18:05:00,Cell_05,-91.04,12.12,122.55,239.23,1.78,164,High Latency,Core network congestion,Check UPF utilization
2026-01-06 18:05:00,Cell_01,-83.39,16.45,123.93,301.11,1.86,174,High Latency,Core network congestion,Check UPF utilization
2026-01-06 18:15:00,Cell_05,-101.51,9.68,158.74,160.09,8.25,154,"Low SINR, High Latency, High Packet Loss","High interference, Core network congestion, Backhaul issues","Review neighboring cell configuration, Check UPF utilization, Inspect transport network"
2026-01-06 18:15:00,Cell_01,-91.26,16.31,119.4,312.24,1.29,186,High Latency,Core network congestion,Check UPF utilization
2026-01-06 18:20:00,Cell_05,-92.3,16.43,108.53,304.9,1.0,179,High Latency,Core network congestion,Check UPF utilization
2026-01-06 18:20:00,Cell_01,-89.18,15.41,135.08,275.78,1.8,179,High Latency,Core network congestion,Check UPF utilization
2026-01-06 18:25:00,Cell_01,-89.69,18.35,121.54,290.81,1.23,173,High Latency,Core network congestion,Check UPF utilization
2026-01-06 18:30:00,Cell_05,-92.76,12.16,120.81,241.23,1.23,183,High Latency,Core network congestion,Check UPF utilization
2026-01-06 18:35:00,Cell_01,-90.1,14.94,128.54,293.91,1.99,189,High Latency,Core network congestion,Check UPF utilization
2026-01-06 18:40:00,Cell_05,-94.28,13.05,124.16,253.74,1.36,180,High Latency,Core network congestion,Check UPF utilization
2026-01-06 18:40:00,Cell_01,-85.72,17.8,134.05,321.98,1.96,184,High Latency,Core network congestion,Check UPF utilization
2026-01-06 18:40:00,Cell_02,-100.06,12.78,113.87,252.55,1.78,163,High Latency,Core network congestion,Check UPF utilization
2026-01-06 18:45:00,Cell_03,-103.81,14.08,103.63,237.8,1.79,151,High Latency,Core network congestion,Check UPF utilization
2026-01-06 18:45:00,Cell_01,-92.89,15.88,116.42,283.12,1.49,181,High Latency,Core network congestion,Check UPF utilization
2026-01-06 18:50:00,Cell_01,-87.92,15.78,127.94,283.95,1.63,179,High Latency,Core network congestion,Check UPF utilization
2026-01-06 18:50:00,Cell_03,-98.3,9.75,112.72,197.19,1.91,154,"Low SINR, High Latency","High interference, Core network congestion","Review neighboring cell configuration, Check UPF utilization"
2026-01-06 18:55:00,Cell_03,-110.11,5.36,161.5,119.08,5.75,162,"Low RSRP, Low SINR, High Latency, High Packet Loss","Poor radio coverage, High interference, Core network congestion, Backhaul issues","Optimize antenna tilt, Review neighboring cell configuration, Check UPF utilization, Inspect transport network"
2026-01-06 18:55:00,Cell_01,-88.43,17.26,115.06,299.99,1.28,171,High Latency,Core network congestion,Check UPF utilization
2026-01-06 19:00:00,Cell_05,-91.02,15.08,118.53,288.27,0.7,171,High Latency,Core network congestion,Check UPF utilization
2026-01-06 19:05:00,Cell_02,-92.29,14.53,119.19,232.61,1.86,157,High Latency,Core network congestion,Check UPF utilization
2026-01-06 19:05:00,Cell_04,-109.58,6.82,94.32,126.87,1.09,119,"Low RSRP, Low SINR, High Latency","Poor radio coverage, High interference, Core network congestion","Optimize antenna tilt, Review neighboring cell configuration, Check UPF utilization"
2026-01-06 19:05:00,Cell_01,-90.07,14.52,122.16,284.33,1.68,187,High Latency,Core network congestion,Check UPF utilization
2026-01-06 19:05:00,Cell_03,-102.02,7.42,117.31,192.1,1.27,158,"Low SINR, High Latency","High interference, Core network congestion","Review neighboring cell configuration, Check UPF utilization"
2026-01-06 19:10:00,Cell_05,-95.43,11.98,123.63,271.05,1.55,186,High Latency,Core network congestion,Check UPF utilization
2026-01-06 19:10:00,Cell_01,-85.11,17.36,127.24,295.48,1.7,180,High Latency,Core network congestion,Check UPF utilization
2026-01-06 19:15:00,Cell_01,-92.65,17.52,120.22,316.07,1.37,181,High Latency,Core network congestion,Check UPF utilization
2026-01-06 19:15:00,Cell_04,-106.69,5.24,97.55,125.02,1.27,121,"Low RSRP, Low SINR, High Latency","Poor radio coverage, High interference, Core network congestion","Optimize antenna tilt, Review neighboring cell configuration, Check UPF utilization"
2026-01-06 19:20:00,Cell_01,-89.37,13.74,128.18,272.61,1.65,176,High Latency,Core network congestion,Check UPF utilization
2026-01-06 19:25:00,Cell_01,-88.38,13.96,123.07,270.9,1.63,181,High Latency,Core network congestion,Check UPF utilization
2026-01-06 19:30:00,Cell_04,-107.49,4.36,109.05,130.93,1.13,138,"Low RSRP, Low SINR, High Latency","Poor radio coverage, High interference, Core network congestion","Optimize antenna tilt, Review neighboring cell configuration, Check UPF utilization"
2026-01-06 19:30:00,Cell_01,-92.08,16.46,136.21,297.93,1.7,179,High Latency,Core network congestion,Check UPF utilization
2026-01-06 19:30:00,Cell_03,-104.63,9.65,108.44,198.73,1.04,152,"Low SINR, High Latency","High interference, Core network congestion","Review neighboring cell configuration, Check UPF utilization"
2026-01-06 19:35:00,Cell_01,-88.37,15.01,140.44,302.5,1.59,196,High Latency,Core network congestion,Check UPF utilization
2026-01-06 19:45:00,Cell_03,-102.32,9.71,115.11,183.73,1.53,146,"Low SINR, High Latency","High interference, Core network congestion","Review neighboring cell configuration, Check UPF utilization"
2026-01-06 19:45:00,Cell_01,-87.15,16.9,108.07,292.62,1.47,171,High Latency,Core network congestion,Check UPF utilization
2026-01-06 19:45:00,Cell_05,-88.4,11.63,118.62,251.98,1.82,165,High Latency,Core network congestion,Check UPF utilization
2026-01-06 19:55:00,Cell_03,-99.04,10.48,113.49,185.41,1.83,150,High Latency,Core network congestion,Check UPF utilization
2026-01-06 19:55:00,Cell_01,-85.51,14.43,127.08,286.23,1.53,177,High Latency,Core network congestion,Check UPF utilization
2026-01-06 20:00:00,Cell_02,-95.28,11.32,121.74,218.25,1.8,161,High Latency,Core network congestion,Check UPF utilization
2026-01-06 20:05:00,Cell_01,-87.72,17.28,115.8,281.38,1.49,164,High Latency,Core network congestion,Check UPF utilization
2026-01-06 20:10:00,Cell_01,-87.55,17.0,117.49,292.9,1.72,170,High Latency,Core network congestion,Check UPF utilization
2026-01-06 20:15:00,Cell_01,-88.62,16.47,125.09,275.06,2.11,167,High Latency,Core network congestion,Check UPF utilization
2026-01-06 20:20:00,Cell_01,-91.94,13.66,120.91,259.97,1.48,174,High Latency,Core network congestion,Check UPF utilization
2026-01-06 20:25:00,Cell_01,-82.56,17.54,119.63,301.87,1.29,170,High Latency,Core network congestion,Check UPF utilization
2026-01-06 20:30:00,Cell_01,-89.0,14.99,127.12,285.83,1.43,175,High Latency,Core network congestion,Check UPF utilization
2026-01-06 21:05:00,Cell_01,-83.21,17.4,114.71,254.84,1.39,146,High Latency,Core network congestion,Check UPF utilization
2026-01-07 00:15:00,Cell_04,-117.37,2.78,130.67,34.51,7.14,41,"Low RSRP, Low SINR, High Latency, High Packet Loss, Low Throughput","Poor radio coverage, High interference, Core network congestion, Backhaul issues, Heavy traffic load","Optimize antenna tilt, Review neighboring cell configuration, Check UPF utilization, Inspect transport network, Enable load balancing"
2026-01-07 01:10:00,Cell_02,-103.89,13.32,79.92,58.21,4.87,51,High Packet Loss,Backhaul issues,Inspect transport network
2026-01-07 01:40:00,Cell_04,-101.21,5.39,35.1,31.43,0.3,42,"Low SINR, Low Throughput","High interference, Heavy traffic load","Review neighboring cell configuration, Enable load balancing"
2026-01-07 02:35:00,Cell_03,-110.18,5.83,124.8,32.8,4.74,61,"Low RSRP, Low SINR, High Latency, High Packet Loss, Low Throughput","Poor radio coverage, High interference, Core network congestion, Backhaul issues, Heavy traffic load","Optimize antenna tilt, Review neighboring cell configuration, Check UPF utilization, Inspect transport network, Enable load balancing"
2026-01-07 03:05:00,Cell_01,-82.64,21.1,47.49,107.36,0.0,53,Unusual KPI combination,Requires further investigation,Review all network KPIs
2026-01-07 03:15:00,Cell_03,-106.4,8.66,117.17,46.22,3.24,46,"Low RSRP, Low SINR, High Latency, High Packet Loss","Poor radio coverage, High interference, Core network congestion, Backhaul issues","Optimize antenna tilt, Review neighboring cell configuration, Check UPF utilization, Inspect transport network"
2026-01-07 03:35:00,Cell_05,-105.19,10.44,96.76,43.16,6.87,53,"Low RSRP, High Latency, High Packet Loss","Poor radio coverage, Core network congestion, Backhaul issues","Optimize antenna tilt, Check UPF utilization, Inspect transport network"
2026-01-07 03:55:00,Cell_05,-80.21,19.28,46.88,118.28,0.03,57,Unusual KPI combination,Requires further investigation,Review all network KPIs
2026-01-07 04:30:00,Cell_04,-99.72,7.69,37.63,40.82,0.03,37,Low SINR,High interference,Review neighboring cell configuration
2026-01-07 05:25:00,Cell_02,-100.45,9.44,121.68,59.69,5.86,59,"Low SINR, High Latency, High Packet Loss","High interference, Core network congestion, Backhaul issues","Review neighboring cell configuration, Check UPF utilization, Inspect transport network"
2026-01-07 06:55:00,Cell_03,-111.59,7.67,117.65,75.61,7.18,83,"Low RSRP, Low SINR, High Latency, High Packet Loss","Poor radio coverage, High interference, Core network congestion, Backhaul issues","Optimize antenna tilt, Review neighboring cell configuration, Check UPF utilization, Inspect transport network"
2026-01-07 08:15:00,Cell_01,-81.57,19.11,86.91,225.0,0.68,123,High Latency,Core network congestion,Check UPF utilization
2026-01-07 08:15:00,Cell_04,-113.03,2.52,150.19,34.06,7.56,82,"Low RSRP, Low SINR, High Latency, High Packet Loss, Low Throughput","Poor radio coverage, High interference, Core network congestion, Backhaul issues, Heavy traffic load","Optimize antenna tilt, Review neighboring cell configuration, Check UPF utilization, Inspect transport network, Enable load balancing"
2026-01-07 08:25:00,Cell_01,-100.76,8.75,133.04,108.14,6.35,129,"Low SINR, High Latency, High Packet Loss","High interference, Core network congestion, Backhaul issues","Review neighboring cell configuration, Check UPF utilization, Inspect transport network"
2026-01-07 09:20:00,Cell_01,-103.72,12.73,183.44,168.73,6.21,146,"High Latency, High Packet Loss","Core network congestion, Backhaul issues","Check UPF utilization, Inspect transport network"
2026-01-07 09:55:00,Cell_05,-101.25,11.02,136.32,116.4,5.48,137,"High Latency, High Packet Loss","Core network congestion, Backhaul issues","Check UPF utilization, Inspect transport network"
2026-01-07 10:45:00,Cell_01,-81.97,17.89,110.45,252.28,1.47,143,High Latency,Core network congestion,Check UPF utilization
2026-01-07 14:25:00,Cell_02,-108.7,8.24,106.83,58.17,5.65,74,"Low RSRP, Low SINR, High Latency, High Packet Loss","Poor radio coverage, High interference, Core network congestion, Backhaul issues","Optimize antenna tilt, Review neighboring cell configuration, Check UPF utilization, Inspect transport network"
2026-01-07 16:30:00,Cell_05,-101.24,10.33,171.15,95.18,3.28,112,"High Latency, High Packet Loss","Core network congestion, Backhaul issues","Check UPF utilization, Inspect transport network"
2026-01-07 17:25:00,Cell_03,-118.84,5.53,156.86,125.72,5.38,142,"Low RSRP, Low SINR, High Latency, High Packet Loss","Poor radio coverage, High interference, Core network congestion, Backhaul issues","Optimize antenna tilt, Review neighboring cell configuration, Check UPF utilization, Inspect transport network"
2026-01-07 17:35:00,Cell_05,-91.51,15.43,119.36,286.48,1.42,177,High Latency,Core network congestion,Check UPF utilization
2026-01-07 17:40:00,Cell_01,-86.75,14.28,131.36,271.07,2.1,174,High Latency,Core network congestion,Check UPF utilization
2026-01-07 17:45:00,Cell_02,-112.15,10.15,163.23,147.7,2.86,141,"Low RSRP, High Latency","Poor radio coverage, Core network congestion","Optimize antenna tilt, Check UPF utilization"
2026-01-07 17:50:00,Cell_05,-92.61,17.33,112.27,267.05,1.7,156,High Latency,Core network congestion,Check UPF utilization
2026-01-07 17:55:00,Cell_03,-105.35,12.28,116.94,228.25,1.16,149,"Low RSRP, High Latency","Poor radio coverage, Core network congestion","Optimize antenna tilt, Check UPF utilization"
2026-01-07 17:55:00,Cell_01,-88.17,15.07,119.05,259.57,1.95,172,High Latency,Core network congestion,Check UPF utilization
2026-01-07 18:00:00,Cell_05,-93.3,14.02,123.8,250.68,1.81,164,High Latency,Core network congestion,Check UPF utilization
2026-01-07 18:05:00,Cell_05,-91.84,15.14,127.4,288.23,1.52,171,High Latency,Core network congestion,Check UPF utilization
2026-01-07 18:05:00,Cell_01,-89.02,18.82,117.46,290.41,1.73,165,High Latency,Core network congestion,Check UPF utilization
2026-01-07 18:15:00,Cell_01,-86.56,14.34,124.53,272.6,1.91,179,High Latency,Core network congestion,Check UPF utilization
2026-01-07 18:20:00,Cell_05,-95.72,13.99,116.45,261.05,1.82,165,High Latency,Core network congestion,Check UPF utilization
2026-01-07 18:20:00,Cell_01,-90.69,18.23,126.64,309.75,1.64,175,High Latency,Core network congestion,Check UPF utilization
2026-01-07 18:25:00,Cell_01,-93.19,17.6,117.33,287.46,1.15,166,High Latency,Core network congestion,Check UPF utilization
2026-01-07 18:30:00,Cell_01,-84.12,14.51,127.7,293.2,1.62,185,High Latency,Core network congestion,Check UPF utilization
2026-01-07 18:35:00,Cell_05,-86.22,12.78,117.04,245.59,1.74,165,High Latency,Core network congestion,Check UPF utilization
2026-01-07 18:35:00,Cell_03,-99.97,10.61,110.51,206.32,1.52,156,High Latency,Core network congestion,Check UPF utilization
2026-01-07 18:35:00,Cell_01,-93.87,10.67,167.53,179.35,6.2,175,"High Latency, High Packet Loss","Core network congestion, Backhaul issues","Check UPF utilization, Inspect transport network"
2026-01-07 18:40:00,Cell_01,-87.02,15.92,124.3,285.77,1.65,175,High Latency,Core network congestion,Check UPF utilization
2026-01-07 18:40:00,Cell_02,-96.31,13.77,123.24,250.38,1.62,168,High Latency,Core network congestion,Check UPF utilization
2026-01-07 18:45:00,Cell_01,-84.45,16.67,124.82,300.97,1.89,177,High Latency,Core network congestion,Check UPF utilization
2026-01-07 18:50:00,Cell_01,-85.75,15.79,128.39,305.02,1.5,178,High Latency,Core network congestion,Check UPF utilization
2026-01-07 19:00:00,Cell_01,-88.89,15.16,122.6,272.68,1.65,175,High Latency,Core network congestion,Check UPF utilization
2026-01-07 19:05:00,Cell_01,-87.1,16.54,120.16,286.26,1.91,168,High Latency,Core network congestion,Check UPF utilization
2026-01-07 19:05:00,Cell_03,-102.67,9.95,113.82,174.44,1.37,150,"Low SINR, High Latency","High interference, Core network congestion","Review neighboring cell configuration, Check UPF utilization"
2026-01-07 19:10:00,Cell_01,-81.18,12.59,133.86,269.4,1.89,198,High Latency,Core network congestion,Check UPF utilization
2026-01-07 19:10:00,Cell_03,-99.57,8.77,116.51,182.8,1.51,149,"Low SINR, High Latency","High interference, Core network congestion","Review neighboring cell configuration, Check UPF utilization"
2026-01-07 19:10:00,Cell_05,-87.68,13.66,115.22,239.29,1.85,167,High Latency,Core network congestion,Check UPF utilization
2026-01-07 19:15:00,Cell_01,-89.12,14.43,125.2,281.15,1.81,184,High Latency,Core network congestion,Check UPF utilization
2026-01-07 19:20:00,Cell_01,-86.73,15.32,117.2,290.75,1.18,176,High Latency,Core network congestion,Check UPF utilization
2026-01-07 19:25:00,Cell_01,-90.5,17.36,121.41,325.67,1.91,181,High Latency,Core network congestion,Check UPF utilization
2026-01-07 19:25:00,Cell_02,-91.68,11.81,122.91,233.26,1.66,167,High Latency,Core network congestion,Check UPF utilization
2026-01-07 19:30:00,Cell_01,-86.03,14.0,125.79,301.13,1.6,192,High Latency,Core network congestion,Check UPF utilization
2026-01-07 19:30:00,Cell_03,-99.31,9.89,108.21,218.14,1.7,150,"Low SINR, High Latency","High interference, Core network congestion","Review neighboring cell configuration, Check UPF utilization"
2026-01-07 19:35:00,Cell_01,-83.55,15.47,119.32,298.57,1.87,175,High Latency,Core network congestion,Check UPF utilization
2026-01-07 19:40:00,Cell_03,-101.54,8.33,112.31,171.03,1.61,148,"Low SINR, High Latency","High interference, Core network congestion","Review neighboring cell configuration, Check UPF utilization"
2026-01-07 19:40:00,Cell_01,-89.4,17.83,109.71,302.58,1.0,173,High Latency,Core network congestion,Check UPF utilization
2026-01-07 19:45:00,Cell_01,-86.32,15.05,128.13,282.74,1.37,181,High Latency,Core network congestion,Check UPF utilization
2026-01-07 19:45:00,Cell_05,-94.62,13.3,121.53,279.88,1.18,170,High Latency,Core network congestion,Check UPF utilization
2026-01-07 19:50:00,Cell_01,-88.85,16.16,124.29,290.79,1.25,176,High Latency,Core network congestion,Check UPF utilization
2026-01-07 19:50:00,Cell_02,-90.81,13.27,119.62,265.99,1.82,164,High Latency,Core network congestion,Check UPF utilization
2026-01-07 19:55:00,Cell_01,-87.46,16.37,127.91,296.13,1.67,179,High Latency,Core network congestion,Check UPF utilization
2026-01-07 20:00:00,Cell_03,-101.57,11.75,109.51,231.16,1.58,157,High Latency,Core network congestion,Check UPF utilization
2026-01-07 20:00:00,Cell_01,-92.25,16.0,119.56,285.33,1.55,176,High Latency,Core network congestion,Check UPF utilization
2026-01-07 20:05:00,Cell_01,-87.88,14.84,120.62,281.47,1.68,172,High Latency,Core network congestion,Check UPF utilization
2026-01-07 20:05:00,Cell_05,-99.46,8.35,148.88,152.49,5.56,159,"Low SINR, High Latency, High Packet Loss","High interference, Core network congestion, Backhaul issues","Review neighboring cell configuration, Check UPF utilization, Inspect transport network"
2026-01-07 20:10:00,Cell_01,-86.75,15.15,123.38,270.3,1.84,177,High Latency,Core network congestion,Check UPF utilization
2026-01-07 20:25:00,Cell_01,-86.18,13.35,119.88,244.39,1.5,171,High Latency,Core network congestion,Check UPF utilization
2026-01-07 20:30:00,Cell_01,-87.79,16.43,120.42,295.61,2.17,173,High Latency,Core network congestion,Check UPF utilization
2026-01-07 20:50:00,Cell_01,-84.06,18.08,113.84,276.21,1.59,158,High Latency,Core network congestion,Check UPF utilization
2026-01-07 21:00:00,Cell_01,-82.39,16.76,113.48,255.03,1.4,155,High Latency,Core network congestion,Check UPF utilization
2026-01-07 21:10:00,Cell_04,-104.64,3.53,97.79,107.25,1.46,103,"Low SINR, High Latency","High interference, Core network congestion","Review neighboring cell configuration, Check UPF utilization"
2026-01-07 23:00:00,Cell_03,-109.18,7.66,135.31,64.75,4.41,79,"Low RSRP, Low SINR, High Latency, High Packet Loss","Poor radio coverage, High interference, Core network congestion, Backhaul issues","Optimize antenna tilt, Review neighboring cell configuration, Check UPF utilization, Inspect transport network"
2026-01-08 00:20:00,Cell_04,-98.62,7.19,37.52,49.08,0.25,36,Low SINR,High interference,Review neighboring cell configuration
2026-01-08 01:10:00,Cell_01,-79.11,19.71,46.94,88.98,0.0,56,Unusual KPI combination,Requires further investigation,Review all network KPIs
2026-01-08 01:10:00,Cell_04,-105.26,9.82,29.47,45.73,0.25,33,"Low RSRP, Low SINR","Poor radio coverage, High interference","Optimize antenna tilt, Review neighboring cell configuration"
2026-01-08 01:25:00,Cell_04,-103.47,7.04,45.88,26.07,0.68,31,"Low SINR, Low Throughput","High interference, Heavy traffic load","Review neighboring cell configuration, Enable load balancing"
2026-01-08 01:45:00,Cell_04,-104.85,9.3,38.0,35.08,0.4,34,"Low SINR, Low Throughput","High interference, Heavy traffic load","Review neighboring cell configuration, Enable load balancing"
2026-01-08 02:05:00,Cell_01,-76.87,16.34,42.98,69.63,0.06,43,Unusual KPI combination,Requires further investigation,Review all network KPIs
2026-01-08 02:10:00,Cell_01,-83.91,20.41,44.45,83.67,0.22,48,Unusual KPI combination,Requires further investigation,Review all network KPIs
2026-01-08 02:15:00,Cell_05,-103.61,11.83,112.45,74.91,6.06,69,"High Latency, High Packet Loss","Core network congestion, Backhaul issues","Check UPF utilization, Inspect transport network"
2026-01-08 02:20:00,Cell_04,-104.11,5.98,38.86,32.15,0.01,36,"Low SINR, Low Throughput","High interference, Heavy traffic load","Review neighboring cell configuration, Enable load balancing"
2026-01-08 02:50:00,Cell_04,-101.93,9.96,37.69,41.57,0.24,28,Low SINR,High interference,Review neighboring cell configuration
2026-01-08 03:00:00,Cell_03,-106.18,6.9,121.22,49.08,6.86,51,"Low RSRP, Low SINR, High Latency, High Packet Loss","Poor radio coverage, High interference, Core network congestion, Backhaul issues","Optimize antenna tilt, Review neighboring cell configuration, Check UPF utilization, Inspect transport network"
2026-01-08 03:40:00,Cell_03,-115.82,8.77,92.7,58.3,3.59,65,"Low RSRP, Low SINR, High Latency, High Packet Loss","Poor radio coverage, High interference, Core network congestion, Backhaul issues","Optimize antenna tilt, Review neighboring cell configuration, Check UPF utilization, Inspect transport network"
2026-01-08 03:45:00,Cell_01,-102.66,14.91,87.09,78.69,6.15,58,"High Latency, High Packet Loss","Core network congestion, Backhaul issues","Check UPF utilization, Inspect transport network"
2026-01-08 04:35:00,Cell_04,-104.98,7.13,44.64,40.03,0.61,31,Low SINR,High interference,Review neighboring cell configuration
2026-01-08 05:05:00,Cell_04,-105.66,7.15,39.49,44.1,0.51,39,"Low RSRP, Low SINR","Poor radio coverage, High interference","Optimize antenna tilt, Review neighboring cell configuration"
2026-01-08 05:25:00,Cell_05,-97.18,11.18,107.4,87.85,5.69,76,"High Latency, High Packet Loss","Core network congestion, Backhaul issues","Check UPF utilization, Inspect transport network"
2026-01-08 11:40:00,Cell_01,-93.43,11.49,134.14,139.21,6.41,121,"High Latency, High Packet Loss","Core network congestion, Backhaul issues","Check UPF utilization, Inspect transport network"
2026-01-08 13:15:00,Cell_01,-103.67,14.13,141.2,129.68,6.23,108,"High Latency, High Packet Loss","Core network congestion, Backhaul issues","Check UPF utilization, Inspect transport network"
2026-01-08 15:30:00,Cell_01,-99.45,12.54,124.5,111.81,4.66,98,"High Latency, High Packet Loss","Core network congestion, Backhaul issues","Check UPF utilization, Inspect transport network"
2026-01-08 17:15:00,Cell_01,-85.5,16.9,112.66,278.66,1.55,156,High Latency,Core network congestion,Check UPF utilization
2026-01-08 17:45:00,Cell_01,-88.35,17.52,112.92,272.18,1.69,166,High Latency,Core network congestion,Check UPF utilization
2026-01-08 17:50:00,Cell_01,-88.28,16.07,132.03,307.13,1.8,183,High Latency,Core network congestion,Check UPF utilization
2026-01-08 18:00:00,Cell_05,-94.23,16.35,117.16,280.27,1.62,165,High Latency,Core network congestion,Check UPF utilization
2026-01-08 18:05:00,Cell_01,-88.48,14.94,119.24,279.78,1.36,178,High Latency,Core network congestion,Check UPF utilization
2026-01-08 18:10:00,Cell_01,-86.35,16.29,125.11,295.43,2.09,171,High Latency,Core network congestion,Check UPF utilization
2026-01-08 18:15:00,Cell_01,-89.45,16.71,115.55,293.46,1.81,178,High Latency,Core network congestion,Check UPF utilization
2026-01-08 18:20:00,Cell_01,-90.43,17.13,125.55,312.97,1.92,178,High Latency,Core network congestion,Check UPF utilization
2026-01-08 18:25:00,Cell_01,-86.85,13.94,129.84,293.24,1.62,192,High Latency,Core network congestion,Check UPF utilization
2026-01-08 18:30:00,Cell_01,-91.76,11.96,120.22,251.89,1.3,180,High Latency,Core network congestion,Check UPF utilization
2026-01-08 18:30:00,Cell_05,-86.64,14.07,119.57,264.94,1.87,171,High Latency,Core network congestion,Check UPF utilization
2026-01-08 18:35:00,Cell_04,-119.63,2.91,149.4,102.84,7.62,126,"Low RSRP, Low SINR, High Latency, High Packet Loss","Poor radio coverage, High interference, Core network congestion, Backhaul issues","Optimize antenna tilt, Review neighboring cell configuration, Check UPF utilization, Inspect transport network"
2026-01-08 18:35:00,Cell_01,-88.45,14.81,126.56,273.64,1.76,172,High Latency,Core network congestion,Check UPF utilization
2026-01-08 18:35:00,Cell_03,-105.6,11.72,120.75,228.94,1.02,155,"Low RSRP, High Latency","Poor radio coverage, Core network congestion","Optimize antenna tilt, Check UPF utilization"
2026-01-08 18:40:00,Cell_05,-90.68,12.5,117.37,256.65,1.58,169,High Latency,Core network congestion,Check UPF utilization
2026-01-08 18:40:00,Cell_01,-91.06,15.96,125.12,312.43,1.4,186,High Latency,Core network congestion,Check UPF utilization
2026-01-08 18:45:00,Cell_05,-110.41,7.96,160.73,175.72,6.64,175,"Low RSRP, Low SINR, High Latency, High Packet Loss","Poor radio coverage, High interference, Core network congestion, Backhaul issues","Optimize antenna tilt, Review neighboring cell configuration, Check UPF utilization, Inspect transport network"
2026-01-08 18:45:00,Cell_01,-90.64,14.84,119.04,269.7,1.75,169,High Latency,Core network congestion,Check UPF utilization
2026-01-08 18:45:00,Cell_02,-93.23,10.82,118.21,204.17,1.7,156,High Latency,Core network congestion,Check UPF utilization
2026-01-08 18:50:00,Cell_05,-91.52,16.22,122.45,271.37,1.55,172,High Latency,Core network congestion,Check UPF utilization
2026-01-08 18:55:00,Cell_04,-110.04,5.56,95.77,142.18,0.91,134,"Low RSRP, Low SINR, High Latency","Poor radio coverage, High interference, Core network congestion","Optimize antenna tilt, Review neighboring cell configuration, Check UPF utilization"
2026-01-08 18:55:00,Cell_03,-100.83,8.94,103.12,198.8,1.65,154,"Low SINR, High Latency","High interference, Core network congestion","Review neighboring cell configuration, Check UPF utilization"
2026-01-08 18:55:00,Cell_05,-93.07,13.55,121.75,267.43,1.2,174,High Latency,Core network congestion,Check UPF utilization
2026-01-08 19:00:00,Cell_01,-83.75,13.45,120.62,268.58,1.2,182,High Latency,Core network congestion,Check UPF utilization
2026-01-08 19:00:00,Cell_05,-87.95,11.81,123.01,249.61,1.31,169,High Latency,Core network congestion,Check UPF utilization
2026-01-08 19:05:00,Cell_01,-92.8,15.55,123.51,279.25,1.89,179,High Latency,Core network congestion,Check UPF utilization
2026-01-08 19:10:00,Cell_04,-108.81,7.26,93.82,145.39,1.24,121,"Low RSRP, Low SINR, High Latency","Poor radio coverage, High interference, Core network congestion","Optimize antenna tilt, Review neighboring cell configuration, Check UPF utilization"
2026-01-08 19:10:00,Cell_01,-89.62,15.59,126.32,295.44,1.6,180,High Latency,Core network congestion,Check UPF utilization
2026-01-08 19:10:00,Cell_05,-93.49,14.04,127.68,270.19,1.87,175,High Latency,Core network congestion,Check UPF utilization
2026-01-08 19:15:00,Cell_04,-110.21,5.72,96.16,117.65,0.65,121,"Low RSRP, Low SINR, High Latency","Poor radio coverage, High interference, Core network congestion","Optimize antenna tilt, Review neighboring cell configuration, Check UPF utilization"
2026-01-08 19:15:00,Cell_01,-89.79,16.74,118.97,292.34,1.86,170,High Latency,Core network congestion,Check UPF utilization
2026-01-08 19:20:00,Cell_04,-116.12,0.01,144.96,81.7,4.57,121,"Low RSRP, Low SINR, High Latency, High Packet Loss","Poor radio coverage, High interference, Core network congestion, Backhaul issues","Optimize antenna tilt, Review neighboring cell configuration, Check UPF utilization, Inspect transport network"
2026-01-08 19:20:00,Cell_01,-91.24,17.59,131.34,311.87,2.26,177,High Latency,Core network congestion,Check UPF utilization
2026-01-08 19:20:00,Cell_05,-92.88,12.22,128.08,269.55,1.53,182,High Latency,Core network congestion,Check UPF utilization
2026-01-08 19:25:00,Cell_05,-92.77,13.96,119.1,240.89,1.88,164,High Latency,Core network congestion,Check UPF utilization
2026-01-08 19:25:00,Cell_01,-95.07,17.06,118.44,292.18,1.18,169,High Latency,Core network congestion,Check UPF utilization
2026-01-08 19:30:00,Cell_01,-86.27,15.93,122.28,296.36,1.85,178,High Latency,Core network congestion,Check UPF utilization
2026-01-08 19:30:00,Cell_05,-93.57,14.91,124.71,272.3,1.61,176,High Latency,Core network congestion,Check UPF utilization
2026-01-08 19:35:00,Cell_01,-84.41,17.52,118.8,293.2,1.9,168,High Latency,Core network congestion,Check UPF utilization
2026-01-08 19:40:00,Cell_01,-89.63,16.93,119.99,312.06,1.39,184,High Latency,Core network congestion,Check UPF utilization
2026-01-08 19:45:00,Cell_03,-98.67,9.61,119.62,212.34,1.4,156,"Low SINR, High Latency","High interference, Core network congestion","Review neighboring cell configuration, Check UPF utilization"
2026-01-08 19:45:00,Cell_01,-89.61,14.8,128.9,277.09,1.14,173,High Latency,Core network congestion,Check UPF utilization
2026-01-08 19:50:00,Cell_01,-86.64,15.04,121.66,275.85,1.28,174,High Latency,Core network congestion,Check UPF utilization
2026-01-08 19:50:00,Cell_03,-98.89,9.79,114.52,189.45,1.76,149,"Low SINR, High Latency","High interference, Core network congestion","Review neighboring cell configuration, Check UPF utilization"
2026-01-08 19:55:00,Cell_01,-92.18,16.12,119.2,293.21,1.99,180,High Latency,Core network congestion,Check UPF utilization
2026-01-08 20:05:00,Cell_01,-86.13,15.74,122.6,262.48,1.53,164,High Latency,Core network congestion,Check UPF utilization
2026-01-08 20:10:00,Cell_05,-90.06,16.61,121.44,283.17,1.33,168,High Latency,Core network congestion,Check UPF utilization
2026-01-08 20:10:00,Cell_01,-84.94,16.57,121.48,293.99,1.48,176,High Latency,Core network congestion,Check UPF utilization
2026-01-08 20:15:00,Cell_01,-87.37,16.88,122.37,287.68,1.21,171,High Latency,Core network congestion,Check UPF utilization
2026-01-08 20:25:00,Cell_01,-88.39,13.98,123.13,269.48,1.52,180,High Latency,Core network congestion,Check UPF utilization
2026-01-08 20:25:00,Cell_05,-91.03,15.8,124.39,264.72,1.84,159,High Latency,Core network congestion,Check UPF utilization
2026-01-08 20:30:00,Cell_01,-82.93,15.42,117.56,258.87,1.76,159,High Latency,Core network congestion,Check UPF utilization
2026-01-08 20:35:00,Cell_01,-101.69,9.43,167.9,168.58,7.79,156,"Low SINR, High Latency, High Packet Loss","High interference, Core network congestion, Backhaul issues","Review neighboring cell configuration, Check UPF utilization, Inspect transport network"
2026-01-09 00:05:00,Cell_04,-103.22,7.33,35.32,15.47,0.0,27,"Low SINR, Low Throughput","High interference, Heavy traffic load","Review neighboring cell configuration, Enable load balancing"
2026-01-09 00:05:00,Cell_01,-77.68,17.91,49.19,93.16,0.0,55,Unusual KPI combination,Requires further investigation,Review all network KPIs
2026-01-09 00:25:00,Cell_04,-100.5,11.78,34.52,35.06,0.43,33,Low Throughput,Heavy traffic load,Enable load balancing
2026-01-09 00:45:00,Cell_05,-97.58,8.17,92.05,52.37,4.75,53,"Low SINR, High Latency, High Packet Loss","High interference, Core network congestion, Backhaul issues","Review neighboring cell configuration, Check UPF utilization, Inspect transport network"
2026-01-09 01:50:00,Cell_04,-117.2,-1.17,86.61,30.37,3.26,44,"Low RSRP, Low SINR, High Latency, High Packet Loss, Low Throughput","Poor radio coverage, High interference, Core network congestion, Backhaul issues, Heavy traffic load","Optimize antenna tilt, Review neighboring cell configuration, Check UPF utilization, Inspect transport network, Enable load balancing"
2026-01-09 02:10:00,Cell_04,-104.32,9.46,38.59,33.51,0.5,28,"Low SINR, Low Throughput","High interference, Heavy traffic load","Review neighboring cell configuration, Enable load balancing"
2026-01-09 03:30:00,Cell_02,-96.56,9.12,112.5,57.76,6.99,57,"Low SINR, High Latency, High Packet Loss","High interference, Core network congestion, Backhaul issues","Review neighboring cell configuration, Check UPF utilization, Inspect transport network"
2026-01-09 04:10:00,Cell_04,-105.06,7.85,34.38,40.5,0.28,35,"Low RSRP, Low SINR","Poor radio coverage, High interference","Optimize antenna tilt, Review neighboring cell configuration"
2026-01-09 05:00:00,Cell_04,-107.02,7.36,45.61,42.36,0.0,50,"Low RSRP, Low SINR","Poor radio coverage, High interference","Optimize antenna tilt, Review neighboring cell configuration"
2026-01-09 05:05:00,Cell_04,-109.67,5.54,80.46,24.15,4.46,37,"Low RSRP, Low SINR, High Latency, High Packet Loss, Low Throughput","Poor radio coverage, High interference, Core network congestion, Backhaul issues, Heavy traffic load","Optimize antenna tilt, Review neighboring cell configuration, Check UPF utilization, Inspect transport network, Enable load balancing"
2026-01-09 05:10:00,Cell_04,-109.26,5.8,42.73,57.47,0.31,46,"Low RSRP, Low SINR","Poor radio coverage, High interference","Optimize antenna tilt, Review neighboring cell configuration"
2026-01-09 05:25:00,Cell_04,-108.05,6.75,52.27,52.3,0.84,60,"Low RSRP, Low SINR","Poor radio coverage, High interference","Optimize antenna tilt, Review neighboring cell configuration"
2026-01-09 05:50:00,Cell_04,-99.23,7.76,36.95,33.74,0.57,34,"Low SINR, Low Throughput","High interference, Heavy traffic load","Review neighboring cell configuration, Enable load balancing"
2026-01-09 06:35:00,Cell_02,-97.77,8.64,137.6,59.22,6.9,65,"Low SINR, High Latency, High Packet Loss","High interference, Core network congestion, Backhaul issues","Review neighboring cell configuration, Check UPF utilization, Inspect transport network"
2026-01-09 07:05:00,Cell_02,-110.99,9.34,121.16,73.5,6.38,70,"Low RSRP, Low SINR, High Latency, High Packet Loss","Poor radio coverage, High interference, Core network congestion, Backhaul issues","Optimize antenna tilt, Review neighboring cell configuration, Check UPF utilization, Inspect transport network"
2026-01-09 08:10:00,Cell_01,-97.67,12.65,154.15,98.18,3.97,121,"High Latency, High Packet Loss","Core network congestion, Backhaul issues","Check UPF utilization, Inspect transport network"
2026-01-09 08:10:00,Cell_04,-121.08,0.34,132.2,57.62,3.52,77,"Low RSRP, Low SINR, High Latency, High Packet Loss","Poor radio coverage, High interference, Core network congestion, Backhaul issues","Optimize antenna tilt, Review neighboring cell configuration, Check UPF utilization, Inspect transport network"
2026-01-09 09:40:00,Cell_01,-80.75,16.02,99.51,237.43,0.45,143,High Latency,Core network congestion,Check UPF utilization
2026-01-09 10:30:00,Cell_05,-108.91,6.72,139.59,103.09,7.55,133,"Low RSRP, Low SINR, High Latency, High Packet Loss","Poor radio coverage, High interference, Core network congestion, Backhaul issues","Optimize antenna tilt, Review neighboring cell configuration, Check UPF utilization, Inspect transport network"
2026-01-09 10:45:00,Cell_02,-103.35,7.24,152.08,104.11,5.31,125,"Low SINR, High Latency, High Packet Loss","High interference, Core network congestion, Backhaul issues","Review neighboring cell configuration, Check UPF utilization, Inspect transport network"
2026-01-09 12:25:00,Cell_05,-101.8,9.51,143.29,100.83,3.19,98,"Low SINR, High Latency, High Packet Loss","High interference, Core network congestion, Backhaul issues","Review neighboring cell configuration, Check UPF utilization, Inspect transport network"
2026-01-09 13:00:00,Cell_02,-98.51,8.26,155.58,81.55,3.5,94,"Low SINR, High Latency, High Packet Loss","High interference, Core network congestion, Backhaul issues","Review neighboring cell configuration, Check UPF utilization, Inspect transport network"
2026-01-09 13:00:00,Cell_05,-105.39,8.51,119.8,91.21,3.36,101,"Low RSRP, Low SINR, High Latency, High Packet Loss","Poor radio coverage, High interference, Core network congestion, Backhaul issues","Optimize antenna tilt, Review neighboring cell configuration, Check UPF utilization, Inspect transport network"
2026-01-09 13:55:00,Cell_05,-97.83,6.27,137.68,83.2,6.98,96,"Low SINR, High Latency, High Packet Loss","High interference, Core network congestion, Backhaul issues","Review neighboring cell configuration, Check UPF utilization, Inspect transport network"
2026-01-09 15:45:00,Cell_03,-114.06,6.83,119.52,91.98,2.77,102,"Low RSRP, Low SINR, High Latency","Poor radio coverage, High interference, Core network congestion","Optimize antenna tilt, Review neighboring cell configuration, Check UPF utilization"
2026-01-09 17:00:00,Cell_01,-83.59,14.46,117.44,249.06,1.81,157,High Latency,Core network congestion,Check UPF utilization
2026-01-09 17:35:00,Cell_04,-106.39,3.64,94.15,121.43,1.27,118,"Low RSRP, Low SINR, High Latency","Poor radio coverage, High interference, Core network congestion","Optimize antenna tilt, Review neighboring cell configuration, Check UPF utilization"
2026-01-09 17:35:00,Cell_05,-90.19,11.8,117.36,236.65,1.75,160,High Latency,Core network congestion,Check UPF utilization
2026-01-09 17:35:00,Cell_01,-85.91,14.95,121.97,276.11,1.59,169,High Latency,Core network congestion,Check UPF utilization
2026-01-09 17:45:00,Cell_01,-86.87,15.79,122.72,282.05,1.14,172,High Latency,Core network congestion,Check UPF utilization
2026-01-09 17:55:00,Cell_01,-86.53,15.92,120.47,299.77,2.06,180,High Latency,Core network congestion,Check UPF utilization
2026-01-09 18:00:00,Cell_01,-88.7,15.27,115.19,269.69,1.72,171,High Latency,Core network congestion,Check UPF utilization
2026-01-09 18:00:00,Cell_05,-84.57,11.45,117.74,227.9,1.39,160,High Latency,Core network congestion,Check UPF utilization
2026-01-09 18:05:00,Cell_01,-86.64,14.99,122.66,287.6,1.28,179,High Latency,Core network congestion,Check UPF utilization
2026-01-09 18:05:00,Cell_03,-99.88,8.96,108.33,189.51,1.74,155,"Low SINR, High Latency","High interference, Core network congestion","Review neighboring cell configuration, Check UPF utilization"
2026-01-09 18:10:00,Cell_01,-86.72,15.89,121.95,287.49,1.46,178,High Latency,Core network congestion,Check UPF utilization
2026-01-09 18:10:00,Cell_04,-109.05,5.76,93.64,119.32,0.74,126,"Low RSRP, Low SINR, High Latency","Poor radio coverage, High interference, Core network congestion","Optimize antenna tilt, Review neighboring cell configuration, Check UPF utilization"
2026-01-09 18:15:00,Cell_01,-86.82,15.72,116.23,298.23,1.28,175,High Latency,Core network congestion,Check UPF utilization
2026-01-09 18:15:00,Cell_05,-90.71,12.18,118.19,219.8,1.67,165,High Latency,Core network congestion,Check UPF utilization
2026-01-09 18:20:00,Cell_01,-92.95,16.42,111.75,296.19,1.33,177,High Latency,Core network congestion,Check UPF utilization
2026-01-09 18:25:00,Cell_02,-99.64,13.69,120.78,243.31,1.46,166,High Latency,Core network congestion,Check UPF utilization
2026-01-09 18:25:00,Cell_01,-91.4,16.26,121.48,300.1,1.0,173,High Latency,Core network congestion,Check UPF utilization
2026-01-09 18:30:00,Cell_01,-90.91,16.1,118.46,296.41,1.07,176,High Latency,Core network congestion,Check UPF utilization
2026-01-09 18:35:00,Cell_01,-88.44,14.95,122.99,267.99,1.68,173,High Latency,Core network congestion,Check UPF utilization
2026-01-09 18:35:00,Cell_05,-91.93,11.01,133.69,240.36,1.82,180,High Latency,Core network congestion,Check UPF utilization
2026-01-09 18:40:00,Cell_01,-90.08,13.87,123.24,275.58,1.06,184,High Latency,Core network congestion,Check UPF utilization
2026-01-09 18:40:00,Cell_05,-96.23,13.29,118.5,255.47,1.7,179,High Latency,Core network congestion,Check UPF utilization
2026-01-09 18:45:00,Cell_01,-86.54,16.06,135.09,308.15,1.52,187,High Latency,Core network congestion,Check UPF utilization
2026-01-09 18:50:00,Cell_01,-88.48,14.39,125.66,294.11,1.4,187,High Latency,Core network congestion,Check UPF utilization
2026-01-09 18:55:00,Cell_03,-100.52,8.6,116.57,178.88,1.7,149,"Low SINR, High Latency","High interference, Core network congestion","Review neighboring cell configuration, Check UPF utilization"
2026-01-09 18:55:00,Cell_01,-87.86,17.57,123.56,311.87,1.93,182,High Latency,Core network congestion,Check UPF utilization
2026-01-09 19:00:00,Cell_01,-92.24,14.34,124.73,271.5,1.47,181,High Latency,Core network congestion,Check UPF utilization
2026-01-09 19:00:00,Cell_05,-94.22,11.76,125.99,245.36,1.37,179,High Latency,Core network congestion,Check UPF utilization
2026-01-09 19:00:00,Cell_03,-103.38,7.73,118.89,166.43,1.54,150,"Low SINR, High Latency","High interference, Core network congestion","Review neighboring cell configuration, Check UPF utilization"
2026-01-09 19:05:00,Cell_04,-107.21,4.87,97.74,119.23,1.26,116,"Low RSRP, Low SINR, High Latency","Poor radio coverage, High interference, Core network congestion","Optimize antenna tilt, Review neighboring cell configuration, Check UPF utilization"
2026-01-09 19:10:00,Cell_01,-83.9,14.69,124.77,294.68,1.75,189,High Latency,Core network congestion,Check UPF utilization
2026-01-09 19:10:00,Cell_05,-90.65,15.77,131.43,305.7,1.55,180,High Latency,Core network congestion,Check UPF utilization
2026-01-09 19:15:00,Cell_05,-93.27,13.11,122.38,263.46,1.76,177,High Latency,Core network congestion,Check UPF utilization
2026-01-09 19:15:00,Cell_01,-88.65,14.13,135.3,288.6,1.69,188,High Latency,Core network congestion,Check UPF utilization
2026-01-09 19:20:00,Cell_01,-88.86,13.05,124.33,261.46,2.05,176,High Latency,Core network congestion,Check UPF utilization
2026-01-09 19:25:00,Cell_01,-85.99,16.15,120.33,293.41,1.54,183,High Latency,Core network congestion,Check UPF utilization
2026-01-09 19:30:00,Cell_01,-84.83,15.11,119.03,259.86,1.61,173,High Latency,Core network congestion,Check UPF utilization
2026-01-09 19:35:00,Cell_01,-84.53,13.96,131.18,269.73,1.22,179,High Latency,Core network congestion,Check UPF utilization
2026-01-09 19:35:00,Cell_04,-111.0,4.73,91.23,111.86,1.22,119,"Low RSRP, Low SINR, High Latency","Poor radio coverage, High interference, Core network congestion","Optimize antenna tilt, Review neighboring cell configuration, Check UPF utilization"
2026-01-09 19:40:00,Cell_01,-85.4,16.32,120.99,310.35,1.87,184,High Latency,Core network congestion,Check UPF utilization
2026-01-09 19:45:00,Cell_01,-86.84,15.16,118.45,265.96,1.93,166,High Latency,Core network congestion,Check UPF utilization
2026-01-09 19:50:00,Cell_01,-95.31,10.51,154.03,178.4,4.3,177,"High Latency, High Packet Loss","Core network congestion, Backhaul issues","Check UPF utilization, Inspect transport network"
2026-01-09 19:50:00,Cell_03,-100.69,8.17,111.97,187.54,1.3,148,"Low SINR, High Latency","High interference, Core network congestion","Review neighboring cell configuration, Check UPF utilization"
2026-01-09 19:55:00,Cell_01,-85.91,15.0,114.98,257.76,1.83,164,High Latency,Core network congestion,Check UPF utilization
2026-01-09 20:00:00,Cell_01,-84.81,14.79,124.66,280.43,1.82,173,High Latency,Core network congestion,Check UPF utilization
2026-01-09 20:10:00,Cell_02,-99.06,9.67,125.88,209.79,1.7,152,"Low SINR, High Latency","High interference, Core network congestion","Review neighboring cell configuration, Check UPF utilization"
2026-01-09 20:15:00,Cell_01,-82.37,16.53,114.59,266.48,1.57,155,High Latency,Core network congestion,Check UPF utilization
2026-01-09 20:25:00,Cell_01,-82.95,19.79,133.59,340.78,1.84,176,High Latency,Core network congestion,Check UPF utilization
2026-01-09 20:35:00,Cell_02,-102.98,9.7,155.82,131.49,5.44,142,"Low SINR, High Latency, High Packet Loss","High interference, Core network congestion, Backhaul issues","Review neighboring cell configuration, Check UPF utilization, Inspect transport network"
2026-01-09 22:45:00,Cell_04,-114.96,3.67,109.37,32.95,5.02,61,"Low RSRP, Low SINR, High Latency, High Packet Loss, Low Throughput","Poor radio coverage, High interference, Core network congestion, Backhaul issues, Heavy traffic load","Optimize antenna tilt, Review neighboring cell configuration, Check UPF utilization, Inspect transport network, Enable load balancing"
2026-01-09 22:50:00,Cell_04,-111.07,-1.76,105.73,30.5,2.96,57,"Low RSRP, Low SINR, High Latency, Low Throughput","Poor radio coverage, High interference, Core network congestion, Heavy traffic load","Optimize antenna tilt, Review neighboring cell configuration, Check UPF utilization, Enable load balancing"
2026-01-09 23:15:00,Cell_02,-106.77,9.2,113.99,61.17,5.3,81,"Low RSRP, Low SINR, High Latency, High Packet Loss","Poor radio coverage, High interference, Core network congestion, Backhaul issues","Optimize antenna tilt, Review neighboring cell configuration, Check UPF utilization, Inspect transport network"
2026-01-10 00:05:00,Cell_04,-105.26,4.54,57.85,34.09,0.12,43,"Low RSRP, Low SINR, Low Throughput","Poor radio coverage, High interference, Heavy traffic load","Optimize antenna tilt, Review neighboring cell configuration, Enable load balancing"
2026-01-10 00:15:00,Cell_01,-93.93,11.69,95.9,50.87,2.32,42,High Latency,Core network congestion,Check UPF utilization
2026-01-10 00:15:00,Cell_04,-101.33,5.92,32.71,31.29,0.31,29,"Low SINR, Low Throughput","High interference, Heavy traffic load","Review neighboring cell configuration, Enable load balancing"
2026-01-10 00:20:00,Cell_04,-101.42,8.02,37.85,45.44,0.0,33,Low SINR,High interference,Review neighboring cell configuration
2026-01-10 00:25:00,Cell_03,-90.23,11.3,31.35,22.87,0.39,27,Low Throughput,Heavy traffic load,Enable load balancing
2026-01-10 00:25:00,Cell_04,-102.69,9.26,32.96,29.41,0.25,28,"Low SINR, Low Throughput","High interference, Heavy traffic load","Review neighboring cell configuration, Enable load balancing"
2026-01-10 00:30:00,Cell_03,-96.72,14.74,38.74,63.7,0.06,37,Unusual KPI combination,Requires further investigation,Review all network KPIs
2026-01-10 00:35:00,Cell_04,-100.31,9.18,35.89,26.48,0.44,25,"Low SINR, Low Throughput","High interference, Heavy traffic load","Review neighboring cell configuration, Enable load balancing"
2026-01-10 00:40:00,Cell_04,-97.08,8.19,39.78,32.6,0.61,32,"Low SINR, Low Throughput","High interference, Heavy traffic load","Review neighboring cell configuration, Enable load balancing"
2026-01-10 00:45:00,Cell_04,-105.91,4.99,34.45,39.75,0.18,33,"Low RSRP, Low SINR, Low Throughput","Poor radio coverage, High interference, Heavy traffic load","Optimize antenna tilt, Review neighboring cell configuration, Enable load balancing"
2026-01-10 01:00:00,Cell_02,-87.82,19.67,34.85,53.8,0.45,31,Unusual KPI combination,Requires further investigation,Review all network KPIs
2026-01-10 01:10:00,Cell_01,-82.68,20.29,48.45,96.62,0.0,50,Unusual KPI combination,Requires further investigation,Review all network KPIs
2026-01-10 01:35:00,Cell_03,-102.78,4.88,124.42,34.68,6.18,44,"Low SINR, High Latency, High Packet Loss, Low Throughput","High interference, Core network congestion, Backhaul issues, Heavy traffic load","Review neighboring cell configuration, Check UPF utilization, Inspect transport network, Enable load balancing"
2026-01-10 01:40:00,Cell_04,-98.89,5.99,42.09,41.53,0.07,30,Low SINR,High interference,Review neighboring cell configuration
2026-01-10 01:50:00,Cell_04,-105.82,9.79,39.08,34.75,0.0,27,"Low RSRP, Low SINR, Low Throughput","Poor radio coverage, High interference, Heavy traffic load","Optimize antenna tilt, Review neighboring cell configuration, Enable load balancing"
2026-01-10 01:55:00,Cell_01,-81.92,20.01,45.06,69.06,0.78,42,Unusual KPI combination,Requires further investigation,Review all network KPIs
2026-01-10 01:55:00,Cell_02,-90.91,15.62,36.3,63.88,0.0,36,Unusual KPI combination,Requires further investigation,Review all network KPIs
2026-01-10 01:55:00,Cell_04,-104.06,7.3,34.91,34.14,0.58,23,"Low SINR, Low Throughput","High interference, Heavy traffic load","Review neighboring cell configuration, Enable load balancing"
2026-01-10 02:00:00,Cell_01,-81.5,17.84,51.25,59.51,0.04,43,Unusual KPI combination,Requires further investigation,Review all network KPIs
2026-01-10 02:05:00,Cell_04,-96.47,10.55,37.22,31.79,0.25,19,Low Throughput,Heavy traffic load,Enable load balancing
2026-01-10 02:15:00,Cell_05,-87.61,17.88,43.87,54.2,0.2,32,Unusual KPI combination,Requires further investigation,Review all network KPIs
2026-01-10 02:15:00,Cell_04,-101.16,11.03,40.94,42.66,0.0,29,Unusual KPI combination,Requires further investigation,Review all network KPIs
2026-01-10 02:20:00,Cell_04,-105.68,7.92,36.81,29.21,0.26,27,"Low RSRP, Low SINR, Low Throughput","Poor radio coverage, High interference, Heavy traffic load","Optimize antenna tilt, Review neighboring cell configuration, Enable load balancing"
2026-01-10 02:35:00,Cell_01,-83.69,19.22,41.37,89.01,0.0,45,Unusual KPI combination,Requires further investigation,Review all network KPIs
2026-01-10 02:35:00,Cell_04,-99.27,11.79,40.03,38.71,0.37,28,Low Throughput,Heavy traffic load,Enable load balancing
2026-01-10 02:35:00,Cell_02,-88.61,16.51,43.46,50.9,0.05,38,Unusual KPI combination,Requires further investigation,Review all network KPIs
2026-01-10 02:40:00,Cell_01,-82.79,19.98,40.59,73.13,0.29,34,Unusual KPI combination,Requires further investigation,Review all network KPIs
2026-01-10 02:40:00,Cell_02,-84.29,17.04,38.84,32.11,0.36,31,Low Throughput,Heavy traffic load,Enable load balancing
2026-01-10 02:40:00,Cell_03,-92.16,12.28,33.35,38.85,0.44,31,Low Throughput,Heavy traffic load,Enable load balancing
2026-01-10 02:50:00,Cell_03,-90.73,15.39,45.32,34.44,0.0,33,Low Throughput,Heavy traffic load,Enable load balancing
2026-01-10 02:50:00,Cell_04,-104.07,10.76,39.96,31.03,0.17,25,Low Throughput,Heavy traffic load,Enable load balancing
2026-01-10 02:55:00,Cell_04,-104.47,8.88,40.16,31.81,0.23,30,"Low SINR, Low Throughput","High interference, Heavy traffic load","Review neighboring cell configuration, Enable load balancing"
2026-01-10 03:00:00,Cell_04,-106.99,6.39,46.76,31.03,0.41,35,"Low RSRP, Low SINR, Low Throughput","Poor radio coverage, High interference, Heavy traffic load","Optimize antenna tilt, Review neighboring cell configuration, Enable load balancing"
2026-01-10 03:25:00,Cell_03,-96.48,13.38,40.09,33.34,0.04,25,Low Throughput,Heavy traffic load,Enable load balancing
2026-01-10 03:25:00,Cell_04,-102.21,8.0,36.49,21.36,0.68,23,"Low SINR, Low Throughput","High interference, Heavy traffic load","Review neighboring cell configuration, Enable load balancing"
2026-01-10 03:30:00,Cell_01,-82.7,20.85,52.33,107.08,0.0,57,Unusual KPI combination,Requires further investigation,Review all network KPIs
2026-01-10 03:30:00,Cell_04,-100.7,5.33,41.89,44.93,0.03,37,Low SINR,High interference,Review neighboring cell configuration
2026-01-10 03:30:00,Cell_05,-89.15,19.36,48.42,61.48,0.3,30,Unusual KPI combination,Requires further investigation,Review all network KPIs
2026-01-10 03:35:00,Cell_01,-85.73,20.95,49.59,119.93,0.06,57,Unusual KPI combination,Requires further investigation,Review all network KPIs
2026-01-10 03:40:00,Cell_04,-102.19,8.16,36.84,13.51,0.31,17,"Low SINR, Low Throughput","High interference, Heavy traffic load","Review neighboring cell configuration, Enable load balancing"
2026-01-10 03:50:00,Cell_03,-97.55,15.87,36.23,54.26,0.0,37,Unusual KPI combination,Requires further investigation,Review all network KPIs
2026-01-10 03:55:00,Cell_04,-107.72,9.33,40.83,29.95,0.2,30,"Low RSRP, Low SINR, Low Throughput","Poor radio coverage, High interference, Heavy traffic load","Optimize antenna tilt, Review neighboring cell configuration, Enable load balancing"
2026-01-10 04:10:00,Cell_04,-100.51,6.44,37.85,24.23,0.15,36,"Low SINR, Low Throughput","High interference, Heavy traffic load","Review neighboring cell configuration, Enable load balancing"
2026-01-10 04:20:00,Cell_04,-105.54,9.1,37.88,43.12,0.66,39,"Low RSRP, Low SINR","Poor radio coverage, High interference","Optimize antenna tilt, Review neighboring cell configuration"
2026-01-10 04:25:00,Cell_04,-101.27,8.91,32.16,31.15,0.07,28,"Low SINR, Low Throughput","High interference, Heavy traffic load","Review neighboring cell configuration, Enable load balancing"
2026-01-10 04:40:00,Cell_01,-78.16,18.8,43.41,49.43,0.03,40,Unusual KPI combination,Requires further investigation,Review all network KPIs
2026-01-10 04:40:00,Cell_04,-101.57,11.08,39.84,26.21,0.18,29,Low Throughput,Heavy traffic load,Enable load balancing
2026-01-10 04:45:00,Cell_04,-105.87,7.71,46.7,45.99,0.01,36,"Low RSRP, Low SINR","Poor radio coverage, High interference","Optimize antenna tilt, Review neighboring cell configuration"
2026-01-10 05:20:00,Cell_04,-102.33,10.0,40.06,40.64,0.96,32,Unusual KPI combination,Requires further investigation,Review all network KPIs
2026-01-10 05:40:00,Cell_04,-106.57,7.72,42.1,32.25,0.22,36,"Low RSRP, Low SINR, Low Throughput","Poor radio coverage, High interference, Heavy traffic load","Optimize antenna tilt, Review neighboring cell configuration, Enable load balancing"
2026-01-10 05:45:00,Cell_04,-102.78,7.98,29.09,48.18,0.08,39,Low SINR,High interference,Review neighboring cell configuration
2026-01-10 06:05:00,Cell_04,-101.78,4.31,40.47,42.53,0.0,46,Low SINR,High interference,Review neighboring cell configuration
2026-01-10 08:40:00,Cell_02,-102.57,7.14,144.56,65.13,6.91,100,"Low SINR, High Latency, High Packet Loss","High interference, Core network congestion, Backhaul issues","Review neighboring cell configuration, Check UPF utilization, Inspect transport network"
2026-01-10 09:35:00,Cell_05,-102.93,11.68,171.61,110.31,3.13,118,"High Latency, High Packet Loss","Core network congestion, Backhaul issues","Check UPF utilization, Inspect transport network"
2026-01-10 09:55:00,Cell_01,-98.93,12.46,145.43,97.72,7.75,117,"High Latency, High Packet Loss","Core network congestion, Backhaul issues","Check UPF utilization, Inspect transport network"
2026-01-10 10:15:00,Cell_04,-113.97,1.35,136.74,71.88,5.58,75,"Low RSRP, Low SINR, High Latency, High Packet Loss","Poor radio coverage, High interference, Core network congestion, Backhaul issues","Optimize antenna tilt, Review neighboring cell configuration, Check UPF utilization, Inspect transport network"
2026-01-10 11:35:00,Cell_01,-99.12,13.94,119.96,129.94,3.6,112,"High Latency, High Packet Loss","Core network congestion, Backhaul issues","Check UPF utilization, Inspect transport network"
2026-01-10 13:25:00,Cell_04,-104.97,9.98,40.81,27.85,0.61,34,"Low SINR, Low Throughput","High interference, Heavy traffic load","Review neighboring cell configuration, Enable load balancing"
2026-01-10 13:45:00,Cell_02,-103.58,7.65,109.09,91.64,7.22,76,"Low SINR, High Latency, High Packet Loss","High interference, Core network congestion, Backhaul issues","Review neighboring cell configuration, Check UPF utilization, Inspect transport network"
2026-01-10 14:00:00,Cell_02,-107.21,9.58,144.81,77.73,4.23,78,"Low RSRP, Low SINR, High Latency, High Packet Loss","Poor radio coverage, High interference, Core network congestion, Backhaul issues","Optimize antenna tilt, Review neighboring cell configuration, Check UPF utilization, Inspect transport network"
2026-01-10 14:05:00,Cell_03,-105.75,4.23,122.9,51.32,2.6,60,"Low RSRP, Low SINR, High Latency","Poor radio coverage, High interference, Core network congestion","Optimize antenna tilt, Review neighboring cell configuration, Check UPF utilization"
2026-01-10 14:35:00,Cell_04,-106.27,6.09,55.08,39.74,0.0,43,"Low RSRP, Low SINR, Low Throughput","Poor radio coverage, High interference, Heavy traffic load","Optimize antenna tilt, Review neighboring cell configuration, Enable load balancing"
2026-01-10 16:35:00,Cell_01,-99.9,8.26,140.11,139.29,6.9,130,"Low SINR, High Latency, High Packet Loss","High interference, Core network congestion, Backhaul issues","Review neighboring cell configuration, Check UPF utilization, Inspect transport network"
2026-01-10 17:40:00,Cell_03,-109.43,7.53,142.52,107.3,5.76,107,"Low RSRP, Low SINR, High Latency, High Packet Loss","Poor radio coverage, High interference, Core network congestion, Backhaul issues","Optimize antenna tilt, Review neighboring cell configuration, Check UPF utilization, Inspect transport network"
2026-01-10 17:55:00,Cell_05,-108.86,10.77,145.86,129.34,6.19,125,"Low RSRP, High Latency, High Packet Loss","Poor radio coverage, Core network congestion, Backhaul issues","Optimize antenna tilt, Check UPF utilization, Inspect transport network"
2026-01-10 18:05:00,Cell_01,-97.88,7.92,140.48,119.19,4.48,144,"Low SINR, High Latency, High Packet Loss","High interference, Core network congestion, Backhaul issues","Review neighboring cell configuration, Check UPF utilization, Inspect transport network"
2026-01-10 18:15:00,Cell_01,-82.57,17.17,111.75,260.91,1.48,151,High Latency,Core network congestion,Check UPF utilization
2026-01-10 19:00:00,Cell_01,-88.93,18.68,106.98,310.98,1.64,165,High Latency,Core network congestion,Check UPF utilization
2026-01-10 20:20:00,Cell_01,-84.73,18.31,108.23,266.75,1.92,148,High Latency,Core network congestion,Check UPF utilization
2026-01-10 20:25:00,Cell_02,-102.16,8.87,143.37,117.99,7.29,111,"Low SINR, High Latency, High Packet Loss","High interference, Core network congestion, Backhaul issues","Review neighboring cell configuration, Check UPF utilization, Inspect transport network"
2026-01-10 21:00:00,Cell_01,-94.38,10.95,148.09,115.49,4.91,119,"High Latency, High Packet Loss","Core network congestion, Backhaul issues","Check UPF utilization, Inspect transport network"
2026-01-10 21:50:00,Cell_01,-96.42,12.83,136.57,86.31,5.08,95,"High Latency, High Packet Loss","Core network congestion, Backhaul issues","Check UPF utilization, Inspect transport network"
2026-01-10 22:30:00,Cell_03,-104.32,9.6,103.78,75.2,6.32,77,"Low SINR, High Latency, High Packet Loss","High interference, Core network congestion, Backhaul issues","Review neighboring cell configuration, Check UPF utilization, Inspect transport network"
2026-01-10 23:05:00,Cell_03,-114.03,4.11,113.85,46.17,5.01,65,"Low RSRP, Low SINR, High Latency, High Packet Loss","Poor radio coverage, High interference, Core network congestion, Backhaul issues","Optimize antenna tilt, Review neighboring cell configuration, Check UPF utilization, Inspect transport network"
2026-01-10 23:35:00,Cell_05,-102.72,8.52,111.96,47.67,5.02,66,"Low SINR, High Latency, High Packet Loss","High interference, Core network congestion, Backhaul issues","Review neighboring cell configuration, Check UPF utilization, Inspect transport network"
2026-01-10 23:45:00,Cell_05,-100.05,9.12,143.37,60.88,4.2,65,"Low SINR, High Latency, High Packet Loss","High interference, Core network congestion, Backhaul issues","Review neighboring cell configuration, Check UPF utilization, Inspect transport network"
2026-01-11 00:00:00,Cell_04,-103.9,6.39,39.15,20.95,0.0,33,"Low SINR, Low Throughput","High interference, Heavy traffic load","Review neighboring cell configuration, Enable load balancing"
2026-01-11 00:05:00,Cell_04,-104.24,9.34,32.59,43.9,0.39,24,Low SINR,High interference,Review neighboring cell configuration
2026-01-11 00:15:00,Cell_04,-99.71,4.5,32.77,28.02,0.96,33,"Low SINR, Low Throughput","High interference, Heavy traffic load","Review neighboring cell configuration, Enable load balancing"
2026-01-11 00:20:00,Cell_04,-103.9,6.39,39.8,28.73,0.0,26,"Low SINR, Low Throughput","High interference, Heavy traffic load","Review neighboring cell configuration, Enable load balancing"
2026-01-11 00:25:00,Cell_04,-103.12,9.02,30.02,25.76,0.26,27,"Low SINR, Low Throughput","High interference, Heavy traffic load","Review neighboring cell configuration, Enable load balancing"
2026-01-11 00:35:00,Cell_04,-98.31,8.58,37.22,32.18,0.0,25,"Low SINR, Low Throughput","High interference, Heavy traffic load","Review neighboring cell configuration, Enable load balancing"
2026-01-11 00:40:00,Cell_02,-90.96,17.06,36.22,57.27,0.35,38,Unusual KPI combination,Requires further investigation,Review all network KPIs
2026-01-11 00:40:00,Cell_04,-102.03,10.53,36.69,23.93,0.42,14,Low Throughput,Heavy traffic load,Enable load balancing
2026-01-11 00:45:00,Cell_02,-106.48,9.34,135.6,47.37,4.34,52,"Low RSRP, Low SINR, High Latency, High Packet Loss","Poor radio coverage, High interference, Core network congestion, Backhaul issues","Optimize antenna tilt, Review neighboring cell configuration, Check UPF utilization, Inspect transport network"
2026-01-11 00:45:00,Cell_04,-101.85,7.18,39.01,21.54,0.48,32,"Low SINR, Low Throughput","High interference, Heavy traffic load","Review neighboring cell configuration, Enable load balancing"
2026-01-11 00:50:00,Cell_04,-110.93,1.24,73.54,19.03,4.58,27,"Low RSRP, Low SINR, High Packet Loss, Low Throughput","Poor radio coverage, High interference, Backhaul issues, Heavy traffic load","Optimize antenna tilt, Review neighboring cell configuration, Inspect transport network, Enable load balancing"
2026-01-11 00:50:00,Cell_01,-80.64,19.74,41.42,86.9,0.53,40,Unusual KPI combination,Requires further investigation,Review all network KPIs
2026-01-11 00:55:00,Cell_03,-95.12,12.21,36.47,38.72,0.48,30,Low Throughput,Heavy traffic load,Enable load balancing
2026-01-11 00:55:00,Cell_04,-102.4,7.62,41.91,26.75,0.22,24,"Low SINR, Low Throughput","High interference, Heavy traffic load","Review neighboring cell configuration, Enable load balancing"
2026-01-11 01:05:00,Cell_01,-84.55,20.52,47.63,115.09,0.0,52,Unusual KPI combination,Requires further investigation,Review all network KPIs
2026-01-11 01:05:00,Cell_04,-101.46,6.3,40.59,29.94,0.0,31,"Low SINR, Low Throughput","High interference, Heavy traffic load","Review neighboring cell configuration, Enable load balancing"
2026-01-11 01:15:00,Cell_05,-84.25,16.63,37.59,80.51,0.03,47,Unusual KPI combination,Requires further investigation,Review all network KPIs
2026-01-11 01:20:00,Cell_02,-91.63,16.42,41.33,50.35,0.39,30,Unusual KPI combination,Requires further investigation,Review all network KPIs
2026-01-11 01:20:00,Cell_01,-98.42,12.05,117.47,49.51,4.34,57,"High Latency, High Packet Loss","Core network congestion, Backhaul issues","Check UPF utilization, Inspect transport network"
2026-01-11 01:25:00,Cell_04,-103.18,7.55,37.56,16.88,0.65,24,"Low SINR, Low Throughput","High interference, Heavy traffic load","Review neighboring cell configuration, Enable load balancing"
2026-01-11 01:30:00,Cell_04,-105.23,9.75,41.86,39.18,0.34,23,"Low RSRP, Low SINR, Low Throughput","Poor radio coverage, High interference, Heavy traffic load","Optimize antenna tilt, Review neighboring cell configuration, Enable load balancing"
2026-01-11 01:35:00,Cell_04,-103.33,7.44,52.01,34.52,0.0,28,"Low SINR, Low Throughput","High interference, Heavy traffic load","Review neighboring cell configuration, Enable load balancing"
2026-01-11 01:45:00,Cell_04,-102.71,8.44,34.09,22.2,0.4,25,"Low SINR, Low Throughput","High interference, Heavy traffic load","Review neighboring cell configuration, Enable load balancing"
2026-01-11 01:55:00,Cell_04,-103.74,7.0,40.98,27.7,0.0,27,"Low SINR, Low Throughput","High interference, Heavy traffic load","Review neighboring cell configuration, Enable load balancing"
2026-01-11 02:00:00,Cell_04,-98.35,8.37,38.83,45.52,0.51,28,Low SINR,High interference,Review neighboring cell configuration
2026-01-11 02:05:00,Cell_04,-94.5,8.48,40.89,22.5,0.03,28,"Low SINR, Low Throughput","High interference, Heavy traffic load","Review neighboring cell configuration, Enable load balancing"
2026-01-11 02:10:00,Cell_04,-104.85,6.64,38.05,25.11,0.0,21,"Low SINR, Low Throughput","High interference, Heavy traffic load","Review neighboring cell configuration, Enable load balancing"
2026-01-11 02:25:00,Cell_01,-79.14,18.56,52.14,60.96,0.53,37,Unusual KPI combination,Requires further investigation,Review all network KPIs
2026-01-11 02:40:00,Cell_01,-80.7,19.59,46.32,68.66,0.0,36,Unusual KPI combination,Requires further investigation,Review all network KPIs
2026-01-11 02:50:00,Cell_04,-99.06,7.69,38.0,26.34,0.32,29,"Low SINR, Low Throughput","High interference, Heavy traffic load","Review neighboring cell configuration, Enable load balancing"
2026-01-11 03:05:00,Cell_03,-95.6,12.83,30.59,43.83,0.25,36,Unusual KPI combination,Requires further investigation,Review all network KPIs
2026-01-11 03:10:00,Cell_04,-99.53,7.18,38.27,24.06,0.13,30,"Low SINR, Low Throughput","High interference, Heavy traffic load","Review neighboring cell configuration, Enable load balancing"
2026-01-11 03:15:00,Cell_04,-103.47,9.38,37.85,46.03,0.0,33,Low SINR,High interference,Review neighboring cell configuration
2026-01-11 03:20:00,Cell_04,-102.37,5.53,47.28,38.44,0.0,35,"Low SINR, Low Throughput","High interference, Heavy traffic load","Review neighboring cell configuration, Enable load balancing"
2026-01-11 03:25:00,Cell_02,-93.67,17.77,42.91,53.48,0.16,33,Unusual KPI combination,Requires further investigation,Review all network KPIs
2026-01-11 03:30:00,Cell_02,-94.9,15.63,38.35,57.55,0.0,34,Unusual KPI combination,Requires further investigation,Review all network KPIs
2026-01-11 03:30:00,Cell_04,-99.85,10.32,37.78,24.43,0.0,31,Low Throughput,Heavy traffic load,Enable load balancing
2026-01-11 03:45:00,Cell_02,-90.05,14.62,40.77,53.83,0.0,38,Unusual KPI combination,Requires further investigation,Review all network KPIs
2026-01-11 03:45:00,Cell_04,-98.46,5.98,41.18,41.91,0.41,38,Low SINR,High interference,Review neighboring cell configuration
2026-01-11 03:50:00,Cell_04,-97.65,6.37,46.34,36.47,0.0,30,"Low SINR, Low Throughput","High interference, Heavy traffic load","Review neighboring cell configuration, Enable load balancing"
2026-01-11 03:55:00,Cell_02,-91.77,16.5,38.43,55.95,0.22,33,Unusual KPI combination,Requires further investigation,Review all network KPIs
2026-01-11 04:05:00,Cell_01,-78.19,20.29,48.98,80.09,0.41,42,Unusual KPI combination,Requires further investigation,Review all network KPIs
2026-01-11 04:25:00,Cell_02,-88.26,15.47,41.96,48.59,0.08,33,Unusual KPI combination,Requires further investigation,Review all network KPIs
2026-01-11 04:30:00,Cell_03,-95.35,12.34,27.15,33.77,0.04,31,Low Throughput,Heavy traffic load,Enable load balancing
2026-01-11 04:35:00,Cell_04,-96.96,7.9,41.58,31.31,0.23,26,"Low SINR, Low Throughput","High interference, Heavy traffic load","Review neighboring cell configuration, Enable load balancing"
2026-01-11 04:40:00,Cell_01,-95.45,10.35,137.13,50.7,5.0,64,"High Latency, High Packet Loss","Core network congestion, Backhaul issues","Check UPF utilization, Inspect transport network"
2026-01-11 05:40:00,Cell_04,-104.51,9.67,43.28,36.69,0.07,30,"Low SINR, Low Throughput","High interference, Heavy traffic load","Review neighboring cell configuration, Enable load balancing"
2026-01-11 06:00:00,Cell_01,-78.69,20.13,50.89,129.46,0.23,63,Unusual KPI combination,Requires further investigation,Review all network KPIs
2026-01-11 07:05:00,Cell_04,-106.91,7.13,61.49,42.33,0.87,48,"Low RSRP, Low SINR","Poor radio coverage, High interference","Optimize antenna tilt, Review neighboring cell configuration"
2026-01-11 08:25:00,Cell_05,-104.65,9.75,146.42,126.81,5.66,100,"Low SINR, High Latency, High Packet Loss","High interference, Core network congestion, Backhaul issues","Review neighboring cell configuration, Check UPF utilization, Inspect transport network"
2026-01-11 10:05:00,Cell_05,-96.95,7.98,145.44,79.54,7.55,107,"Low SINR, High Latency, High Packet Loss","High interference, Core network congestion, Backhaul issues","Review neighboring cell configuration, Check UPF utilization, Inspect transport network"
2026-01-11 11:55:00,Cell_04,-121.47,0.66,127.52,41.13,4.95,61,"Low RSRP, Low SINR, High Latency, High Packet Loss","Poor radio coverage, High interference, Core network congestion, Backhaul issues","Optimize antenna tilt, Review neighboring cell configuration, Check UPF utilization, Inspect transport network"
2026-01-11 13:35:00,Cell_04,-116.65,3.83,126.3,38.38,5.51,45,"Low RSRP, Low SINR, High Latency, High Packet Loss, Low Throughput","Poor radio coverage, High interference, Core network congestion, Backhaul issues, Heavy traffic load","Optimize antenna tilt, Review neighboring cell configuration, Check UPF utilization, Inspect transport network, Enable load balancing"
2026-01-11 15:25:00,Cell_04,-109.31,1.88,113.3,42.27,2.18,59,"Low RSRP, Low SINR, High Latency","Poor radio coverage, High interference, Core network congestion","Optimize antenna tilt, Review neighboring cell configuration, Check UPF utilization"
2026-01-11 16:35:00,Cell_05,-98.95,8.54,149.1,104.25,6.53,106,"Low SINR, High Latency, High Packet Loss","High interference, Core network congestion, Backhaul issues","Review neighboring cell configuration, Check UPF utilization, Inspect transport network"
2026-01-11 16:55:00,Cell_05,-106.22,11.29,123.4,127.05,5.85,106,"Low RSRP, High Latency, High Packet Loss","Poor radio coverage, Core network congestion, Backhaul issues","Optimize antenna tilt, Check UPF utilization, Inspect transport network"
2026-01-11 19:00:00,Cell_05,-105.62,8.1,172.59,112.23,7.27,152,"Low RSRP, Low SINR, High Latency, High Packet Loss","Poor radio coverage, High interference, Core network congestion, Backhaul issues","Optimize antenna tilt, Review neighboring cell configuration, Check UPF utilization, Inspect transport network"
2026-01-11 19:25:00,Cell_01,-86.57,19.78,109.0,274.01,1.6,147,High Latency,Core network congestion,Check UPF utilization
2026-01-11 21:20:00,Cell_04,-120.56,0.69,112.36,63.67,3.72,85,"Low RSRP, Low SINR, High Latency, High Packet Loss","Poor radio coverage, High interference, Core network congestion, Backhaul issues","Optimize antenna tilt, Review neighboring cell configuration, Check UPF utilization, Inspect transport network"
2026-01-11 22:35:00,Cell_01,-90.73,13.96,116.05,103.7,4.88,74,"High Latency, High Packet Loss","Core network congestion, Backhaul issues","Check UPF utilization, Inspect transport network"
2026-01-12 00:15:00,Cell_01,-80.68,20.09,48.01,111.84,0.0,55,Unusual KPI combination,Requires further investigation,Review all network KPIs
2026-01-12 00:15:00,Cell_04,-106.39,8.34,45.1,25.35,0.66,37,"Low RSRP, Low SINR, Low Throughput","Poor radio coverage, High interference, Heavy traffic load","Optimize antenna tilt, Review neighboring cell configuration, Enable load balancing"
2026-01-12 00:30:00,Cell_02,-95.74,16.77,40.53,39.06,0.53,34,Low Throughput,Heavy traffic load,Enable load balancing
2026-01-12 01:50:00,Cell_01,-82.44,20.73,47.33,94.23,0.14,51,Unusual KPI combination,Requires further investigation,Review all network KPIs
2026-01-12 01:55:00,Cell_01,-80.62,19.77,48.78,114.22,0.08,61,Unusual KPI combination,Requires further investigation,Review all network KPIs
2026-01-12 02:05:00,Cell_04,-98.3,4.11,47.48,30.73,0.0,43,"Low SINR, Low Throughput","High interference, Heavy traffic load","Review neighboring cell configuration, Enable load balancing"
2026-01-12 02:35:00,Cell_03,-105.56,8.16,115.52,24.52,6.26,54,"Low RSRP, Low SINR, High Latency, High Packet Loss, Low Throughput","Poor radio coverage, High interference, Core network congestion, Backhaul issues, Heavy traffic load","Optimize antenna tilt, Review neighboring cell configuration, Check UPF utilization, Inspect transport network, Enable load balancing"
2026-01-12 02:40:00,Cell_04,-117.61,4.81,82.66,49.57,3.62,44,"Low RSRP, Low SINR, High Latency, High Packet Loss","Poor radio coverage, High interference, Core network congestion, Backhaul issues","Optimize antenna tilt, Review neighboring cell configuration, Check UPF utilization, Inspect transport network"
2026-01-12 03:15:00,Cell_04,-98.68,6.8,44.07,30.76,0.0,35,"Low SINR, Low Throughput","High interference, Heavy traffic load","Review neighboring cell configuration, Enable load balancing"
2026-01-12 03:55:00,Cell_04,-101.21,7.51,41.15,33.19,0.08,35,"Low SINR, Low Throughput","High interference, Heavy traffic load","Review neighboring cell configuration, Enable load balancing"
2026-01-12 04:50:00,Cell_03,-102.62,9.87,136.61,53.29,6.83,55,"Low SINR, High Latency, High Packet Loss","High interference, Core network congestion, Backhaul issues","Review neighboring cell configuration, Check UPF utilization, Inspect transport network"
2026-01-12 11:25:00,Cell_01,-99.98,8.98,153.75,102.49,7.39,135,"Low SINR, High Latency, High Packet Loss","High interference, Core network congestion, Backhaul issues","Review neighboring cell configuration, Check UPF utilization, Inspect transport network"
2026-01-12 11:30:00,Cell_04,-114.63,0.73,113.43,58.36,4.65,70,"Low RSRP, Low SINR, High Latency, High Packet Loss","Poor radio coverage, High interference, Core network congestion, Backhaul issues","Optimize antenna tilt, Review neighboring cell configuration, Check UPF utilization, Inspect transport network"
2026-01-12 13:35:00,Cell_02,-105.44,9.72,146.18,90.25,2.3,83,"Low RSRP, Low SINR, High Latency","Poor radio coverage, High interference, Core network congestion","Optimize antenna tilt, Review neighboring cell configuration, Check UPF utilization"
2026-01-12 14:25:00,Cell_05,-109.43,9.03,155.77,68.44,6.26,96,"Low RSRP, Low SINR, High Latency, High Packet Loss","Poor radio coverage, High interference, Core network congestion, Backhaul issues","Optimize antenna tilt, Review neighboring cell configuration, Check UPF utilization, Inspect transport network"
2026-01-12 15:50:00,Cell_01,-106.53,12.98,153.41,134.07,6.74,114,"Low RSRP, High Latency, High Packet Loss","Poor radio coverage, Core network congestion, Backhaul issues","Optimize antenna tilt, Check UPF utilization, Inspect transport network"
2026-01-12 16:30:00,Cell_05,-110.47,12.23,161.69,138.0,7.19,140,"Low RSRP, High Latency, High Packet Loss","Poor radio coverage, Core network congestion, Backhaul issues","Optimize antenna tilt, Check UPF utilization, Inspect transport network"
2026-01-12 17:25:00,Cell_01,-86.87,17.36,118.38,298.74,1.22,173,High Latency,Core network congestion,Check UPF utilization
2026-01-12 17:40:00,Cell_01,-86.88,15.63,120.29,286.76,1.62,173,High Latency,Core network congestion,Check UPF utilization
2026-01-12 17:45:00,Cell_01,-89.06,14.15,126.02,268.44,1.35,170,High Latency,Core network congestion,Check UPF utilization
2026-01-12 17:50:00,Cell_01,-85.53,16.25,113.69,297.63,1.78,164,High Latency,Core network congestion,Check UPF utilization
2026-01-12 17:55:00,Cell_01,-87.96,15.81,125.82,281.76,1.4,173,High Latency,Core network congestion,Check UPF utilization
2026-01-12 18:00:00,Cell_01,-92.23,16.98,114.78,294.65,1.67,169,High Latency,Core network congestion,Check UPF utilization
2026-01-12 18:10:00,Cell_01,-89.85,18.58,126.85,321.09,1.78,183,High Latency,Core network congestion,Check UPF utilization
2026-01-12 18:15:00,Cell_01,-87.08,15.11,121.12,303.46,1.39,184,High Latency,Core network congestion,Check UPF utilization
2026-01-12 18:20:00,Cell_05,-93.18,10.85,126.86,252.1,2.08,177,High Latency,Core network congestion,Check UPF utilization
2026-01-12 18:20:00,Cell_01,-87.53,15.3,130.21,287.56,1.75,181,High Latency,Core network congestion,Check UPF utilization
2026-01-12 18:25:00,Cell_01,-84.17,14.74,125.25,268.93,1.74,170,High Latency,Core network congestion,Check UPF utilization
2026-01-12 18:25:00,Cell_02,-109.7,8.86,160.67,147.68,6.25,151,"Low RSRP, Low SINR, High Latency, High Packet Loss","Poor radio coverage, High interference, Core network congestion, Backhaul issues","Optimize antenna tilt, Review neighboring cell configuration, Check UPF utilization, Inspect transport network"
2026-01-12 18:30:00,Cell_04,-106.66,3.02,95.48,104.42,1.4,125,"Low RSRP, Low SINR, High Latency","Poor radio coverage, High interference, Core network congestion","Optimize antenna tilt, Review neighboring cell configuration, Check UPF utilization"
2026-01-12 18:30:00,Cell_01,-83.28,14.29,120.36,258.06,1.46,170,High Latency,Core network congestion,Check UPF utilization
2026-01-12 18:30:00,Cell_03,-103.95,10.06,108.96,200.02,1.14,156,High Latency,Core network congestion,Check UPF utilization
2026-01-12 18:40:00,Cell_03,-101.33,9.13,108.43,190.78,1.45,152,"Low SINR, High Latency","High interference, Core network congestion","Review neighboring cell configuration, Check UPF utilization"
2026-01-12 18:45:00,Cell_01,-90.38,16.01,129.93,302.67,1.75,182,High Latency,Core network congestion,Check UPF utilization
2026-01-12 18:45:00,Cell_03,-94.68,10.23,116.38,205.66,1.52,152,High Latency,Core network congestion,Check UPF utilization
2026-01-12 18:50:00,Cell_05,-92.15,16.15,119.06,274.33,1.46,171,High Latency,Core network congestion,Check UPF utilization
2026-01-12 18:50:00,Cell_01,-87.97,15.72,124.01,302.36,1.9,189,High Latency,Core network congestion,Check UPF utilization
2026-01-12 18:55:00,Cell_05,-94.83,13.89,125.31,278.42,1.21,185,High Latency,Core network congestion,Check UPF utilization
2026-01-12 18:55:00,Cell_01,-89.92,17.67,122.19,316.83,1.41,184,High Latency,Core network congestion,Check UPF utilization
2026-01-12 19:00:00,Cell_01,-89.9,19.76,115.93,325.33,1.17,172,High Latency,Core network congestion,Check UPF utilization
2026-01-12 19:05:00,Cell_01,-86.48,17.63,117.37,296.11,1.43,180,High Latency,Core network congestion,Check UPF utilization
2026-01-12 19:10:00,Cell_03,-102.58,8.46,114.49,197.24,1.75,151,"Low SINR, High Latency","High interference, Core network congestion","Review neighboring cell configuration, Check UPF utilization"
2026-01-12 19:10:00,Cell_01,-87.54,13.66,126.94,262.19,1.61,185,High Latency,Core network congestion,Check UPF utilization
2026-01-12 19:15:00,Cell_03,-93.0,7.51,117.01,183.43,1.18,154,"Low SINR, High Latency","High interference, Core network congestion","Review neighboring cell configuration, Check UPF utilization"
2026-01-12 19:15:00,Cell_05,-93.6,14.8,113.63,264.04,2.06,169,High Latency,Core network congestion,Check UPF utilization
2026-01-12 19:15:00,Cell_04,-110.65,5.93,99.05,135.32,1.19,127,"Low RSRP, Low SINR, High Latency","Poor radio coverage, High interference, Core network congestion","Optimize antenna tilt, Review neighboring cell configuration, Check UPF utilization"
2026-01-12 19:20:00,Cell_01,-90.53,16.79,124.84,303.35,2.01,183,High Latency,Core network congestion,Check UPF utilization
2026-01-12 19:20:00,Cell_05,-97.88,13.82,119.52,260.2,1.52,173,High Latency,Core network congestion,Check UPF utilization
2026-01-12 19:25:00,Cell_03,-99.48,12.34,110.27,208.95,2.22,148,High Latency,Core network congestion,Check UPF utilization
2026-01-12 19:25:00,Cell_01,-85.89,15.86,136.28,297.54,1.8,183,High Latency,Core network congestion,Check UPF utilization
2026-01-12 19:30:00,Cell_01,-87.75,16.97,110.71,294.08,1.47,175,High Latency,Core network congestion,Check UPF utilization
2026-01-12 19:35:00,Cell_05,-89.14,13.27,125.46,246.0,1.83,170,High Latency,Core network congestion,Check UPF utilization
2026-01-12 19:35:00,Cell_01,-88.34,16.8,121.87,297.05,1.46,181,High Latency,Core network congestion,Check UPF utilization
2026-01-12 19:35:00,Cell_03,-100.1,8.18,114.37,197.94,0.97,158,"Low SINR, High Latency","High interference, Core network congestion","Review neighboring cell configuration, Check UPF utilization"
2026-01-12 19:40:00,Cell_05,-89.67,12.2,123.96,231.25,1.78,170,High Latency,Core network congestion,Check UPF utilization
2026-01-12 19:40:00,Cell_01,-92.47,16.96,124.66,313.08,1.68,183,High Latency,Core network congestion,Check UPF utilization
2026-01-12 19:45:00,Cell_01,-87.24,16.75,120.78,279.8,0.87,171,High Latency,Core network congestion,Check UPF utilization
2026-01-12 19:50:00,Cell_05,-92.96,14.58,126.91,265.66,1.67,170,High Latency,Core network congestion,Check UPF utilization
2026-01-12 20:00:00,Cell_03,-105.77,8.89,112.26,178.23,0.92,135,"Low RSRP, Low SINR, High Latency","Poor radio coverage, High interference, Core network congestion","Optimize antenna tilt, Review neighboring cell configuration, Check UPF utilization"
2026-01-12 20:00:00,Cell_01,-87.75,15.1,122.88,261.87,1.96,171,High Latency,Core network congestion,Check UPF utilization
2026-01-12 20:05:00,Cell_03,-110.92,6.73,155.79,109.28,6.82,152,"Low RSRP, Low SINR, High Latency, High Packet Loss","Poor radio coverage, High interference, Core network congestion, Backhaul issues","Optimize antenna tilt, Review neighboring cell configuration, Check UPF utilization, Inspect transport network"
2026-01-12 20:10:00,Cell_04,-108.42,3.93,92.55,109.34,1.22,124,"Low RSRP, Low SINR, High Latency","Poor radio coverage, High interference, Core network congestion","Optimize antenna tilt, Review neighboring cell configuration, Check UPF utilization"
2026-01-12 20:10:00,Cell_01,-96.71,15.66,121.3,264.59,1.8,168,High Latency,Core network congestion,Check UPF utilization
2026-01-12 20:30:00,Cell_01,-84.1,13.01,121.97,263.95,1.87,180,High Latency,Core network congestion,Check UPF utilization
2026-01-12 20:55:00,Cell_05,-105.76,10.98,164.77,147.19,4.24,154,"Low RSRP, High Latency, High Packet Loss","Poor radio coverage, Core network congestion, Backhaul issues","Optimize antenna tilt, Check UPF utilization, Inspect transport network"
2026-01-12 21:05:00,Cell_04,-109.03,5.07,90.73,111.95,1.3,103,"Low RSRP, Low SINR, High Latency","Poor radio coverage, High interference, Core network congestion","Optimize antenna tilt, Review neighboring cell configuration, Check UPF utilization"
2026-01-12 21:15:00,Cell_04,-120.1,0.9,147.89,45.61,4.78,95,"Low RSRP, Low SINR, High Latency, High Packet Loss","Poor radio coverage, High interference, Core network congestion, Backhaul issues","Optimize antenna tilt, Review neighboring cell configuration, Check UPF utilization, Inspect transport network"
2026-01-12 22:15:00,Cell_05,-98.34,7.97,152.8,95.25,4.72,110,"Low SINR, High Latency, High Packet Loss","High interference, Core network congestion, Backhaul issues","Review neighboring cell configuration, Check UPF utilization, Inspect transport network"
2026-01-12 22:45:00,Cell_05,-106.76,12.69,145.38,85.71,7.6,93,"Low RSRP, High Latency, High Packet Loss","Poor radio coverage, Core network congestion, Backhaul issues","Optimize antenna tilt, Check UPF utilization, Inspect transport network"
2026-01-13 00:20:00,Cell_01,-101.25,16.96,96.03,86.13,4.87,66,"High Latency, High Packet Loss","Core network congestion, Backhaul issues","Check UPF utilization, Inspect transport network"
2026-01-13 00:35:00,Cell_04,-103.94,8.62,28.52,47.29,0.17,30,Low SINR,High interference,Review neighboring cell configuration
2026-01-13 00:45:00,Cell_03,-106.89,9.47,113.1,43.18,3.39,54,"Low RSRP, Low SINR, High Latency, High Packet Loss","Poor radio coverage, High interference, Core network congestion, Backhaul issues","Optimize antenna tilt, Review neighboring cell configuration, Check UPF utilization, Inspect transport network"
2026-01-13 00:45:00,Cell_04,-107.55,8.43,42.82,37.66,0.16,37,"Low RSRP, Low SINR, Low Throughput","Poor radio coverage, High interference, Heavy traffic load","Optimize antenna tilt, Review neighboring cell configuration, Enable load balancing"
2026-01-13 01:55:00,Cell_04,-98.63,6.4,38.46,46.98,0.36,35,Low SINR,High interference,Review neighboring cell configuration
2026-01-13 03:10:00,Cell_04,-103.94,4.56,46.15,43.44,0.59,31,Low SINR,High interference,Review neighboring cell configuration
2026-01-13 03:35:00,Cell_04,-115.98,3.12,127.84,30.42,6.23,49,"Low RSRP, Low SINR, High Latency, High Packet Loss, Low Throughput","Poor radio coverage, High interference, Core network congestion, Backhaul issues, Heavy traffic load","Optimize antenna tilt, Review neighboring cell configuration, Check UPF utilization, Inspect transport network, Enable load balancing"
2026-01-13 04:25:00,Cell_04,-103.15,6.1,41.86,41.33,0.04,38,Low SINR,High interference,Review neighboring cell configuration
2026-01-13 04:50:00,Cell_03,-107.43,6.35,133.13,39.31,2.17,62,"Low RSRP, Low SINR, High Latency, Low Throughput","Poor radio coverage, High interference, Core network congestion, Heavy traffic load","Optimize antenna tilt, Review neighboring cell configuration, Check UPF utilization, Enable load balancing"
2026-01-13 05:15:00,Cell_04,-100.24,5.88,37.29,24.28,0.0,30,"Low SINR, Low Throughput","High interference, Heavy traffic load","Review neighboring cell configuration, Enable load balancing"
2026-01-13 05:30:00,Cell_04,-96.98,4.87,39.49,35.75,0.37,49,"Low SINR, Low Throughput","High interference, Heavy traffic load","Review neighboring cell configuration, Enable load balancing"
2026-01-13 05:30:00,Cell_01,-85.93,20.42,54.36,134.37,0.0,74,Unusual KPI combination,Requires further investigation,Review all network KPIs
2026-01-13 05:35:00,Cell_04,-115.93,1.78,96.41,45.75,3.58,61,"Low RSRP, Low SINR, High Latency, High Packet Loss","Poor radio coverage, High interference, Core network congestion, Backhaul issues","Optimize antenna tilt, Review neighboring cell configuration, Check UPF utilization, Inspect transport network"
2026-01-13 06:25:00,Cell_01,-100.35,9.9,133.68,98.54,3.73,78,"Low SINR, High Latency, High Packet Loss","High interference, Core network congestion, Backhaul issues","Review neighboring cell configuration, Check UPF utilization, Inspect transport network"
2026-01-13 09:35:00,Cell_01,-84.14,17.76,107.8,266.9,0.83,156,High Latency,Core network congestion,Check UPF utilization
2026-01-13 10:15:00,Cell_05,-108.08,10.3,174.06,133.87,4.32,137,"Low RSRP, High Latency, High Packet Loss","Poor radio coverage, Core network congestion, Backhaul issues","Optimize antenna tilt, Check UPF utilization, Inspect transport network"
2026-01-13 11:50:00,Cell_05,-100.56,6.94,135.92,101.15,7.28,116,"Low SINR, High Latency, High Packet Loss","High interference, Core network congestion, Backhaul issues","Review neighboring cell configuration, Check UPF utilization, Inspect transport network"
2026-01-13 12:10:00,Cell_02,-95.64,8.26,147.28,71.37,3.52,111,"Low SINR, High Latency, High Packet Loss","High interference, Core network congestion, Backhaul issues","Review neighboring cell configuration, Check UPF utilization, Inspect transport network"
2026-01-13 12:55:00,Cell_01,-101.76,15.83,152.88,103.83,5.58,119,"High Latency, High Packet Loss","Core network congestion, Backhaul issues","Check UPF utilization, Inspect transport network"
2026-01-13 13:55:00,Cell_05,-103.2,12.25,127.14,86.5,5.17,82,"High Latency, High Packet Loss","Core network congestion, Backhaul issues","Check UPF utilization, Inspect transport network"
2026-01-13 14:20:00,Cell_04,-107.28,5.29,60.92,44.54,0.11,67,"Low RSRP, Low SINR","Poor radio coverage, High interference","Optimize antenna tilt, Review neighboring cell configuration"
2026-01-13 14:30:00,Cell_02,-101.89,7.73,104.96,76.24,7.12,80,"Low SINR, High Latency, High Packet Loss","High interference, Core network congestion, Backhaul issues","Review neighboring cell configuration, Check UPF utilization, Inspect transport network"
2026-01-13 16:10:00,Cell_01,-100.15,16.05,147.51,161.17,5.76,132,"High Latency, High Packet Loss","Core network congestion, Backhaul issues","Check UPF utilization, Inspect transport network"
2026-01-13 16:40:00,Cell_05,-98.98,9.21,139.68,88.54,3.98,122,"Low SINR, High Latency, High Packet Loss","High interference, Core network congestion, Backhaul issues","Review neighboring cell configuration, Check UPF utilization, Inspect transport network"
2026-01-13 17:25:00,Cell_01,-90.1,16.98,121.9,284.16,1.53,171,High Latency,Core network congestion,Check UPF utilization
2026-01-13 17:45:00,Cell_01,-87.12,17.09,117.07,299.38,1.66,170,High Latency,Core network congestion,Check UPF utilization
2026-01-13 17:50:00,Cell_05,-96.85,15.0,113.33,275.25,1.48,170,High Latency,Core network congestion,Check UPF utilization
2026-01-13 17:55:00,Cell_01,-89.35,15.2,125.98,269.93,1.83,173,High Latency,Core network congestion,Check UPF utilization
2026-01-13 18:00:00,Cell_01,-88.74,15.15,124.47,278.17,1.37,175,High Latency,Core network congestion,Check UPF utilization
2026-01-13 18:00:00,Cell_04,-106.39,5.38,102.27,115.05,1.15,124,"Low RSRP, Low SINR, High Latency","Poor radio coverage, High interference, Core network congestion","Optimize antenna tilt, Review neighboring cell configuration, Check UPF utilization"
2026-01-13 18:05:00,Cell_01,-88.16,15.33,131.34,301.99,1.31,189,High Latency,Core network congestion,Check UPF utilization
2026-01-13 18:10:00,Cell_01,-89.91,15.54,125.5,285.98,1.62,180,High Latency,Core network congestion,Check UPF utilization
2026-01-13 18:15:00,Cell_03,-101.93,6.93,104.47,170.97,1.31,150,"Low SINR, High Latency","High interference, Core network congestion","Review neighboring cell configuration, Check UPF utilization"
2026-01-13 18:20:00,Cell_01,-89.8,15.4,115.77,296.09,1.22,181,High Latency,Core network congestion,Check UPF utilization
2026-01-13 18:25:00,Cell_01,-89.68,17.49,111.47,317.68,1.54,188,High Latency,Core network congestion,Check UPF utilization
2026-01-13 18:30:00,Cell_05,-93.34,13.94,120.51,283.36,1.48,190,High Latency,Core network congestion,Check UPF utilization
2026-01-13 18:30:00,Cell_01,-86.63,15.72,124.0,293.36,1.47,182,High Latency,Core network congestion,Check UPF utilization
2026-01-13 18:40:00,Cell_01,-94.11,17.77,117.71,294.29,1.15,176,High Latency,Core network congestion,Check UPF utilization
2026-01-13 18:45:00,Cell_05,-88.29,12.16,133.13,250.62,1.97,176,High Latency,Core network congestion,Check UPF utilization
2026-01-13 18:45:00,Cell_01,-89.55,14.69,118.87,286.46,1.58,182,High Latency,Core network congestion,Check UPF utilization
2026-01-13 18:50:00,Cell_03,-97.54,8.4,116.02,190.23,1.62,155,"Low SINR, High Latency","High interference, Core network congestion","Review neighboring cell configuration, Check UPF utilization"
2026-01-13 18:50:00,Cell_02,-91.35,10.41,115.74,218.34,1.32,156,High Latency,Core network congestion,Check UPF utilization
2026-01-13 18:50:00,Cell_01,-104.26,8.13,183.75,184.58,4.41,183,"Low SINR, High Latency, High Packet Loss","High interference, Core network congestion, Backhaul issues","Review neighboring cell configuration, Check UPF utilization, Inspect transport network"
2026-01-13 18:55:00,Cell_01,-88.77,15.59,134.51,317.1,2.04,196,High Latency,Core network congestion,Check UPF utilization
2026-01-13 19:00:00,Cell_04,-107.61,4.98,93.79,132.55,1.18,125,"Low RSRP, Low SINR, High Latency","Poor radio coverage, High interference, Core network congestion","Optimize antenna tilt, Review neighboring cell configuration, Check UPF utilization"
2026-01-13 19:00:00,Cell_01,-85.71,16.52,125.41,278.82,2.05,167,High Latency,Core network congestion,Check UPF utilization
2026-01-13 19:00:00,Cell_03,-99.47,7.94,112.69,167.92,1.32,149,"Low SINR, High Latency","High interference, Core network congestion","Review neighboring cell configuration, Check UPF utilization"
2026-01-13 19:05:00,Cell_01,-91.14,16.66,111.66,305.74,1.63,176,High Latency,Core network congestion,Check UPF utilization
2026-01-13 19:10:00,Cell_01,-86.67,17.1,111.56,281.07,1.79,167,High Latency,Core network congestion,Check UPF utilization
2026-01-13 19:10:00,Cell_02,-97.56,14.77,112.94,257.02,1.7,158,High Latency,Core network congestion,Check UPF utilization
2026-01-13 19:10:00,Cell_05,-89.26,13.29,120.6,253.59,1.88,170,High Latency,Core network congestion,Check UPF utilization
2026-01-13 19:15:00,Cell_01,-92.33,15.91,132.22,308.61,2.1,187,High Latency,Core network congestion,Check UPF utilization
2026-01-13 19:15:00,Cell_03,-96.86,8.22,114.46,181.75,1.26,148,"Low SINR, High Latency","High interference, Core network congestion","Review neighboring cell configuration, Check UPF utilization"
2026-01-13 19:15:00,Cell_05,-87.46,12.93,118.29,267.24,1.2,175,High Latency,Core network congestion,Check UPF utilization
2026-01-13 19:20:00,Cell_01,-91.79,13.52,127.15,268.58,2.06,182,High Latency,Core network congestion,Check UPF utilization
2026-01-13 19:25:00,Cell_01,-87.36,16.95,120.4,302.12,1.54,175,High Latency,Core network congestion,Check UPF utilization
2026-01-13 19:30:00,Cell_01,-89.01,15.43,116.12,279.65,1.66,176,High Latency,Core network congestion,Check UPF utilization
2026-01-13 19:30:00,Cell_05,-86.42,12.28,121.81,258.1,1.88,173,High Latency,Core network congestion,Check UPF utilization
2026-01-13 19:35:00,Cell_05,-90.51,15.64,128.63,280.44,1.47,168,High Latency,Core network congestion,Check UPF utilization
2026-01-13 19:35:00,Cell_04,-109.77,5.51,98.17,127.55,1.12,121,"Low RSRP, Low SINR, High Latency","Poor radio coverage, High interference, Core network congestion","Optimize antenna tilt, Review neighboring cell configuration, Check UPF utilization"
2026-01-13 19:35:00,Cell_01,-87.69,14.69,129.19,291.0,1.81,189,High Latency,Core network congestion,Check UPF utilization
2026-01-13 19:45:00,Cell_01,-89.45,14.69,124.68,268.97,1.89,171,High Latency,Core network congestion,Check UPF utilization
2026-01-13 19:50:00,Cell_01,-93.5,15.85,127.45,285.26,1.2,172,High Latency,Core network congestion,Check UPF utilization
2026-01-13 19:55:00,Cell_05,-102.71,10.22,164.29,183.04,7.95,167,"High Latency, High Packet Loss","Core network congestion, Backhaul issues","Check UPF utilization, Inspect transport network"
2026-01-13 20:00:00,Cell_01,-87.78,14.6,125.95,271.13,1.96,180,High Latency,Core network congestion,Check UPF utilization
2026-01-13 20:05:00,Cell_01,-89.69,18.03,122.73,275.49,1.46,166,High Latency,Core network congestion,Check UPF utilization
2026-01-13 20:10:00,Cell_03,-111.12,1.75,137.46,87.62,3.26,133,"Low RSRP, Low SINR, High Latency, High Packet Loss","Poor radio coverage, High interference, Core network congestion, Backhaul issues","Optimize antenna tilt, Review neighboring cell configuration, Check UPF utilization, Inspect transport network"
2026-01-13 20:10:00,Cell_05,-86.32,12.51,113.36,233.43,1.74,163,High Latency,Core network congestion,Check UPF utilization
2026-01-13 20:15:00,Cell_01,-87.58,18.06,119.28,280.4,1.61,163,High Latency,Core network congestion,Check UPF utilization
2026-01-13 20:50:00,Cell_01,-83.41,16.58,115.08,259.1,1.08,156,High Latency,Core network congestion,Check UPF utilization
2026-01-13 20:55:00,Cell_01,-103.81,10.36,195.73,151.96,3.81,156,"High Latency, High Packet Loss","Core network congestion, Backhaul issues","Check UPF utilization, Inspect transport network"
2026-01-13 21:10:00,Cell_05,-101.46,13.12,163.52,153.7,5.8,132,"High Latency, High Packet Loss","Core network congestion, Backhaul issues","Check UPF utilization, Inspect transport network"
2026-01-14 00:05:00,Cell_04,-99.96,10.08,44.88,26.91,0.0,28,Low Throughput,Heavy traffic load,Enable load balancing
2026-01-14 00:15:00,Cell_03,-111.78,6.66,94.05,60.63,3.85,58,"Low RSRP, Low SINR, High Latency, High Packet Loss","Poor radio coverage, High interference, Core network congestion, Backhaul issues","Optimize antenna tilt, Review neighboring cell configuration, Check UPF utilization, Inspect transport network"
2026-01-14 00:20:00,Cell_04,-103.73,7.83,38.79,39.23,0.18,26,"Low SINR, Low Throughput","High interference, Heavy traffic load","Review neighboring cell configuration, Enable load balancing"
2026-01-14 00:30:00,Cell_02,-105.88,8.42,113.23,43.1,5.98,63,"Low RSRP, Low SINR, High Latency, High Packet Loss","Poor radio coverage, High interference, Core network congestion, Backhaul issues","Optimize antenna tilt, Review neighboring cell configuration, Check UPF utilization, Inspect transport network"
2026-01-14 00:30:00,Cell_03,-110.29,5.86,75.45,34.17,6.37,42,"Low RSRP, Low SINR, High Packet Loss, Low Throughput","Poor radio coverage, High interference, Backhaul issues, Heavy traffic load","Optimize antenna tilt, Review neighboring cell configuration, Inspect transport network, Enable load balancing"
2026-01-14 00:35:00,Cell_05,-102.46,11.42,122.54,84.5,4.21,66,"High Latency, High Packet Loss","Core network congestion, Backhaul issues","Check UPF utilization, Inspect transport network"
2026-01-14 01:30:00,Cell_04,-97.99,6.82,40.63,15.53,0.26,20,"Low SINR, Low Throughput","High interference, Heavy traffic load","Review neighboring cell configuration, Enable load balancing"
2026-01-14 02:15:00,Cell_01,-92.33,12.89,138.31,81.64,3.31,64,"High Latency, High Packet Loss","Core network congestion, Backhaul issues","Check UPF utilization, Inspect transport network"
2026-01-14 02:50:00,Cell_03,-105.68,7.54,114.69,37.23,5.67,50,"Low RSRP, Low SINR, High Latency, High Packet Loss, Low Throughput","Poor radio coverage, High interference, Core network congestion, Backhaul issues, Heavy traffic load","Optimize antenna tilt, Review neighboring cell configuration, Check UPF utilization, Inspect transport network, Enable load balancing"
2026-01-14 03:25:00,Cell_04,-121.37,5.07,82.47,16.77,6.14,34,"Low RSRP, Low SINR, High Latency, High Packet Loss, Low Throughput","Poor radio coverage, High interference, Core network congestion, Backhaul issues, Heavy traffic load","Optimize antenna tilt, Review neighboring cell configuration, Check UPF utilization, Inspect transport network, Enable load balancing"
2026-01-14 03:55:00,Cell_04,-116.51,2.06,111.05,30.6,5.69,31,"Low RSRP, Low SINR, High Latency, High Packet Loss, Low Throughput","Poor radio coverage, High interference, Core network congestion, Backhaul issues, Heavy traffic load","Optimize antenna tilt, Review neighboring cell configuration, Check UPF utilization, Inspect transport network, Enable load balancing"
2026-01-14 04:30:00,Cell_01,-81.41,20.18,51.91,125.84,0.06,69,Unusual KPI combination,Requires further investigation,Review all network KPIs
2026-01-14 04:35:00,Cell_04,-101.76,8.01,40.77,32.39,0.0,27,"Low SINR, Low Throughput","High interference, Heavy traffic load","Review neighboring cell configuration, Enable load balancing"
2026-01-14 05:30:00,Cell_04,-107.31,6.19,50.99,41.45,0.0,43,"Low RSRP, Low SINR","Poor radio coverage, High interference","Optimize antenna tilt, Review neighboring cell configuration"
2026-01-14 06:05:00,Cell_05,-99.27,6.83,104.93,53.83,6.27,75,"Low SINR, High Latency, High Packet Loss","High interference, Core network congestion, Backhaul issues","Review neighboring cell configuration, Check UPF utilization, Inspect transport network"
2026-01-14 07:15:00,Cell_02,-107.12,9.21,146.28,78.24,3.91,95,"Low RSRP, Low SINR, High Latency, High Packet Loss","Poor radio coverage, High interference, Core network congestion, Backhaul issues","Optimize antenna tilt, Review neighboring cell configuration, Check UPF utilization, Inspect transport network"
2026-01-14 07:50:00,Cell_03,-111.86,6.89,97.61,62.01,4.44,77,"Low RSRP, Low SINR, High Latency, High Packet Loss","Poor radio coverage, High interference, Core network congestion, Backhaul issues","Optimize antenna tilt, Review neighboring cell configuration, Check UPF utilization, Inspect transport network"
2026-01-14 09:55:00,Cell_02,-105.5,9.41,138.63,107.74,3.57,122,"Low RSRP, Low SINR, High Latency, High Packet Loss","Poor radio coverage, High interference, Core network congestion, Backhaul issues","Optimize antenna tilt, Review neighboring cell configuration, Check UPF utilization, Inspect transport network"
2026-01-14 10:45:00,Cell_05,-102.52,9.19,141.69,90.41,7.75,119,"Low SINR, High Latency, High Packet Loss","High interference, Core network congestion, Backhaul issues","Review neighboring cell configuration, Check UPF utilization, Inspect transport network"
2026-01-14 11:00:00,Cell_01,-81.64,20.38,98.57,252.13,1.3,136,High Latency,Core network congestion,Check UPF utilization
2026-01-14 11:40:00,Cell_03,-106.99,5.19,162.37,95.58,4.85,111,"Low RSRP, Low SINR, High Latency, High Packet Loss","Poor radio coverage, High interference, Core network congestion, Backhaul issues","Optimize antenna tilt, Review neighboring cell configuration, Check UPF utilization, Inspect transport network"
2026-01-14 12:15:00,Cell_03,-111.46,8.84,121.6,90.7,7.59,92,"Low RSRP, Low SINR, High Latency, High Packet Loss","Poor radio coverage, High interference, Core network congestion, Backhaul issues","Optimize antenna tilt, Review neighboring cell configuration, Check UPF utilization, Inspect transport network"
2026-01-14 15:25:00,Cell_01,-101.19,10.9,157.49,141.58,4.36,119,"High Latency, High Packet Loss","Core network congestion, Backhaul issues","Check UPF utilization, Inspect transport network"
2026-01-14 17:00:00,Cell_01,-85.8,16.58,114.98,285.4,2.1,168,High Latency,Core network congestion,Check UPF utilization
2026-01-14 17:25:00,Cell_01,-88.56,20.29,111.71,278.41,1.51,145,High Latency,Core network congestion,Check UPF utilization
2026-01-14 17:30:00,Cell_01,-89.41,16.51,119.8,286.16,1.82,166,High Latency,Core network congestion,Check UPF utilization
2026-01-14 17:35:00,Cell_01,-88.61,18.61,118.78,315.03,1.19,174,High Latency,Core network congestion,Check UPF utilization
2026-01-14 17:50:00,Cell_01,-87.23,15.74,127.12,290.29,1.66,177,High Latency,Core network congestion,Check UPF utilization
2026-01-14 17:55:00,Cell_01,-87.03,17.29,117.05,287.65,1.55,174,High Latency,Core network congestion,Check UPF utilization
2026-01-14 18:00:00,Cell_05,-84.07,16.3,113.37,258.72,1.88,160,High Latency,Core network congestion,Check UPF utilization
2026-01-14 18:05:00,Cell_01,-84.68,14.33,114.25,273.61,1.21,173,High Latency,Core network congestion,Check UPF utilization
2026-01-14 18:10:00,Cell_01,-88.38,19.18,112.06,307.78,1.23,165,High Latency,Core network congestion,Check UPF utilization
2026-01-14 18:10:00,Cell_05,-83.85,11.38,122.39,231.76,1.74,167,High Latency,Core network congestion,Check UPF utilization
2026-01-14 18:15:00,Cell_01,-90.94,13.91,117.79,285.93,1.24,184,High Latency,Core network congestion,Check UPF utilization
2026-01-14 18:20:00,Cell_01,-91.54,16.12,117.94,292.4,1.89,175,High Latency,Core network congestion,Check UPF utilization
2026-01-14 18:25:00,Cell_05,-103.08,7.32,165.8,124.0,5.11,169,"Low SINR, High Latency, High Packet Loss","High interference, Core network congestion, Backhaul issues","Review neighboring cell configuration, Check UPF utilization, Inspect transport network"
2026-01-14 18:25:00,Cell_01,-83.86,15.04,115.52,269.41,1.59,169,High Latency,Core network congestion,Check UPF utilization
2026-01-14 18:35:00,Cell_03,-103.83,7.72,111.95,192.13,1.41,158,"Low SINR, High Latency","High interference, Core network congestion","Review neighboring cell configuration, Check UPF utilization"
2026-01-14 18:35:00,Cell_01,-85.77,13.47,116.13,269.74,1.31,177,High Latency,Core network congestion,Check UPF utilization
2026-01-14 18:40:00,Cell_01,-89.61,17.89,124.0,308.89,1.31,176,High Latency,Core network congestion,Check UPF utilization
2026-01-14 18:40:00,Cell_02,-88.74,14.18,116.96,262.56,1.82,166,High Latency,Core network congestion,Check UPF utilization
2026-01-14 18:45:00,Cell_05,-95.0,13.33,121.02,262.18,1.87,171,High Latency,Core network congestion,Check UPF utilization
2026-01-14 18:45:00,Cell_01,-86.48,13.41,130.04,280.37,1.55,190,High Latency,Core network congestion,Check UPF utilization
2026-01-14 18:50:00,Cell_01,-88.27,14.76,128.71,278.17,1.7,176,High Latency,Core network congestion,Check UPF utilization
2026-01-14 18:55:00,Cell_05,-92.48,15.01,122.61,263.94,1.55,171,High Latency,Core network congestion,Check UPF utilization
2026-01-14 19:00:00,Cell_01,-85.37,15.08,123.92,280.28,1.4,167,High Latency,Core network congestion,Check UPF utilization
2026-01-14 19:00:00,Cell_03,-101.17,9.32,114.79,205.91,1.43,163,"Low SINR, High Latency","High interference, Core network congestion","Review neighboring cell configuration, Check UPF utilization"
2026-01-14 19:05:00,Cell_01,-90.08,13.78,131.95,272.22,1.48,191,High Latency,Core network congestion,Check UPF utilization
2026-01-14 19:05:00,Cell_04,-107.81,4.6,98.64,131.33,1.08,119,"Low RSRP, Low SINR, High Latency","Poor radio coverage, High interference, Core network congestion","Optimize antenna tilt, Review neighboring cell configuration, Check UPF utilization"
2026-01-14 19:10:00,Cell_02,-94.92,10.45,115.99,214.28,1.59,156,High Latency,Core network congestion,Check UPF utilization
2026-01-14 19:15:00,Cell_05,-91.17,15.89,118.28,274.05,0.76,174,High Latency,Core network congestion,Check UPF utilization
2026-01-14 19:15:00,Cell_01,-90.98,17.04,131.51,304.13,1.78,180,High Latency,Core network congestion,Check UPF utilization
2026-01-14 19:20:00,Cell_01,-86.59,15.67,129.27,290.48,1.5,175,High Latency,Core network congestion,Check UPF utilization
2026-01-14 19:20:00,Cell_03,-102.21,11.33,111.91,211.01,1.58,154,High Latency,Core network congestion,Check UPF utilization
2026-01-14 19:20:00,Cell_05,-94.78,14.8,125.54,269.83,1.72,177,High Latency,Core network congestion,Check UPF utilization
2026-01-14 19:25:00,Cell_01,-87.22,14.84,122.18,283.28,1.4,182,High Latency,Core network congestion,Check UPF utilization
2026-01-14 19:30:00,Cell_05,-94.14,14.05,119.73,260.85,1.85,179,High Latency,Core network congestion,Check UPF utilization
2026-01-14 19:30:00,Cell_01,-90.05,16.21,122.65,290.95,1.49,176,High Latency,Core network congestion,Check UPF utilization
2026-01-14 19:35:00,Cell_01,-86.18,15.01,114.72,280.14,1.59,175,High Latency,Core network congestion,Check UPF utilization
2026-01-14 19:45:00,Cell_01,-90.98,16.72,120.98,293.75,1.83,177,High Latency,Core network congestion,Check UPF utilization
2026-01-14 19:50:00,Cell_05,-89.68,13.14,130.88,257.13,1.79,169,High Latency,Core network congestion,Check UPF utilization
2026-01-14 20:00:00,Cell_05,-90.65,16.5,114.96,288.78,1.69,165,High Latency,Core network congestion,Check UPF utilization
2026-01-14 20:05:00,Cell_05,-93.35,13.23,121.18,258.01,1.52,172,High Latency,Core network congestion,Check UPF utilization
2026-01-14 20:10:00,Cell_02,-93.8,10.96,120.15,223.7,1.89,159,High Latency,Core network congestion,Check UPF utilization
2026-01-14 20:15:00,Cell_05,-90.2,13.86,119.28,245.85,1.92,164,High Latency,Core network congestion,Check UPF utilization
2026-01-14 20:15:00,Cell_01,-87.67,12.39,119.6,262.33,1.02,180,High Latency,Core network congestion,Check UPF utilization
2026-01-14 20:30:00,Cell_04,-109.65,4.76,73.69,102.31,1.15,105,"Low RSRP, Low SINR","Poor radio coverage, High interference","Optimize antenna tilt, Review neighboring cell configuration"
2026-01-14 20:35:00,Cell_01,-88.64,16.25,119.7,285.44,1.22,175,High Latency,Core network congestion,Check UPF utilization
2026-01-14 20:55:00,Cell_01,-100.84,10.14,147.24,143.03,6.66,152,"High Latency, High Packet Loss","Core network congestion, Backhaul issues","Check UPF utilization, Inspect transport network"
2026-01-14 21:35:00,Cell_02,-97.28,8.85,140.79,120.75,4.93,108,"Low SINR, High Latency, High Packet Loss","High interference, Core network congestion, Backhaul issues","Review neighboring cell configuration, Check UPF utilization, Inspect transport network"
2026-01-14 23:10:00,Cell_04,-108.96,4.79,44.38,59.35,0.14,51,"Low RSRP, Low SINR","Poor radio coverage, High interference","Optimize antenna tilt, Review neighboring cell configuration"
2026-01-14 23:25:00,Cell_04,-115.85,1.94,106.49,38.74,3.42,51,"Low RSRP, Low SINR, High Latency, High Packet Loss, Low Throughput","Poor radio coverage, High interference, Core network congestion, Backhaul issues, Heavy traffic load","Optimize antenna tilt, Review neighboring cell configuration, Check UPF utilization, Inspect transport network, Enable load balancing"
2026-01-15 00:00:00,Cell_04,-102.27,8.62,37.25,36.2,0.0,35,"Low SINR, Low Throughput","High interference, Heavy traffic load","Review neighboring cell configuration, Enable load balancing"
2026-01-15 00:15:00,Cell_04,-102.48,3.43,39.21,37.06,0.49,42,"Low SINR, Low Throughput","High interference, Heavy traffic load","Review neighboring cell configuration, Enable load balancing"
2026-01-15 00:25:00,Cell_02,-102.69,12.55,117.93,56.43,6.5,52,"High Latency, High Packet Loss","Core network congestion, Backhaul issues","Check UPF utilization, Inspect transport network"
2026-01-15 00:30:00,Cell_04,-101.77,8.8,26.49,40.35,0.44,30,Low SINR,High interference,Review neighboring cell configuration
2026-01-15 01:20:00,Cell_05,-98.84,15.48,93.44,48.84,2.69,57,High Latency,Core network congestion,Check UPF utilization
2026-01-15 01:45:00,Cell_04,-101.45,8.84,30.72,39.2,0.41,33,"Low SINR, Low Throughput","High interference, Heavy traffic load","Review neighboring cell configuration, Enable load balancing"
2026-01-15 02:05:00,Cell_04,-100.17,7.65,32.16,42.65,0.29,35,Low SINR,High interference,Review neighboring cell configuration
2026-01-15 02:15:00,Cell_04,-106.43,7.6,38.02,54.42,0.4,31,"Low RSRP, Low SINR","Poor radio coverage, High interference","Optimize antenna tilt, Review neighboring cell configuration"
2026-01-15 02:25:00,Cell_04,-102.57,4.86,39.64,24.03,0.4,33,"Low SINR, Low Throughput","High interference, Heavy traffic load","Review neighboring cell configuration, Enable load balancing"
2026-01-15 03:15:00,Cell_04,-108.23,8.92,42.56,35.94,0.57,33,"Low RSRP, Low SINR, Low Throughput","Poor radio coverage, High interference, Heavy traffic load","Optimize antenna tilt, Review neighboring cell configuration, Enable load balancing"
2026-01-15 03:30:00,Cell_04,-110.05,6.6,55.93,51.78,0.6,44,"Low RSRP, Low SINR","Poor radio coverage, High interference","Optimize antenna tilt, Review neighboring cell configuration"
2026-01-15 04:15:00,Cell_02,-103.86,10.09,116.39,36.18,6.57,46,"High Latency, High Packet Loss, Low Throughput","Core network congestion, Backhaul issues, Heavy traffic load","Check UPF utilization, Inspect transport network, Enable load balancing"
2026-01-15 04:30:00,Cell_04,-105.43,5.75,43.68,49.63,1.07,46,"Low RSRP, Low SINR","Poor radio coverage, High interference","Optimize antenna tilt, Review neighboring cell configuration"
2026-01-15 04:40:00,Cell_01,-95.89,13.29,102.62,60.74,6.93,61,"High Latency, High Packet Loss","Core network congestion, Backhaul issues","Check UPF utilization, Inspect transport network"
2026-01-15 04:55:00,Cell_04,-118.58,-1.33,129.07,24.29,5.97,43,"Low RSRP, Low SINR, High Latency, High Packet Loss, Low Throughput","Poor radio coverage, High interference, Core network congestion, Backhaul issues, Heavy traffic load","Optimize antenna tilt, Review neighboring cell configuration, Check UPF utilization, Inspect transport network, Enable load balancing"
2026-01-15 09:10:00,Cell_05,-98.86,10.88,170.48,138.95,4.95,131,"High Latency, High Packet Loss","Core network congestion, Backhaul issues","Check UPF utilization, Inspect transport network"
2026-01-15 10:00:00,Cell_03,-108.92,6.46,141.88,79.8,4.89,113,"Low RSRP, Low SINR, High Latency, High Packet Loss","Poor radio coverage, High interference, Core network congestion, Backhaul issues","Optimize antenna tilt, Review neighboring cell configuration, Check UPF utilization, Inspect transport network"
2026-01-15 11:05:00,Cell_04,-116.01,3.52,148.1,54.02,3.36,88,"Low RSRP, Low SINR, High Latency, High Packet Loss","Poor radio coverage, High interference, Core network congestion, Backhaul issues","Optimize antenna tilt, Review neighboring cell configuration, Check UPF utilization, Inspect transport network"
2026-01-15 13:15:00,Cell_03,-103.89,7.1,135.75,77.26,4.69,86,"Low SINR, High Latency, High Packet Loss","High interference, Core network congestion, Backhaul issues","Review neighboring cell configuration, Check UPF utilization, Inspect transport network"
2026-01-15 13:55:00,Cell_02,-107.47,7.74,124.8,61.6,6.01,75,"Low RSRP, Low SINR, High Latency, High Packet Loss","Poor radio coverage, High interference, Core network congestion, Backhaul issues","Optimize antenna tilt, Review neighboring cell configuration, Check UPF utilization, Inspect transport network"
2026-01-15 15:05:00,Cell_05,-103.67,9.94,121.66,119.36,6.93,101,"Low SINR, High Latency, High Packet Loss","High interference, Core network congestion, Backhaul issues","Review neighboring cell configuration, Check UPF utilization, Inspect transport network"
2026-01-15 15:35:00,Cell_03,-108.85,5.02,159.44,80.68,3.0,98,"Low RSRP, Low SINR, High Latency","Poor radio coverage, High interference, Core network congestion","Optimize antenna tilt, Review neighboring cell configuration, Check UPF utilization"
2026-01-15 17:45:00,Cell_02,-94.97,11.16,120.47,217.23,1.65,154,High Latency,Core network congestion,Check UPF utilization
2026-01-15 18:00:00,Cell_01,-89.31,16.51,124.64,305.15,1.43,184,High Latency,Core network congestion,Check UPF utilization
2026-01-15 18:10:00,Cell_01,-87.49,16.5,121.61,270.18,1.61,168,High Latency,Core network congestion,Check UPF utilization
2026-01-15 18:15:00,Cell_03,-102.73,7.63,112.57,174.25,1.71,142,"Low SINR, High Latency","High interference, Core network congestion","Review neighboring cell configuration, Check UPF utilization"
2026-01-15 18:15:00,Cell_01,-86.36,18.87,125.3,319.56,1.65,175,High Latency,Core network congestion,Check UPF utilization
2026-01-15 18:25:00,Cell_01,-87.3,12.92,121.07,258.48,1.71,182,High Latency,Core network congestion,Check UPF utilization
2026-01-15 18:30:00,Cell_05,-90.34,12.17,118.77,250.08,1.55,174,High Latency,Core network congestion,Check UPF utilization
2026-01-15 18:30:00,Cell_01,-87.69,14.19,123.02,282.57,1.76,173,High Latency,Core network congestion,Check UPF utilization
2026-01-15 18:35:00,Cell_01,-88.4,15.12,126.88,304.42,1.45,185,High Latency,Core network congestion,Check UPF utilization
2026-01-15 18:40:00,Cell_01,-92.36,17.09,121.78,286.45,2.0,172,High Latency,Core network congestion,Check UPF utilization
2026-01-15 18:40:00,Cell_05,-93.03,13.81,129.71,253.82,1.6,171,High Latency,Core network congestion,Check UPF utilization
2026-01-15 18:45:00,Cell_02,-96.16,10.24,110.53,205.05,1.87,159,High Latency,Core network congestion,Check UPF utilization
2026-01-15 18:45:00,Cell_01,-84.56,16.48,135.4,296.69,1.76,179,High Latency,Core network congestion,Check UPF utilization
2026-01-15 18:50:00,Cell_01,-86.23,17.08,136.19,317.24,1.84,191,High Latency,Core network congestion,Check UPF utilization
2026-01-15 18:50:00,Cell_05,-92.12,16.78,120.79,285.65,1.4,164,High Latency,Core network congestion,Check UPF utilization
2026-01-15 18:55:00,Cell_01,-87.86,18.09,120.65,320.71,1.27,181,High Latency,Core network congestion,Check UPF utilization
2026-01-15 18:55:00,Cell_03,-111.14,2.08,171.91,97.11,4.17,151,"Low RSRP, Low SINR, High Latency, High Packet Loss","Poor radio coverage, High interference, Core network congestion, Backhaul issues","Optimize antenna tilt, Review neighboring cell configuration, Check UPF utilization, Inspect transport network"
2026-01-15 18:55:00,Cell_05,-93.76,12.9,131.8,244.08,1.47,175,High Latency,Core network congestion,Check UPF utilization
2026-01-15 19:05:00,Cell_01,-87.92,14.98,127.19,255.91,1.85,168,High Latency,Core network congestion,Check UPF utilization
2026-01-15 19:10:00,Cell_01,-89.0,13.72,128.81,281.95,1.17,181,High Latency,Core network congestion,Check UPF utilization
2026-01-15 19:15:00,Cell_01,-89.14,18.41,122.66,336.79,1.5,181,High Latency,Core network congestion,Check UPF utilization
2026-01-15 19:15:00,Cell_04,-109.22,5.87,90.82,136.46,1.08,120,"Low RSRP, Low SINR, High Latency","Poor radio coverage, High interference, Core network congestion","Optimize antenna tilt, Review neighboring cell configuration, Check UPF utilization"
2026-01-15 19:15:00,Cell_05,-90.26,15.89,117.54,273.33,1.7,166,High Latency,Core network congestion,Check UPF utilization
2026-01-15 19:20:00,Cell_05,-98.27,14.32,118.38,262.82,1.53,171,High Latency,Core network congestion,Check UPF utilization
2026-01-15 19:20:00,Cell_03,-98.05,7.48,107.96,162.09,1.73,144,"Low SINR, High Latency","High interference, Core network congestion","Review neighboring cell configuration, Check UPF utilization"
2026-01-15 19:20:00,Cell_01,-90.39,16.36,128.45,304.33,1.86,174,High Latency,Core network congestion,Check UPF utilization
2026-01-15 19:25:00,Cell_01,-92.65,17.21,121.82,304.75,1.47,171,High Latency,Core network congestion,Check UPF utilization
2026-01-15 19:25:00,Cell_02,-92.45,13.02,128.15,239.87,2.03,166,High Latency,Core network congestion,Check UPF utilization
2026-01-15 19:25:00,Cell_05,-93.15,14.42,119.28,268.41,1.42,171,High Latency,Core network congestion,Check UPF utilization
2026-01-15 19:30:00,Cell_01,-85.53,12.85,133.97,269.18,1.89,182,High Latency,Core network congestion,Check UPF utilization
2026-01-15 19:30:00,Cell_05,-91.85,16.78,115.78,296.32,1.39,170,High Latency,Core network congestion,Check UPF utilization
2026-01-15 19:35:00,Cell_05,-92.24,12.86,124.6,261.02,1.65,167,High Latency,Core network congestion,Check UPF utilization
2026-01-15 19:35:00,Cell_01,-87.93,17.54,118.51,299.85,1.36,177,High Latency,Core network congestion,Check UPF utilization
2026-01-15 19:40:00,Cell_05,-93.14,14.09,124.74,268.57,1.56,173,High Latency,Core network congestion,Check UPF utilization
2026-01-15 19:45:00,Cell_05,-94.08,14.56,116.77,285.85,1.36,179,High Latency,Core network congestion,Check UPF utilization
2026-01-15 19:45:00,Cell_01,-88.12,16.79,124.96,307.99,1.75,177,High Latency,Core network congestion,Check UPF utilization
2026-01-15 19:50:00,Cell_01,-90.23,17.32,123.07,303.82,1.59,178,High Latency,Core network congestion,Check UPF utilization
2026-01-15 19:50:00,Cell_02,-105.23,8.72,154.96,137.84,3.71,164,"Low RSRP, Low SINR, High Latency, High Packet Loss","Poor radio coverage, High interference, Core network congestion, Backhaul issues","Optimize antenna tilt, Review neighboring cell configuration, Check UPF utilization, Inspect transport network"
2026-01-15 19:55:00,Cell_01,-88.38,17.82,133.21,321.52,1.8,184,High Latency,Core network congestion,Check UPF utilization
2026-01-15 20:00:00,Cell_01,-89.91,14.48,132.54,276.0,2.11,184,High Latency,Core network congestion,Check UPF utilization
2026-01-15 20:10:00,Cell_01,-92.36,18.13,122.3,293.8,1.6,169,High Latency,Core network congestion,Check UPF utilization
2026-01-15 20:25:00,Cell_01,-86.74,17.57,111.15,303.16,1.42,169,High Latency,Core network congestion,Check UPF utilization
2026-01-15 20:40:00,Cell_04,-109.16,7.03,96.29,128.77,1.24,112,"Low RSRP, Low SINR, High Latency","Poor radio coverage, High interference, Core network congestion","Optimize antenna tilt, Review neighboring cell configuration, Check UPF utilization"
2026-01-15 20:40:00,Cell_01,-83.32,14.15,114.23,258.23,0.88,162,High Latency,Core network congestion,Check UPF utilization
2026-01-15 21:55:00,Cell_01,-81.08,20.43,93.65,249.05,1.05,129,High Latency,Core network congestion,Check UPF utilization
2026-01-16 00:15:00,Cell_04,-103.73,5.44,39.14,49.66,0.43,39,Low SINR,High interference,Review neighboring cell configuration
2026-01-16 00:30:00,Cell_04,-116.6,0.12,114.05,25.32,4.67,50,"Low RSRP, Low SINR, High Latency, High Packet Loss, Low Throughput","Poor radio coverage, High interference, Core network congestion, Backhaul issues, Heavy traffic load","Optimize antenna tilt, Review neighboring cell configuration, Check UPF utilization, Inspect transport network, Enable load balancing"
2026-01-16 00:55:00,Cell_04,-102.51,5.38,36.8,41.86,0.29,38,Low SINR,High interference,Review neighboring cell configuration
2026-01-16 00:55:00,Cell_05,-103.0,10.08,84.15,69.0,3.42,61,"High Latency, High Packet Loss","Core network congestion, Backhaul issues","Check UPF utilization, Inspect transport network"
2026-01-16 01:00:00,Cell_04,-103.07,7.47,35.93,39.85,0.0,39,"Low SINR, Low Throughput","High interference, Heavy traffic load","Review neighboring cell configuration, Enable load balancing"
2026-01-16 01:15:00,Cell_04,-103.93,8.15,38.46,19.47,0.1,32,"Low SINR, Low Throughput","High interference, Heavy traffic load","Review neighboring cell configuration, Enable load balancing"
2026-01-16 02:00:00,Cell_04,-103.47,7.68,35.15,47.2,0.07,32,Low SINR,High interference,Review neighboring cell configuration
2026-01-16 02:20:00,Cell_04,-99.81,9.3,35.95,44.18,0.34,31,Low SINR,High interference,Review neighboring cell configuration
2026-01-16 02:25:00,Cell_04,-103.8,7.23,34.21,29.12,0.63,33,"Low SINR, Low Throughput","High interference, Heavy traffic load","Review neighboring cell configuration, Enable load balancing"
2026-01-16 03:00:00,Cell_04,-103.37,8.6,35.97,31.43,0.41,30,"Low SINR, Low Throughput","High interference, Heavy traffic load","Review neighboring cell configuration, Enable load balancing"
2026-01-16 03:55:00,Cell_04,-100.68,6.42,34.55,40.8,0.23,33,Low SINR,High interference,Review neighboring cell configuration
2026-01-16 04:05:00,Cell_04,-101.8,7.16,35.17,31.31,0.62,31,"Low SINR, Low Throughput","High interference, Heavy traffic load","Review neighboring cell configuration, Enable load balancing"
2026-01-16 04:10:00,Cell_04,-103.66,6.18,46.18,35.09,0.0,37,"Low SINR, Low Throughput","High interference, Heavy traffic load","Review neighboring cell configuration, Enable load balancing"
2026-01-16 04:20:00,Cell_05,-96.59,13.38,102.09,66.43,3.04,53,"High Latency, High Packet Loss","Core network congestion, Backhaul issues","Check UPF utilization, Inspect transport network"
2026-01-16 05:30:00,Cell_01,-100.84,13.28,134.23,66.66,4.48,78,"High Latency, High Packet Loss","Core network congestion, Backhaul issues","Check UPF utilization, Inspect transport network"
2026-01-16 06:25:00,Cell_05,-96.81,10.2,128.14,110.6,7.93,82,"High Latency, High Packet Loss","Core network congestion, Backhaul issues","Check UPF utilization, Inspect transport network"
2026-01-16 07:00:00,Cell_04,-115.55,-0.79,89.06,43.95,2.92,57,"Low RSRP, Low SINR, High Latency","Poor radio coverage, High interference, Core network congestion","Optimize antenna tilt, Review neighboring cell configuration, Check UPF utilization"
2026-01-16 07:15:00,Cell_01,-100.96,14.54,135.83,106.09,4.97,100,"High Latency, High Packet Loss","Core network congestion, Backhaul issues","Check UPF utilization, Inspect transport network"
2026-01-16 09:00:00,Cell_05,-101.12,10.11,130.96,107.78,5.3,127,"High Latency, High Packet Loss","Core network congestion, Backhaul issues","Check UPF utilization, Inspect transport network"
2026-01-16 10:10:00,Cell_01,-83.53,14.95,118.34,240.82,1.6,151,High Latency,Core network congestion,Check UPF utilization
2026-01-16 10:50:00,Cell_03,-110.95,5.53,131.76,87.68,5.31,123,"Low RSRP, Low SINR, High Latency, High Packet Loss","Poor radio coverage, High interference, Core network congestion, Backhaul issues","Optimize antenna tilt, Review neighboring cell configuration, Check UPF utilization, Inspect transport network"
2026-01-16 10:50:00,Cell_01,-82.13,15.33,105.76,234.57,1.7,151,High Latency,Core network congestion,Check UPF utilization
2026-01-16 13:05:00,Cell_01,-97.49,8.82,129.22,122.39,3.06,107,"Low SINR, High Latency, High Packet Loss","High interference, Core network congestion, Backhaul issues","Review neighboring cell configuration, Check UPF utilization, Inspect transport network"
2026-01-16 13:15:00,Cell_03,-110.16,7.45,114.55,96.73,3.42,90,"Low RSRP, Low SINR, High Latency, High Packet Loss","Poor radio coverage, High interference, Core network congestion, Backhaul issues","Optimize antenna tilt, Review neighboring cell configuration, Check UPF utilization, Inspect transport network"
2026-01-16 14:10:00,Cell_01,-99.65,14.05,138.0,96.71,6.7,99,"High Latency, High Packet Loss","Core network congestion, Backhaul issues","Check UPF utilization, Inspect transport network"
2026-01-16 16:50:00,Cell_04,-111.45,3.08,144.17,71.49,5.62,96,"Low RSRP, Low SINR, High Latency, High Packet Loss","Poor radio coverage, High interference, Core network congestion, Backhaul issues","Optimize antenna tilt, Review neighboring cell configuration, Check UPF utilization, Inspect transport network"
2026-01-16 17:20:00,Cell_01,-84.86,14.13,118.09,241.64,1.72,157,High Latency,Core network congestion,Check UPF utilization
2026-01-16 17:40:00,Cell_01,-87.31,16.28,116.61,275.17,1.91,164,High Latency,Core network congestion,Check UPF utilization
2026-01-16 17:45:00,Cell_01,-83.47,15.71,115.33,271.95,1.37,163,High Latency,Core network congestion,Check UPF utilization
2026-01-16 17:50:00,Cell_01,-91.82,15.97,125.41,271.98,2.05,171,High Latency,Core network congestion,Check UPF utilization
2026-01-16 17:55:00,Cell_01,-89.14,16.18,130.78,274.4,2.0,171,High Latency,Core network congestion,Check UPF utilization
2026-01-16 18:00:00,Cell_01,-89.42,14.02,122.77,252.95,1.51,177,High Latency,Core network congestion,Check UPF utilization
2026-01-16 18:05:00,Cell_01,-86.84,16.84,123.94,278.19,1.48,172,High Latency,Core network congestion,Check UPF utilization
2026-01-16 18:10:00,Cell_01,-85.73,15.68,128.46,293.24,1.29,180,High Latency,Core network congestion,Check UPF utilization
2026-01-16 18:10:00,Cell_03,-99.0,9.81,109.88,189.14,1.71,152,"Low SINR, High Latency","High interference, Core network congestion","Review neighboring cell configuration, Check UPF utilization"
2026-01-16 18:10:00,Cell_04,-107.46,6.33,103.51,130.32,1.32,112,"Low RSRP, Low SINR, High Latency","Poor radio coverage, High interference, Core network congestion","Optimize antenna tilt, Review neighboring cell configuration, Check UPF utilization"
2026-01-16 18:15:00,Cell_01,-91.35,15.32,120.04,272.78,1.5,172,High Latency,Core network congestion,Check UPF utilization
2026-01-16 18:20:00,Cell_01,-88.44,15.06,123.3,283.62,2.2,179,High Latency,Core network congestion,Check UPF utilization
2026-01-16 18:20:00,Cell_03,-103.58,9.32,119.9,197.61,1.2,156,"Low SINR, High Latency","High interference, Core network congestion","Review neighboring cell configuration, Check UPF utilization"
2026-01-16 18:25:00,Cell_02,-95.66,13.1,118.92,240.5,1.81,165,High Latency,Core network congestion,Check UPF utilization
2026-01-16 18:25:00,Cell_01,-90.63,16.13,115.63,281.65,1.66,170,High Latency,Core network congestion,Check UPF utilization
2026-01-16 18:30:00,Cell_01,-85.43,12.42,119.75,270.41,1.57,184,High Latency,Core network congestion,Check UPF utilization
2026-01-16 18:35:00,Cell_04,-109.27,5.61,89.92,130.74,1.06,124,"Low RSRP, Low SINR, High Latency","Poor radio coverage, High interference, Core network congestion","Optimize antenna tilt, Review neighboring cell configuration, Check UPF utilization"
2026-01-16 18:35:00,Cell_01,-91.24,16.99,126.65,291.21,1.27,178,High Latency,Core network congestion,Check UPF utilization
2026-01-16 18:40:00,Cell_01,-82.78,12.96,127.44,275.12,2.21,191,High Latency,Core network congestion,Check UPF utilization
2026-01-16 18:45:00,Cell_01,-87.76,13.67,124.23,265.89,2.17,186,High Latency,Core network congestion,Check UPF utilization
2026-01-16 18:45:00,Cell_05,-93.52,14.18,126.05,273.0,2.13,175,High Latency,Core network congestion,Check UPF utilization
2026-01-16 18:50:00,Cell_01,-92.09,14.87,122.39,300.96,1.54,187,High Latency,Core network congestion,Check UPF utilization
2026-01-16 18:50:00,Cell_03,-101.78,10.59,106.71,210.85,1.7,155,High Latency,Core network congestion,Check UPF utilization
2026-01-16 18:50:00,Cell_04,-117.23,-1.01,127.76,96.63,3.58,109,"Low RSRP, Low SINR, High Latency, High Packet Loss","Poor radio coverage, High interference, Core network congestion, Backhaul issues","Optimize antenna tilt, Review neighboring cell configuration, Check UPF utilization, Inspect transport network"
2026-01-16 18:50:00,Cell_05,-88.99,15.09,123.02,276.99,1.43,178,High Latency,Core network congestion,Check UPF utilization
2026-01-16 18:55:00,Cell_01,-87.48,16.33,125.61,313.57,1.86,185,High Latency,Core network congestion,Check UPF utilization
2026-01-16 18:55:00,Cell_04,-107.99,7.23,104.32,149.84,1.59,125,"Low RSRP, Low SINR, High Latency","Poor radio coverage, High interference, Core network congestion","Optimize antenna tilt, Review neighboring cell configuration, Check UPF utilization"
2026-01-16 18:55:00,Cell_02,-95.3,11.07,126.54,225.07,2.0,172,High Latency,Core network congestion,Check UPF utilization
2026-01-16 19:00:00,Cell_01,-93.37,14.36,129.25,303.27,1.83,184,High Latency,Core network congestion,Check UPF utilization
2026-01-16 19:05:00,Cell_01,-88.68,15.61,124.69,293.44,1.62,172,High Latency,Core network congestion,Check UPF utilization
2026-01-16 19:05:00,Cell_03,-98.83,11.74,113.35,193.46,1.91,149,High Latency,Core network congestion,Check UPF utilization
2026-01-16 19:10:00,Cell_03,-102.81,10.13,113.03,205.3,1.28,154,High Latency,Core network congestion,Check UPF utilization
2026-01-16 19:10:00,Cell_01,-91.77,12.69,127.11,275.07,1.31,185,High Latency,Core network congestion,Check UPF utilization
2026-01-16 19:15:00,Cell_04,-109.96,5.04,90.31,122.79,0.72,121,"Low RSRP, Low SINR, High Latency","Poor radio coverage, High interference, Core network congestion","Optimize antenna tilt, Review neighboring cell configuration, Check UPF utilization"
2026-01-16 19:15:00,Cell_03,-105.25,9.83,114.94,209.27,1.86,160,"Low RSRP, Low SINR, High Latency","Poor radio coverage, High interference, Core network congestion","Optimize antenna tilt, Review neighboring cell configuration, Check UPF utilization"
2026-01-16 19:15:00,Cell_05,-88.51,13.55,112.57,260.19,1.82,165,High Latency,Core network congestion,Check UPF utilization
2026-01-16 19:15:00,Cell_01,-89.78,15.94,126.58,300.42,1.48,185,High Latency,Core network congestion,Check UPF utilization
2026-01-16 19:20:00,Cell_03,-100.21,10.28,120.06,199.29,1.72,147,High Latency,Core network congestion,Check UPF utilization
2026-01-16 19:20:00,Cell_01,-89.06,14.98,128.47,292.87,1.38,182,High Latency,Core network congestion,Check UPF utilization
2026-01-16 19:25:00,Cell_01,-88.06,17.66,131.52,304.06,1.77,174,High Latency,Core network congestion,Check UPF utilization
2026-01-16 19:25:00,Cell_03,-95.56,8.02,102.32,189.9,1.7,155,"Low SINR, High Latency","High interference, Core network congestion","Review neighboring cell configuration, Check UPF utilization"
2026-01-16 19:25:00,Cell_05,-92.82,15.81,120.74,288.62,1.55,175,High Latency,Core network congestion,Check UPF utilization
2026-01-16 19:30:00,Cell_01,-87.84,16.03,121.18,282.41,1.35,177,High Latency,Core network congestion,Check UPF utilization
2026-01-16 19:45:00,Cell_01,-85.17,19.04,126.96,324.91,1.55,182,High Latency,Core network congestion,Check UPF utilization
2026-01-16 19:50:00,Cell_02,-89.13,12.32,116.96,235.28,1.81,167,High Latency,Core network congestion,Check UPF utilization
2026-01-16 19:55:00,Cell_01,-89.74,14.95,128.65,273.47,1.73,178,High Latency,Core network congestion,Check UPF utilization
2026-01-16 20:00:00,Cell_01,-81.22,18.85,107.83,293.67,1.17,157,High Latency,Core network congestion,Check UPF utilization
2026-01-16 20:15:00,Cell_04,-124.29,-1.67,118.42,80.13,4.17,110,"Low RSRP, Low SINR, High Latency, High Packet Loss","Poor radio coverage, High interference, Core network congestion, Backhaul issues","Optimize antenna tilt, Review neighboring cell configuration, Check UPF utilization, Inspect transport network"
2026-01-16 20:20:00,Cell_01,-89.62,15.94,127.13,280.62,1.34,179,High Latency,Core network congestion,Check UPF utilization
2026-01-16 20:25:00,Cell_01,-86.68,15.81,120.46,281.84,1.62,174,High Latency,Core network congestion,Check UPF utilization
2026-01-16 20:30:00,Cell_01,-90.14,17.96,113.12,288.54,1.48,167,High Latency,Core network congestion,Check UPF utilization
2026-01-16 20:40:00,Cell_04,-108.01,3.17,85.44,89.24,1.18,111,"Low RSRP, Low SINR, High Latency","Poor radio coverage, High interference, Core network congestion","Optimize antenna tilt, Review neighboring cell configuration, Check UPF utilization"
2026-01-16 20:40:00,Cell_01,-84.06,19.09,113.7,267.84,1.49,152,High Latency,Core network congestion,Check UPF utilization
2026-01-16 20:50:00,Cell_01,-89.63,18.16,110.26,248.76,2.02,146,High Latency,Core network congestion,Check UPF utilization
2026-01-16 22:15:00,Cell_05,-101.77,10.65,154.82,88.45,7.94,106,"High Latency, High Packet Loss","Core network congestion, Backhaul issues","Check UPF utilization, Inspect transport network"
2026-01-17 00:05:00,Cell_02,-88.21,15.36,51.62,43.19,0.05,33,Unusual KPI combination,Requires further investigation,Review all network KPIs
2026-01-17 00:05:00,Cell_04,-103.99,6.85,28.0,1.99,0.0,12,"Low SINR, Low Throughput","High interference, Heavy traffic load","Review neighboring cell configuration, Enable load balancing"
2026-01-17 00:30:00,Cell_04,-102.48,9.88,35.42,39.46,0.49,28,"Low SINR, Low Throughput","High interference, Heavy traffic load","Review neighboring cell configuration, Enable load balancing"
2026-01-17 00:35:00,Cell_04,-101.86,8.56,36.33,50.65,0.05,35,Low SINR,High interference,Review neighboring cell configuration
2026-01-17 00:40:00,Cell_04,-106.74,8.79,35.06,11.8,0.45,26,"Low RSRP, Low SINR, Low Throughput","Poor radio coverage, High interference, Heavy traffic load","Optimize antenna tilt, Review neighboring cell configuration, Enable load balancing"
2026-01-17 00:55:00,Cell_04,-101.48,6.79,37.63,28.03,0.52,26,"Low SINR, Low Throughput","High interference, Heavy traffic load","Review neighboring cell configuration, Enable load balancing"
2026-01-17 01:05:00,Cell_04,-100.54,6.98,35.89,29.21,0.1,34,"Low SINR, Low Throughput","High interference, Heavy traffic load","Review neighboring cell configuration, Enable load balancing"
2026-01-17 01:15:00,Cell_04,-106.37,7.45,39.78,26.86,0.23,24,"Low RSRP, Low SINR, Low Throughput","Poor radio coverage, High interference, Heavy traffic load","Optimize antenna tilt, Review neighboring cell configuration, Enable load balancing"
2026-01-17 01:25:00,Cell_05,-87.79,16.85,44.82,62.19,0.1,37,Unusual KPI combination,Requires further investigation,Review all network KPIs
2026-01-17 01:30:00,Cell_01,-88.26,21.52,39.27,88.47,0.0,43,Unusual KPI combination,Requires further investigation,Review all network KPIs
2026-01-17 01:35:00,Cell_04,-106.8,7.63,45.54,42.03,0.06,31,"Low RSRP, Low SINR","Poor radio coverage, High interference","Optimize antenna tilt, Review neighboring cell configuration"
2026-01-17 01:40:00,Cell_04,-101.26,10.15,38.39,48.21,0.0,33,Unusual KPI combination,Requires further investigation,Review all network KPIs
2026-01-17 01:50:00,Cell_02,-87.5,19.58,45.39,74.7,0.0,38,Unusual KPI combination,Requires further investigation,Review all network KPIs
2026-01-17 01:55:00,Cell_04,-105.7,10.05,32.3,38.6,0.08,24,"Low RSRP, Low Throughput","Poor radio coverage, Heavy traffic load","Optimize antenna tilt, Enable load balancing"
2026-01-17 02:00:00,Cell_04,-103.4,11.42,32.88,41.86,0.18,26,Unusual KPI combination,Requires further investigation,Review all network KPIs
2026-01-17 02:10:00,Cell_04,-101.82,8.36,38.85,31.75,0.44,28,"Low SINR, Low Throughput","High interference, Heavy traffic load","Review neighboring cell configuration, Enable load balancing"
2026-01-17 02:10:00,Cell_05,-85.98,17.63,47.66,52.15,0.06,35,Unusual KPI combination,Requires further investigation,Review all network KPIs
2026-01-17 02:15:00,Cell_04,-101.98,9.84,39.42,43.44,0.0,26,Low SINR,High interference,Review neighboring cell configuration
2026-01-17 02:25:00,Cell_05,-85.99,16.25,39.63,61.47,0.0,40,Unusual KPI combination,Requires further investigation,Review all network KPIs
2026-01-17 02:25:00,Cell_04,-107.46,6.03,47.56,47.85,0.0,39,"Low RSRP, Low SINR","Poor radio coverage, High interference","Optimize antenna tilt, Review neighboring cell configuration"
2026-01-17 02:30:00,Cell_04,-104.04,8.25,37.79,39.86,0.0,33,"Low SINR, Low Throughput","High interference, Heavy traffic load","Review neighboring cell configuration, Enable load balancing"
2026-01-17 02:35:00,Cell_01,-98.67,13.31,90.05,76.27,6.76,56,"High Latency, High Packet Loss","Core network congestion, Backhaul issues","Check UPF utilization, Inspect transport network"
2026-01-17 02:35:00,Cell_04,-100.32,5.29,35.57,19.57,0.04,21,"Low SINR, Low Throughput","High interference, Heavy traffic load","Review neighboring cell configuration, Enable load balancing"
2026-01-17 02:40:00,Cell_04,-104.37,7.85,40.72,45.93,0.1,30,Low SINR,High interference,Review neighboring cell configuration
2026-01-17 02:45:00,Cell_03,-93.75,14.15,41.17,49.64,0.0,31,Unusual KPI combination,Requires further investigation,Review all network KPIs
2026-01-17 02:45:00,Cell_02,-85.82,16.56,46.97,48.56,0.05,37,Unusual KPI combination,Requires further investigation,Review all network KPIs
2026-01-17 02:50:00,Cell_02,-89.44,17.48,31.52,44.82,0.24,28,Unusual KPI combination,Requires further investigation,Review all network KPIs
2026-01-17 02:50:00,Cell_04,-98.21,7.72,38.69,38.01,0.4,28,"Low SINR, Low Throughput","High interference, Heavy traffic load","Review neighboring cell configuration, Enable load balancing"
2026-01-17 02:55:00,Cell_04,-102.0,6.4,41.39,36.45,0.22,26,"Low SINR, Low Throughput","High interference, Heavy traffic load","Review neighboring cell configuration, Enable load balancing"
2026-01-17 03:00:00,Cell_04,-101.73,5.47,38.47,33.97,0.09,35,"Low SINR, Low Throughput","High interference, Heavy traffic load","Review neighboring cell configuration, Enable load balancing"
2026-01-17 03:05:00,Cell_05,-85.41,18.02,36.45,51.35,0.24,39,Unusual KPI combination,Requires further investigation,Review all network KPIs
2026-01-17 03:15:00,Cell_04,-103.38,5.02,47.99,37.9,0.81,39,"Low SINR, Low Throughput","High interference, Heavy traffic load","Review neighboring cell configuration, Enable load balancing"
2026-01-17 03:30:00,Cell_04,-99.76,9.49,40.98,33.66,0.29,24,"Low SINR, Low Throughput","High interference, Heavy traffic load","Review neighboring cell configuration, Enable load balancing"
2026-01-17 03:35:00,Cell_04,-98.08,8.84,44.63,28.07,0.27,27,"Low SINR, Low Throughput","High interference, Heavy traffic load","Review neighboring cell configuration, Enable load balancing"
2026-01-17 03:40:00,Cell_04,-102.25,5.55,44.37,26.62,0.01,33,"Low SINR, Low Throughput","High interference, Heavy traffic load","Review neighboring cell configuration, Enable load balancing"
2026-01-17 03:40:00,Cell_01,-81.08,20.91,47.58,99.32,0.66,53,Unusual KPI combination,Requires further investigation,Review all network KPIs
2026-01-17 03:45:00,Cell_01,-79.44,19.08,48.69,92.29,0.0,55,Unusual KPI combination,Requires further investigation,Review all network KPIs
2026-01-17 04:05:00,Cell_02,-106.35,13.66,130.12,55.68,6.51,51,"Low RSRP, High Latency, High Packet Loss","Poor radio coverage, Core network congestion, Backhaul issues","Optimize antenna tilt, Check UPF utilization, Inspect transport network"
2026-01-17 04:05:00,Cell_04,-96.11,9.51,39.86,36.08,0.19,30,"Low SINR, Low Throughput","High interference, Heavy traffic load","Review neighboring cell configuration, Enable load balancing"
2026-01-17 04:15:00,Cell_01,-82.03,17.59,43.61,76.85,0.07,45,Unusual KPI combination,Requires further investigation,Review all network KPIs
2026-01-17 04:25:00,Cell_04,-105.57,12.08,37.84,41.32,0.37,29,Low RSRP,Poor radio coverage,Optimize antenna tilt
2026-01-17 04:30:00,Cell_04,-103.09,9.41,31.79,21.97,0.14,21,"Low SINR, Low Throughput","High interference, Heavy traffic load","Review neighboring cell configuration, Enable load balancing"
2026-01-17 04:30:00,Cell_01,-81.12,20.97,50.64,79.44,0.0,46,Unusual KPI combination,Requires further investigation,Review all network KPIs
2026-01-17 04:40:00,Cell_04,-101.66,8.87,40.11,33.16,0.06,35,"Low SINR, Low Throughput","High interference, Heavy traffic load","Review neighboring cell configuration, Enable load balancing"
2026-01-17 04:50:00,Cell_04,-100.11,6.19,44.32,35.9,0.17,30,"Low SINR, Low Throughput","High interference, Heavy traffic load","Review neighboring cell configuration, Enable load balancing"
2026-01-17 04:55:00,Cell_04,-107.06,7.81,42.18,47.05,0.06,54,"Low RSRP, Low SINR","Poor radio coverage, High interference","Optimize antenna tilt, Review neighboring cell configuration"
2026-01-17 05:10:00,Cell_01,-96.55,13.71,97.75,57.53,4.49,57,"High Latency, High Packet Loss","Core network congestion, Backhaul issues","Check UPF utilization, Inspect transport network"
2026-01-17 05:15:00,Cell_04,-99.51,8.83,35.96,25.92,0.34,29,"Low SINR, Low Throughput","High interference, Heavy traffic load","Review neighboring cell configuration, Enable load balancing"
2026-01-17 05:25:00,Cell_04,-102.67,7.2,36.75,23.95,0.05,23,"Low SINR, Low Throughput","High interference, Heavy traffic load","Review neighboring cell configuration, Enable load balancing"
2026-01-17 05:45:00,Cell_02,-96.27,8.8,106.63,58.7,2.5,66,"Low SINR, High Latency","High interference, Core network congestion","Review neighboring cell configuration, Check UPF utilization"
2026-01-17 05:50:00,Cell_04,-101.74,6.3,41.07,34.92,0.07,33,"Low SINR, Low Throughput","High interference, Heavy traffic load","Review neighboring cell configuration, Enable load balancing"
2026-01-17 05:55:00,Cell_04,-103.68,7.45,40.55,32.56,0.07,35,"Low SINR, Low Throughput","High interference, Heavy traffic load","Review neighboring cell configuration, Enable load balancing"
2026-01-17 06:15:00,Cell_05,-101.63,11.27,108.91,67.54,5.77,61,"High Latency, High Packet Loss","Core network congestion, Backhaul issues","Check UPF utilization, Inspect transport network"
2026-01-17 06:55:00,Cell_05,-111.09,11.45,109.78,51.88,4.45,63,"Low RSRP, High Latency, High Packet Loss","Poor radio coverage, Core network congestion, Backhaul issues","Optimize antenna tilt, Check UPF utilization, Inspect transport network"
2026-01-17 08:30:00,Cell_05,-103.24,12.29,146.16,94.75,5.36,104,"High Latency, High Packet Loss","Core network congestion, Backhaul issues","Check UPF utilization, Inspect transport network"
2026-01-17 08:45:00,Cell_02,-109.27,10.07,118.43,92.4,6.38,94,"Low RSRP, High Latency, High Packet Loss","Poor radio coverage, Core network congestion, Backhaul issues","Optimize antenna tilt, Check UPF utilization, Inspect transport network"
2026-01-17 10:55:00,Cell_01,-101.78,13.45,144.32,122.52,5.57,116,"High Latency, High Packet Loss","Core network congestion, Backhaul issues","Check UPF utilization, Inspect transport network"
2026-01-17 11:00:00,Cell_02,-110.01,8.91,129.71,83.36,6.37,89,"Low RSRP, Low SINR, High Latency, High Packet Loss","Poor radio coverage, High interference, Core network congestion, Backhaul issues","Optimize antenna tilt, Review neighboring cell configuration, Check UPF utilization, Inspect transport network"
2026-01-17 14:40:00,Cell_01,-95.4,12.25,104.27,63.78,4.46,83,"High Latency, High Packet Loss","Core network congestion, Backhaul issues","Check UPF utilization, Inspect transport network"
2026-01-17 14:50:00,Cell_01,-92.98,11.43,108.86,93.35,4.81,81,"High Latency, High Packet Loss","Core network congestion, Backhaul issues","Check UPF utilization, Inspect transport network"
2026-01-17 15:30:00,Cell_02,-106.72,8.21,113.94,96.85,4.58,87,"Low RSRP, Low SINR, High Latency, High Packet Loss","Poor radio coverage, High interference, Core network congestion, Backhaul issues","Optimize antenna tilt, Review neighboring cell configuration, Check UPF utilization, Inspect transport network"
2026-01-17 15:50:00,Cell_05,-108.4,9.43,142.16,68.45,6.26,94,"Low RSRP, Low SINR, High Latency, High Packet Loss","Poor radio coverage, High interference, Core network congestion, Backhaul issues","Optimize antenna tilt, Review neighboring cell configuration, Check UPF utilization, Inspect transport network"
2026-01-17 16:50:00,Cell_03,-109.95,6.09,125.37,106.32,4.9,108,"Low RSRP, Low SINR, High Latency, High Packet Loss","Poor radio coverage, High interference, Core network congestion, Backhaul issues","Optimize antenna tilt, Review neighboring cell configuration, Check UPF utilization, Inspect transport network"
2026-01-17 18:20:00,Cell_04,-109.21,4.91,86.01,100.8,1.24,103,"Low RSRP, Low SINR, High Latency","Poor radio coverage, High interference, Core network congestion","Optimize antenna tilt, Review neighboring cell configuration, Check UPF utilization"
2026-01-17 19:10:00,Cell_01,-84.24,17.63,110.04,266.43,0.79,156,High Latency,Core network congestion,Check UPF utilization
2026-01-17 20:30:00,Cell_04,-117.45,1.84,142.75,43.56,3.51,89,"Low RSRP, Low SINR, High Latency, High Packet Loss","Poor radio coverage, High interference, Core network congestion, Backhaul issues","Optimize antenna tilt, Review neighboring cell configuration, Check UPF utilization, Inspect transport network"
2026-01-17 21:35:00,Cell_04,-110.94,1.84,91.5,46.22,5.27,68,"Low RSRP, Low SINR, High Latency, High Packet Loss","Poor radio coverage, High interference, Core network congestion, Backhaul issues","Optimize antenna tilt, Review neighboring cell configuration, Check UPF utilization, Inspect transport network"
2026-01-17 22:15:00,Cell_02,-98.23,8.4,147.3,77.46,5.03,90,"Low SINR, High Latency, High Packet Loss","High interference, Core network congestion, Backhaul issues","Review neighboring cell configuration, Check UPF utilization, Inspect transport network"
2026-01-17 22:20:00,Cell_03,-110.02,6.09,117.44,88.93,5.16,82,"Low RSRP, Low SINR, High Latency, High Packet Loss","Poor radio coverage, High interference, Core network congestion, Backhaul issues","Optimize antenna tilt, Review neighboring cell configuration, Check UPF utilization, Inspect transport network"
2026-01-17 22:55:00,Cell_04,-108.56,5.64,47.38,38.94,0.37,42,"Low RSRP, Low SINR, Low Throughput","Poor radio coverage, High interference, Heavy traffic load","Optimize antenna tilt, Review neighboring cell configuration, Enable load balancing"
2026-01-18 00:00:00,Cell_05,-86.05,17.35,39.29,61.04,0.13,43,Unusual KPI combination,Requires further investigation,Review all network KPIs
2026-01-18 00:10:00,Cell_01,-80.74,19.03,44.92,62.69,0.51,40,Unusual KPI combination,Requires further investigation,Review all network KPIs
2026-01-18 00:15:00,Cell_04,-100.71,8.56,40.91,31.07,0.05,24,"Low SINR, Low Throughput","High interference, Heavy traffic load","Review neighboring cell configuration, Enable load balancing"
2026-01-18 00:20:00,Cell_03,-97.38,11.46,36.55,47.3,0.0,36,Unusual KPI combination,Requires further investigation,Review all network KPIs
2026-01-18 00:20:00,Cell_04,-100.62,5.48,38.38,18.71,0.12,24,"Low SINR, Low Throughput","High interference, Heavy traffic load","Review neighboring cell configuration, Enable load balancing"
2026-01-18 00:25:00,Cell_04,-105.55,7.61,39.51,20.42,0.42,21,"Low RSRP, Low SINR, Low Throughput","Poor radio coverage, High interference, Heavy traffic load","Optimize antenna tilt, Review neighboring cell configuration, Enable load balancing"
2026-01-18 00:25:00,Cell_02,-101.62,9.7,123.96,65.46,2.47,63,"Low SINR, High Latency","High interference, Core network congestion","Review neighboring cell configuration, Check UPF utilization"
2026-01-18 00:25:00,Cell_03,-95.56,11.02,30.8,33.7,0.54,28,Low Throughput,Heavy traffic load,Enable load balancing
2026-01-18 00:30:00,Cell_04,-105.64,5.95,50.88,51.18,0.09,37,"Low RSRP, Low SINR","Poor radio coverage, High interference","Optimize antenna tilt, Review neighboring cell configuration"
2026-01-18 00:35:00,Cell_04,-108.12,9.72,42.37,45.44,0.0,31,"Low RSRP, Low SINR","Poor radio coverage, High interference","Optimize antenna tilt, Review neighboring cell configuration"
2026-01-18 00:40:00,Cell_02,-86.8,16.6,47.38,55.13,0.0,39,Unusual KPI combination,Requires further investigation,Review all network KPIs
2026-01-18 00:45:00,Cell_04,-98.85,8.37,38.68,25.79,0.23,29,"Low SINR, Low Throughput","High interference, Heavy traffic load","Review neighboring cell configuration, Enable load balancing"
2026-01-18 00:50:00,Cell_04,-99.79,7.91,41.74,39.33,0.0,29,"Low SINR, Low Throughput","High interference, Heavy traffic load","Review neighboring cell configuration, Enable load balancing"
2026-01-18 01:10:00,Cell_03,-108.43,7.89,86.93,60.32,4.84,54,"Low RSRP, Low SINR, High Latency, High Packet Loss","Poor radio coverage, High interference, Core network congestion, Backhaul issues","Optimize antenna tilt, Review neighboring cell configuration, Check UPF utilization, Inspect transport network"
2026-01-18 01:15:00,Cell_02,-89.4,13.29,41.77,49.94,0.62,31,Unusual KPI combination,Requires further investigation,Review all network KPIs
2026-01-18 01:20:00,Cell_04,-100.68,5.74,44.87,15.04,0.21,29,"Low SINR, Low Throughput","High interference, Heavy traffic load","Review neighboring cell configuration, Enable load balancing"
2026-01-18 01:25:00,Cell_04,-96.56,8.33,34.58,34.56,0.0,33,"Low SINR, Low Throughput","High interference, Heavy traffic load","Review neighboring cell configuration, Enable load balancing"
2026-01-18 01:30:00,Cell_04,-102.27,8.34,38.02,31.21,0.0,29,"Low SINR, Low Throughput","High interference, Heavy traffic load","Review neighboring cell configuration, Enable load balancing"
2026-01-18 01:30:00,Cell_01,-81.46,20.56,43.76,82.74,0.0,47,Unusual KPI combination,Requires further investigation,Review all network KPIs
2026-01-18 01:40:00,Cell_04,-99.2,5.87,47.3,35.92,0.05,38,"Low SINR, Low Throughput","High interference, Heavy traffic load","Review neighboring cell configuration, Enable load balancing"
2026-01-18 01:45:00,Cell_04,-104.46,9.06,34.25,23.98,0.48,18,"Low SINR, Low Throughput","High interference, Heavy traffic load","Review neighboring cell configuration, Enable load balancing"
2026-01-18 02:20:00,Cell_02,-87.03,17.61,41.88,45.39,0.1,35,Unusual KPI combination,Requires further investigation,Review all network KPIs
2026-01-18 02:30:00,Cell_04,-98.38,6.32,46.2,15.9,0.45,28,"Low SINR, Low Throughput","High interference, Heavy traffic load","Review neighboring cell configuration, Enable load balancing"
2026-01-18 02:35:00,Cell_03,-95.79,13.98,40.38,55.89,0.1,32,Unusual KPI combination,Requires further investigation,Review all network KPIs
2026-01-18 02:35:00,Cell_04,-97.55,7.65,36.36,43.2,0.19,25,Low SINR,High interference,Review neighboring cell configuration
2026-01-18 02:40:00,Cell_04,-104.92,8.11,37.16,44.37,0.39,29,Low SINR,High interference,Review neighboring cell configuration
2026-01-18 02:45:00,Cell_03,-94.59,13.81,35.75,49.86,0.04,35,Unusual KPI combination,Requires further investigation,Review all network KPIs
2026-01-18 02:45:00,Cell_01,-83.52,20.51,42.08,63.87,0.1,40,Unusual KPI combination,Requires further investigation,Review all network KPIs
2026-01-18 02:45:00,Cell_04,-106.05,7.27,37.85,36.04,0.81,27,"Low RSRP, Low SINR, Low Throughput","Poor radio coverage, High interference, Heavy traffic load","Optimize antenna tilt, Review neighboring cell configuration, Enable load balancing"
2026-01-18 02:50:00,Cell_04,-104.43,4.43,42.27,41.48,0.19,35,Low SINR,High interference,Review neighboring cell configuration
2026-01-18 02:55:00,Cell_04,-101.53,7.14,39.64,33.63,0.35,27,"Low SINR, Low Throughput","High interference, Heavy traffic load","Review neighboring cell configuration, Enable load balancing"
2026-01-18 03:05:00,Cell_03,-99.17,14.28,37.78,62.98,0.0,38,Unusual KPI combination,Requires further investigation,Review all network KPIs
2026-01-18 03:10:00,Cell_05,-82.16,16.0,42.85,45.88,0.47,36,Unusual KPI combination,Requires further investigation,Review all network KPIs
2026-01-18 03:15:00,Cell_03,-96.27,12.36,35.25,31.59,0.29,35,Low Throughput,Heavy traffic load,Enable load balancing
2026-01-18 03:20:00,Cell_04,-98.13,9.14,41.54,49.29,0.78,25,Low SINR,High interference,Review neighboring cell configuration
2026-01-18 03:30:00,Cell_05,-86.67,18.21,48.17,55.47,0.15,35,Unusual KPI combination,Requires further investigation,Review all network KPIs
2026-01-18 03:35:00,Cell_04,-102.23,6.35,35.18,38.79,0.15,33,"Low SINR, Low Throughput","High interference, Heavy traffic load","Review neighboring cell configuration, Enable load balancing"
2026-01-18 03:40:00,Cell_01,-82.08,20.15,38.74,74.11,0.36,35,Unusual KPI combination,Requires further investigation,Review all network KPIs
2026-01-18 03:45:00,Cell_02,-88.42,12.61,37.01,50.14,0.07,36,Unusual KPI combination,Requires further investigation,Review all network KPIs
2026-01-18 03:50:00,Cell_04,-103.23,5.18,39.23,25.99,0.48,31,"Low SINR, Low Throughput","High interference, Heavy traffic load","Review neighboring cell configuration, Enable load balancing"
2026-01-18 03:50:00,Cell_03,-110.15,6.48,89.13,64.9,7.14,54,"Low RSRP, Low SINR, High Latency, High Packet Loss","Poor radio coverage, High interference, Core network congestion, Backhaul issues","Optimize antenna tilt, Review neighboring cell configuration, Check UPF utilization, Inspect transport network"
2026-01-18 04:00:00,Cell_04,-101.08,7.48,36.04,29.27,0.34,28,"Low SINR, Low Throughput","High interference, Heavy traffic load","Review neighboring cell configuration, Enable load balancing"
2026-01-18 04:10:00,Cell_04,-101.05,7.43,37.75,37.11,0.14,23,"Low SINR, Low Throughput","High interference, Heavy traffic load","Review neighboring cell configuration, Enable load balancing"
2026-01-18 04:15:00,Cell_05,-99.52,10.56,77.65,46.06,4.15,41,High Packet Loss,Backhaul issues,Inspect transport network
2026-01-18 04:20:00,Cell_04,-106.59,6.16,40.99,28.93,0.29,31,"Low RSRP, Low SINR, Low Throughput","Poor radio coverage, High interference, Heavy traffic load","Optimize antenna tilt, Review neighboring cell configuration, Enable load balancing"
2026-01-18 04:25:00,Cell_04,-104.77,6.78,33.21,31.33,0.02,33,"Low SINR, Low Throughput","High interference, Heavy traffic load","Review neighboring cell configuration, Enable load balancing"
2026-01-18 04:30:00,Cell_04,-99.14,10.19,36.01,37.25,0.49,20,Low Throughput,Heavy traffic load,Enable load balancing
2026-01-18 04:35:00,Cell_04,-106.72,8.56,34.5,25.66,0.07,25,"Low RSRP, Low SINR, Low Throughput","Poor radio coverage, High interference, Heavy traffic load","Optimize antenna tilt, Review neighboring cell configuration, Enable load balancing"
2026-01-18 04:35:00,Cell_01,-82.25,19.04,52.83,67.91,0.0,40,Unusual KPI combination,Requires further investigation,Review all network KPIs
2026-01-18 04:45:00,Cell_05,-98.98,11.97,121.95,57.32,3.03,60,"High Latency, High Packet Loss","Core network congestion, Backhaul issues","Check UPF utilization, Inspect transport network"
2026-01-18 05:00:00,Cell_04,-104.38,6.76,37.15,35.76,0.22,37,"Low SINR, Low Throughput","High interference, Heavy traffic load","Review neighboring cell configuration, Enable load balancing"
2026-01-18 05:10:00,Cell_04,-114.94,3.57,115.92,28.59,6.54,35,"Low RSRP, Low SINR, High Latency, High Packet Loss, Low Throughput","Poor radio coverage, High interference, Core network congestion, Backhaul issues, Heavy traffic load","Optimize antenna tilt, Review neighboring cell configuration, Check UPF utilization, Inspect transport network, Enable load balancing"
2026-01-18 05:15:00,Cell_03,-110.19,3.71,95.05,30.99,3.47,39,"Low RSRP, Low SINR, High Latency, High Packet Loss, Low Throughput","Poor radio coverage, High interference, Core network congestion, Backhaul issues, Heavy traffic load","Optimize antenna tilt, Review neighboring cell configuration, Check UPF utilization, Inspect transport network, Enable load balancing"
2026-01-18 05:20:00,Cell_04,-99.28,7.31,38.8,36.32,0.47,31,"Low SINR, Low Throughput","High interference, Heavy traffic load","Review neighboring cell configuration, Enable load balancing"
2026-01-18 05:35:00,Cell_04,-98.6,10.04,38.77,43.12,0.63,26,Unusual KPI combination,Requires further investigation,Review all network KPIs
2026-01-18 05:50:00,Cell_04,-104.0,9.13,37.51,25.43,0.17,24,"Low SINR, Low Throughput","High interference, Heavy traffic load","Review neighboring cell configuration, Enable load balancing"
2026-01-18 06:05:00,Cell_01,-79.86,19.71,51.07,108.06,0.0,61,Unusual KPI combination,Requires further investigation,Review all network KPIs
2026-01-18 06:20:00,Cell_04,-106.54,9.01,44.25,45.71,0.0,38,"Low RSRP, Low SINR","Poor radio coverage, High interference","Optimize antenna tilt, Review neighboring cell configuration"
2026-01-18 07:00:00,Cell_05,-103.55,10.99,114.23,59.26,3.07,67,"High Latency, High Packet Loss","Core network congestion, Backhaul issues","Check UPF utilization, Inspect transport network"
2026-01-18 07:40:00,Cell_03,-111.74,7.75,117.11,63.9,5.54,83,"Low RSRP, Low SINR, High Latency, High Packet Loss","Poor radio coverage, High interference, Core network congestion, Backhaul issues","Optimize antenna tilt, Review neighboring cell configuration, Check UPF utilization, Inspect transport network"
2026-01-18 12:05:00,Cell_03,-105.41,7.32,128.43,72.78,5.32,79,"Low RSRP, Low SINR, High Latency, High Packet Loss","Poor radio coverage, High interference, Core network congestion, Backhaul issues","Optimize antenna tilt, Review neighboring cell configuration, Check UPF utilization, Inspect transport network"
2026-01-18 12:25:00,Cell_02,-109.61,10.27,102.25,46.85,7.76,74,"Low RSRP, High Latency, High Packet Loss","Poor radio coverage, Core network congestion, Backhaul issues","Optimize antenna tilt, Check UPF utilization, Inspect transport network"
2026-01-18 17:20:00,Cell_03,-108.14,3.5,144.09,74.18,2.5,101,"Low RSRP, Low SINR, High Latency","Poor radio coverage, High interference, Core network congestion","Optimize antenna tilt, Review neighboring cell configuration, Check UPF utilization"
2026-01-18 17:55:00,Cell_04,-121.82,2.65,139.8,69.75,4.92,91,"Low RSRP, Low SINR, High Latency, High Packet Loss","Poor radio coverage, High interference, Core network congestion, Backhaul issues","Optimize antenna tilt, Review neighboring cell configuration, Check UPF utilization, Inspect transport network"
2026-01-18 18:00:00,Cell_03,-108.36,6.42,160.73,96.58,4.54,107,"Low RSRP, Low SINR, High Latency, High Packet Loss","Poor radio coverage, High interference, Core network congestion, Backhaul issues","Optimize antenna tilt, Review neighboring cell configuration, Check UPF utilization, Inspect transport network"
2026-01-18 19:45:00,Cell_01,-99.65,11.85,167.73,116.88,5.42,128,"High Latency, High Packet Loss","Core network congestion, Backhaul issues","Check UPF utilization, Inspect transport network"
2026-01-18 20:00:00,Cell_01,-83.64,15.41,109.25,252.34,1.73,152,High Latency,Core network congestion,Check UPF utilization
2026-01-18 23:10:00,Cell_02,-99.77,8.08,103.4,58.57,4.86,54,"Low SINR, High Latency, High Packet Loss","High interference, Core network congestion, Backhaul issues","Review neighboring cell configuration, Check UPF utilization, Inspect transport network"
2026-01-19 00:55:00,Cell_04,-97.35,9.96,37.5,37.17,0.63,35,"Low SINR, Low Throughput","High interference, Heavy traffic load","Review neighboring cell configuration, Enable load balancing"
2026-01-19 01:15:00,Cell_04,-99.49,9.34,33.37,19.26,0.75,28,"Low SINR, Low Throughput","High interference, Heavy traffic load","Review neighboring cell configuration, Enable load balancing"
2026-01-19 02:10:00,Cell_05,-100.49,13.42,92.04,41.39,5.59,46,"High Latency, High Packet Loss","Core network congestion, Backhaul issues","Check UPF utilization, Inspect transport network"
2026-01-19 02:20:00,Cell_04,-105.28,8.28,35.97,31.16,0.0,32,"Low RSRP, Low SINR, Low Throughput","Poor radio coverage, High interference, Heavy traffic load","Optimize antenna tilt, Review neighboring cell configuration, Enable load balancing"
2026-01-19 04:15:00,Cell_04,-100.69,7.45,49.64,26.85,0.1,27,"Low SINR, Low Throughput","High interference, Heavy traffic load","Review neighboring cell configuration, Enable load balancing"
2026-01-19 04:45:00,Cell_04,-107.63,5.51,49.18,52.88,0.0,40,"Low RSRP, Low SINR","Poor radio coverage, High interference","Optimize antenna tilt, Review neighboring cell configuration"
2026-01-19 05:15:00,Cell_01,-77.41,18.93,51.31,105.31,0.0,55,Unusual KPI combination,Requires further investigation,Review all network KPIs
2026-01-19 06:25:00,Cell_02,-106.87,6.84,140.3,73.28,2.75,79,"Low RSRP, Low SINR, High Latency","Poor radio coverage, High interference, Core network congestion","Optimize antenna tilt, Review neighboring cell configuration, Check UPF utilization"
2026-01-19 07:30:00,Cell_04,-108.8,5.75,57.73,38.93,0.62,67,"Low RSRP, Low SINR, Low Throughput","Poor radio coverage, High interference, Heavy traffic load","Optimize antenna tilt, Review neighboring cell configuration, Enable load balancing"
2026-01-19 07:40:00,Cell_01,-92.06,14.32,169.77,94.94,4.95,109,"High Latency, High Packet Loss","Core network congestion, Backhaul issues","Check UPF utilization, Inspect transport network"
2026-01-19 08:30:00,Cell_02,-101.49,5.98,149.23,118.39,4.05,114,"Low SINR, High Latency, High Packet Loss","High interference, Core network congestion, Backhaul issues","Review neighboring cell configuration, Check UPF utilization, Inspect transport network"
2026-01-19 12:05:00,Cell_01,-101.6,9.17,173.28,97.31,6.49,124,"Low SINR, High Latency, High Packet Loss","High interference, Core network congestion, Backhaul issues","Review neighboring cell configuration, Check UPF utilization, Inspect transport network"
2026-01-19 12:30:00,Cell_04,-113.78,2.74,100.5,36.18,3.57,77,"Low RSRP, Low SINR, High Latency, High Packet Loss, Low Throughput","Poor radio coverage, High interference, Core network congestion, Backhaul issues, Heavy traffic load","Optimize antenna tilt, Review neighboring cell configuration, Check UPF utilization, Inspect transport network, Enable load balancing"
2026-01-19 13:10:00,Cell_02,-95.51,9.9,129.23,73.22,4.47,95,"Low SINR, High Latency, High Packet Loss","High interference, Core network congestion, Backhaul issues","Review neighboring cell configuration, Check UPF utilization, Inspect transport network"
2026-01-19 13:45:00,Cell_02,-102.31,11.34,136.69,74.4,5.09,75,"High Latency, High Packet Loss","Core network congestion, Backhaul issues","Check UPF utilization, Inspect transport network"
2026-01-19 14:45:00,Cell_03,-108.41,6.51,136.39,79.21,6.65,100,"Low RSRP, Low SINR, High Latency, High Packet Loss","Poor radio coverage, High interference, Core network congestion, Backhaul issues","Optimize antenna tilt, Review neighboring cell configuration, Check UPF utilization, Inspect transport network"
2026-01-19 15:55:00,Cell_03,-111.31,5.3,129.0,94.02,6.33,110,"Low RSRP, Low SINR, High Latency, High Packet Loss","Poor radio coverage, High interference, Core network congestion, Backhaul issues","Optimize antenna tilt, Review neighboring cell configuration, Check UPF utilization, Inspect transport network"
2026-01-19 16:50:00,Cell_01,-87.12,16.09,119.62,242.22,1.8,151,High Latency,Core network congestion,Check UPF utilization
2026-01-19 16:50:00,Cell_02,-109.66,8.89,137.76,128.21,4.76,122,"Low RSRP, Low SINR, High Latency, High Packet Loss","Poor radio coverage, High interference, Core network congestion, Backhaul issues","Optimize antenna tilt, Review neighboring cell configuration, Check UPF utilization, Inspect transport network"
2026-01-19 17:15:00,Cell_04,-107.3,5.7,91.18,116.98,1.6,109,"Low RSRP, Low SINR, High Latency","Poor radio coverage, High interference, Core network congestion","Optimize antenna tilt, Review neighboring cell configuration, Check UPF utilization"
2026-01-19 17:40:00,Cell_01,-88.76,15.26,123.62,281.62,2.01,170,High Latency,Core network congestion,Check UPF utilization
2026-01-19 17:50:00,Cell_01,-88.04,15.72,124.26,266.06,1.71,162,High Latency,Core network congestion,Check UPF utilization
2026-01-19 18:00:00,Cell_04,-104.31,6.4,101.63,125.21,1.79,122,"Low SINR, High Latency","High interference, Core network congestion","Review neighboring cell configuration, Check UPF utilization"
2026-01-19 18:05:00,Cell_01,-87.37,17.89,119.54,305.98,1.27,170,High Latency,Core network congestion,Check UPF utilization
2026-01-19 18:05:00,Cell_05,-88.52,15.31,126.39,272.52,1.44,169,High Latency,Core network congestion,Check UPF utilization
2026-01-19 18:05:00,Cell_03,-102.79,9.51,109.58,196.04,1.59,156,"Low SINR, High Latency","High interference, Core network congestion","Review neighboring cell configuration, Check UPF utilization"
2026-01-19 18:10:00,Cell_05,-94.98,13.92,124.7,263.83,1.71,168,High Latency,Core network congestion,Check UPF utilization
2026-01-19 18:10:00,Cell_01,-86.86,15.55,116.0,291.95,1.67,171,High Latency,Core network congestion,Check UPF utilization
2026-01-19 18:15:00,Cell_05,-92.51,14.61,123.42,274.9,1.41,176,High Latency,Core network congestion,Check UPF utilization
2026-01-19 18:15:00,Cell_01,-84.18,12.74,118.43,259.0,1.59,178,High Latency,Core network congestion,Check UPF utilization
2026-01-19 18:25:00,Cell_03,-101.36,10.57,119.01,191.17,1.09,159,High Latency,Core network congestion,Check UPF utilization
2026-01-19 18:25:00,Cell_01,-89.26,14.77,123.73,259.93,1.79,167,High Latency,Core network congestion,Check UPF utilization
2026-01-19 18:30:00,Cell_02,-94.71,14.28,122.08,252.95,1.89,169,High Latency,Core network congestion,Check UPF utilization
2026-01-19 18:30:00,Cell_04,-102.65,4.68,108.49,122.55,1.85,128,"Low SINR, High Latency","High interference, Core network congestion","Review neighboring cell configuration, Check UPF utilization"
2026-01-19 18:30:00,Cell_01,-85.88,14.02,117.67,266.21,1.43,174,High Latency,Core network congestion,Check UPF utilization
2026-01-19 18:35:00,Cell_03,-100.06,9.68,117.55,222.09,1.69,170,"Low SINR, High Latency","High interference, Core network congestion","Review neighboring cell configuration, Check UPF utilization"
2026-01-19 18:35:00,Cell_01,-85.62,18.75,119.73,314.83,1.79,173,High Latency,Core network congestion,Check UPF utilization
2026-01-19 18:35:00,Cell_05,-95.17,12.13,124.39,253.19,1.34,172,High Latency,Core network congestion,Check UPF utilization
2026-01-19 18:40:00,Cell_01,-90.5,18.31,132.26,328.27,1.34,189,High Latency,Core network congestion,Check UPF utilization
2026-01-19 18:40:00,Cell_04,-106.73,5.08,103.65,141.14,1.29,130,"Low RSRP, Low SINR, High Latency","Poor radio coverage, High interference, Core network congestion","Optimize antenna tilt, Review neighboring cell configuration, Check UPF utilization"
2026-01-19 18:45:00,Cell_05,-90.05,14.78,120.34,274.67,1.78,167,High Latency,Core network congestion,Check UPF utilization
2026-01-19 18:45:00,Cell_01,-91.59,17.41,115.37,283.85,1.21,171,High Latency,Core network congestion,Check UPF utilization
2026-01-19 18:50:00,Cell_01,-85.33,14.25,123.33,297.54,1.38,186,High Latency,Core network congestion,Check UPF utilization
2026-01-19 18:50:00,Cell_05,-91.73,12.34,129.37,247.63,1.56,176,High Latency,Core network congestion,Check UPF utilization
2026-01-19 18:55:00,Cell_03,-103.65,11.42,113.23,206.93,0.83,149,High Latency,Core network congestion,Check UPF utilization
2026-01-19 18:55:00,Cell_05,-95.23,15.39,117.49,269.1,1.72,160,High Latency,Core network congestion,Check UPF utilization
2026-01-19 18:55:00,Cell_04,-108.31,6.16,96.08,128.99,0.93,119,"Low RSRP, Low SINR, High Latency","Poor radio coverage, High interference, Core network congestion","Optimize antenna tilt, Review neighboring cell configuration, Check UPF utilization"
2026-01-19 19:00:00,Cell_01,-89.74,16.95,120.42,300.03,1.34,175,High Latency,Core network congestion,Check UPF utilization
2026-01-19 19:00:00,Cell_03,-103.08,11.57,114.48,230.39,1.2,158,High Latency,Core network congestion,Check UPF utilization
2026-01-19 19:05:00,Cell_01,-88.79,12.96,133.4,276.64,1.64,192,High Latency,Core network congestion,Check UPF utilization
2026-01-19 19:10:00,Cell_05,-88.23,14.95,117.44,299.23,1.84,179,High Latency,Core network congestion,Check UPF utilization
2026-01-19 19:15:00,Cell_01,-91.84,15.59,128.1,306.44,1.96,186,High Latency,Core network congestion,Check UPF utilization
2026-01-19 19:20:00,Cell_01,-89.21,20.28,123.63,328.74,1.74,173,High Latency,Core network congestion,Check UPF utilization
2026-01-19 19:25:00,Cell_01,-93.15,15.76,131.84,304.18,1.43,185,High Latency,Core network congestion,Check UPF utilization
2026-01-19 19:25:00,Cell_03,-104.51,11.93,106.86,216.85,1.36,153,High Latency,Core network congestion,Check UPF utilization
2026-01-19 19:30:00,Cell_05,-96.0,13.0,126.27,256.15,1.44,179,High Latency,Core network congestion,Check UPF utilization
2026-01-19 19:30:00,Cell_01,-86.64,16.5,128.07,275.75,1.73,170,High Latency,Core network congestion,Check UPF utilization
2026-01-19 19:35:00,Cell_05,-95.62,14.7,123.04,272.36,1.39,175,High Latency,Core network congestion,Check UPF utilization
2026-01-19 19:35:00,Cell_01,-85.8,16.17,115.18,303.58,1.04,175,High Latency,Core network congestion,Check UPF utilization
2026-01-19 19:40:00,Cell_01,-89.34,17.3,128.86,303.18,1.46,179,High Latency,Core network congestion,Check UPF utilization
2026-01-19 19:45:00,Cell_01,-89.85,16.09,128.78,304.57,1.99,184,High Latency,Core network congestion,Check UPF utilization
2026-01-19 19:50:00,Cell_01,-86.54,13.8,116.84,268.1,1.45,177,High Latency,Core network congestion,Check UPF utilization
2026-01-19 19:55:00,Cell_01,-94.28,14.23,116.9,269.67,1.65,172,High Latency,Core network congestion,Check UPF utilization
2026-01-19 20:00:00,Cell_01,-86.98,16.78,124.05,285.79,1.96,173,High Latency,Core network congestion,Check UPF utilization
2026-01-19 20:05:00,Cell_04,-109.76,4.66,94.97,117.63,0.86,111,"Low RSRP, Low SINR, High Latency","Poor radio coverage, High interference, Core network congestion","Optimize antenna tilt, Review neighboring cell configuration, Check UPF utilization"
2026-01-19 20:15:00,Cell_01,-82.41,13.2,119.73,259.88,1.57,171,High Latency,Core network congestion,Check UPF utilization
2026-01-19 20:20:00,Cell_04,-110.25,5.74,85.68,136.28,0.46,110,"Low RSRP, Low SINR, High Latency","Poor radio coverage, High interference, Core network congestion","Optimize antenna tilt, Review neighboring cell configuration, Check UPF utilization"
2026-01-19 20:25:00,Cell_01,-85.99,17.12,114.73,295.27,1.5,169,High Latency,Core network congestion,Check UPF utilization
2026-01-19 20:30:00,Cell_03,-102.55,3.91,139.44,126.19,3.73,140,"Low SINR, High Latency, High Packet Loss","High interference, Core network congestion, Backhaul issues","Review neighboring cell configuration, Check UPF utilization, Inspect transport network"
2026-01-19 22:20:00,Cell_03,-108.42,8.58,112.01,75.85,5.52,80,"Low RSRP, Low SINR, High Latency, High Packet Loss","Poor radio coverage, High interference, Core network congestion, Backhaul issues","Optimize antenna tilt, Review neighboring cell configuration, Check UPF utilization, Inspect transport network"
2026-01-20 00:10:00,Cell_01,-79.66,20.01,45.35,95.55,0.0,53,Unusual KPI combination,Requires further investigation,Review all network KPIs
2026-01-20 00:15:00,Cell_04,-106.0,6.98,40.98,36.57,0.33,33,"Low RSRP, Low SINR, Low Throughput","Poor radio coverage, High interference, Heavy traffic load","Optimize antenna tilt, Review neighboring cell configuration, Enable load balancing"
2026-01-20 00:40:00,Cell_04,-104.43,6.58,30.72,39.21,0.58,34,"Low SINR, Low Throughput","High interference, Heavy traffic load","Review neighboring cell configuration, Enable load balancing"
2026-01-20 00:50:00,Cell_01,-81.68,21.08,48.79,80.99,0.62,47,Unusual KPI combination,Requires further investigation,Review all network KPIs
2026-01-20 01:25:00,Cell_02,-99.83,8.24,117.45,57.71,2.56,48,"Low SINR, High Latency","High interference, Core network congestion","Review neighboring cell configuration, Check UPF utilization"
2026-01-20 01:25:00,Cell_04,-104.4,7.19,41.83,27.29,0.19,37,"Low SINR, Low Throughput","High interference, Heavy traffic load","Review neighboring cell configuration, Enable load balancing"
2026-01-20 01:35:00,Cell_04,-101.77,10.29,35.88,58.03,0.0,36,Unusual KPI combination,Requires further investigation,Review all network KPIs
2026-01-20 01:40:00,Cell_03,-96.37,11.24,35.41,45.5,0.64,36,Unusual KPI combination,Requires further investigation,Review all network KPIs
2026-01-20 02:20:00,Cell_03,-107.32,6.61,107.23,54.01,2.52,65,"Low RSRP, Low SINR, High Latency","Poor radio coverage, High interference, Core network congestion","Optimize antenna tilt, Review neighboring cell configuration, Check UPF utilization"
2026-01-20 03:20:00,Cell_05,-97.67,9.74,129.58,55.78,5.32,59,"Low SINR, High Latency, High Packet Loss","High interference, Core network congestion, Backhaul issues","Review neighboring cell configuration, Check UPF utilization, Inspect transport network"
2026-01-20 03:25:00,Cell_04,-100.28,6.96,39.1,51.13,0.03,32,Low SINR,High interference,Review neighboring cell configuration
2026-01-20 03:35:00,Cell_05,-99.17,9.7,96.89,53.35,4.94,61,"Low SINR, High Latency, High Packet Loss","High interference, Core network congestion, Backhaul issues","Review neighboring cell configuration, Check UPF utilization, Inspect transport network"
2026-01-20 03:50:00,Cell_05,-89.18,20.54,38.98,85.67,0.0,44,Unusual KPI combination,Requires further investigation,Review all network KPIs
2026-01-20 04:15:00,Cell_03,-108.12,8.37,108.25,42.73,3.46,51,"Low RSRP, Low SINR, High Latency, High Packet Loss","Poor radio coverage, High interference, Core network congestion, Backhaul issues","Optimize antenna tilt, Review neighboring cell configuration, Check UPF utilization, Inspect transport network"
2026-01-20 04:35:00,Cell_01,-99.26,9.68,90.09,82.93,6.0,61,"Low SINR, High Latency, High Packet Loss","High interference, Core network congestion, Backhaul issues","Review neighboring cell configuration, Check UPF utilization, Inspect transport network"
2026-01-20 05:00:00,Cell_01,-89.5,13.18,125.1,68.47,6.0,78,"High Latency, High Packet Loss","Core network congestion, Backhaul issues","Check UPF utilization, Inspect transport network"
2026-01-20 05:00:00,Cell_04,-96.5,6.82,43.97,48.47,0.0,38,Low SINR,High interference,Review neighboring cell configuration
2026-01-20 07:25:00,Cell_03,-108.05,4.82,142.83,61.58,3.41,86,"Low RSRP, Low SINR, High Latency, High Packet Loss","Poor radio coverage, High interference, Core network congestion, Backhaul issues","Optimize antenna tilt, Review neighboring cell configuration, Check UPF utilization, Inspect transport network"
2026-01-20 08:00:00,Cell_04,-119.54,-1.62,113.43,56.62,5.62,88,"Low RSRP, Low SINR, High Latency, High Packet Loss","Poor radio coverage, High interference, Core network congestion, Backhaul issues","Optimize antenna tilt, Review neighboring cell configuration, Check UPF utilization, Inspect transport network"
2026-01-20 08:55:00,Cell_05,-107.42,12.56,154.92,116.74,8.34,122,"Low RSRP, High Latency, High Packet Loss","Poor radio coverage, Core network congestion, Backhaul issues","Optimize antenna tilt, Check UPF utilization, Inspect transport network"
2026-01-20 09:50:00,Cell_02,-100.47,6.65,173.72,107.42,7.96,128,"Low SINR, High Latency, High Packet Loss","High interference, Core network congestion, Backhaul issues","Review neighboring cell configuration, Check UPF utilization, Inspect transport network"
2026-01-20 11:25:00,Cell_04,-113.08,3.79,141.91,61.51,4.45,68,"Low RSRP, Low SINR, High Latency, High Packet Loss","Poor radio coverage, High interference, Core network congestion, Backhaul issues","Optimize antenna tilt, Review neighboring cell configuration, Check UPF utilization, Inspect transport network"
2026-01-20 12:55:00,Cell_01,-97.48,12.15,145.38,83.49,6.29,97,"High Latency, High Packet Loss","Core network congestion, Backhaul issues","Check UPF utilization, Inspect transport network"
2026-01-20 15:05:00,Cell_02,-104.36,9.0,118.85,71.79,3.48,102,"Low SINR, High Latency, High Packet Loss","High interference, Core network congestion, Backhaul issues","Review neighboring cell configuration, Check UPF utilization, Inspect transport network"
2026-01-20 17:30:00,Cell_01,-84.36,16.98,115.06,285.27,1.15,173,High Latency,Core network congestion,Check UPF utilization
2026-01-20 17:40:00,Cell_03,-117.24,5.93,142.61,105.16,3.57,135,"Low RSRP, Low SINR, High Latency, High Packet Loss","Poor radio coverage, High interference, Core network congestion, Backhaul issues","Optimize antenna tilt, Review neighboring cell configuration, Check UPF utilization, Inspect transport network"
2026-01-20 17:45:00,Cell_04,-107.57,5.13,97.31,135.59,1.17,121,"Low RSRP, Low SINR, High Latency","Poor radio coverage, High interference, Core network congestion","Optimize antenna tilt, Review neighboring cell configuration, Check UPF utilization"
2026-01-20 18:05:00,Cell_01,-88.96,13.83,121.29,273.82,1.33,176,High Latency,Core network congestion,Check UPF utilization
2026-01-20 18:10:00,Cell_02,-98.67,10.59,102.69,212.83,1.87,156,High Latency,Core network congestion,Check UPF utilization
2026-01-20 18:10:00,Cell_01,-92.01,17.02,133.33,281.05,1.62,170,High Latency,Core network congestion,Check UPF utilization
2026-01-20 18:15:00,Cell_01,-88.79,15.63,120.22,303.65,0.96,186,High Latency,Core network congestion,Check UPF utilization
2026-01-20 18:20:00,Cell_05,-94.4,12.98,114.03,254.31,1.85,168,High Latency,Core network congestion,Check UPF utilization
2026-01-20 18:20:00,Cell_01,-83.78,16.56,112.59,274.86,1.94,164,High Latency,Core network congestion,Check UPF utilization
2026-01-20 18:25:00,Cell_04,-106.89,4.48,90.79,139.62,1.13,133,"Low RSRP, Low SINR, High Latency","Poor radio coverage, High interference, Core network congestion","Optimize antenna tilt, Review neighboring cell configuration, Check UPF utilization"
2026-01-20 18:25:00,Cell_02,-99.74,10.63,116.64,212.07,1.4,163,High Latency,Core network congestion,Check UPF utilization
2026-01-20 18:25:00,Cell_01,-86.44,14.71,118.49,259.44,1.64,171,High Latency,Core network congestion,Check UPF utilization
2026-01-20 18:30:00,Cell_03,-101.51,9.11,108.34,195.56,1.34,155,"Low SINR, High Latency","High interference, Core network congestion","Review neighboring cell configuration, Check UPF utilization"
2026-01-20 18:30:00,Cell_01,-93.29,16.61,125.12,311.21,1.45,191,High Latency,Core network congestion,Check UPF utilization
2026-01-20 18:35:00,Cell_01,-93.89,17.7,118.16,301.47,1.22,170,High Latency,Core network congestion,Check UPF utilization
2026-01-20 18:35:00,Cell_05,-92.76,13.05,117.33,266.27,1.59,180,High Latency,Core network congestion,Check UPF utilization
2026-01-20 18:40:00,Cell_04,-108.43,7.28,107.33,156.3,1.26,129,"Low RSRP, Low SINR, High Latency","Poor radio coverage, High interference, Core network congestion","Optimize antenna tilt, Review neighboring cell configuration, Check UPF utilization"
2026-01-20 18:40:00,Cell_01,-89.8,13.18,120.97,267.7,1.58,178,High Latency,Core network congestion,Check UPF utilization
2026-01-20 18:45:00,Cell_01,-87.99,14.93,130.15,293.04,2.07,183,High Latency,Core network congestion,Check UPF utilization
2026-01-20 18:50:00,Cell_01,-92.64,16.68,131.81,308.36,2.08,187,High Latency,Core network congestion,Check UPF utilization
2026-01-20 18:50:00,Cell_05,-93.15,11.95,130.85,248.68,1.81,176,High Latency,Core network congestion,Check UPF utilization
2026-01-20 18:55:00,Cell_02,-91.36,11.27,117.77,238.42,1.44,172,High Latency,Core network congestion,Check UPF utilization
2026-01-20 18:55:00,Cell_04,-108.77,7.28,95.52,148.13,1.04,126,"Low RSRP, Low SINR, High Latency","Poor radio coverage, High interference, Core network congestion","Optimize antenna tilt, Review neighboring cell configuration, Check UPF utilization"
2026-01-20 18:55:00,Cell_01,-88.51,14.87,122.91,291.08,1.02,179,High Latency,Core network congestion,Check UPF utilization
2026-01-20 19:00:00,Cell_05,-92.6,15.73,117.27,293.9,1.27,182,High Latency,Core network congestion,Check UPF utilization
2026-01-20 19:00:00,Cell_01,-88.37,14.27,122.82,276.15,1.61,185,High Latency,Core network congestion,Check UPF utilization
2026-01-20 19:00:00,Cell_02,-91.8,16.44,125.39,287.69,1.75,169,High Latency,Core network congestion,Check UPF utilization
2026-01-20 19:05:00,Cell_01,-88.19,17.25,121.48,316.55,1.11,182,High Latency,Core network congestion,Check UPF utilization
2026-01-20 19:05:00,Cell_02,-96.05,10.39,118.42,223.28,1.71,174,High Latency,Core network congestion,Check UPF utilization
2026-01-20 19:05:00,Cell_04,-106.55,5.24,96.29,150.84,1.08,129,"Low RSRP, Low SINR, High Latency","Poor radio coverage, High interference, Core network congestion","Optimize antenna tilt, Review neighboring cell configuration, Check UPF utilization"
2026-01-20 19:10:00,Cell_05,-92.71,14.48,118.83,260.07,1.8,163,High Latency,Core network congestion,Check UPF utilization
2026-01-20 19:10:00,Cell_01,-87.88,16.11,131.37,305.88,1.33,189,High Latency,Core network congestion,Check UPF utilization
2026-01-20 19:15:00,Cell_03,-101.94,9.05,108.29,197.24,1.34,155,"Low SINR, High Latency","High interference, Core network congestion","Review neighboring cell configuration, Check UPF utilization"
2026-01-20 19:15:00,Cell_01,-92.92,18.89,119.59,308.81,1.04,171,High Latency,Core network congestion,Check UPF utilization
2026-01-20 19:20:00,Cell_01,-88.97,16.62,129.38,318.94,1.14,185,High Latency,Core network congestion,Check UPF utilization
2026-01-20 19:20:00,Cell_05,-92.26,13.93,124.78,255.64,1.48,166,High Latency,Core network congestion,Check UPF utilization
2026-01-20 19:25:00,Cell_01,-88.44,15.37,126.31,298.1,1.92,190,High Latency,Core network congestion,Check UPF utilization
2026-01-20 19:25:00,Cell_02,-97.07,13.27,122.96,234.33,1.62,159,High Latency,Core network congestion,Check UPF utilization
2026-01-20 19:25:00,Cell_05,-90.43,14.58,113.94,276.84,1.5,178,High Latency,Core network congestion,Check UPF utilization
2026-01-20 19:30:00,Cell_01,-87.03,16.3,119.63,302.43,1.15,183,High Latency,Core network congestion,Check UPF utilization
2026-01-20 19:35:00,Cell_01,-86.97,15.9,123.52,289.51,1.75,176,High Latency,Core network congestion,Check UPF utilization
2026-01-20 19:35:00,Cell_05,-90.65,17.84,116.59,279.0,2.06,160,High Latency,Core network congestion,Check UPF utilization
2026-01-20 19:40:00,Cell_01,-90.28,15.74,125.37,289.39,1.44,184,High Latency,Core network congestion,Check UPF utilization
2026-01-20 19:40:00,Cell_02,-92.11,10.7,122.31,202.11,1.73,156,High Latency,Core network congestion,Check UPF utilization
2026-01-20 19:45:00,Cell_01,-88.07,18.27,122.31,322.3,1.53,179,High Latency,Core network congestion,Check UPF utilization
2026-01-20 19:45:00,Cell_03,-100.75,10.13,115.61,207.26,1.8,153,High Latency,Core network congestion,Check UPF utilization
2026-01-20 19:50:00,Cell_01,-91.32,16.44,125.6,286.42,1.89,178,High Latency,Core network congestion,Check UPF utilization
2026-01-20 19:50:00,Cell_05,-94.77,16.9,117.27,277.68,1.7,165,High Latency,Core network congestion,Check UPF utilization
2026-01-20 20:00:00,Cell_01,-86.82,16.07,121.68,265.82,1.89,169,High Latency,Core network congestion,Check UPF utilization
2026-01-20 20:05:00,Cell_01,-85.93,17.69,120.88,295.25,1.13,165,High Latency,Core network congestion,Check UPF utilization
2026-01-20 20:10:00,Cell_01,-85.42,16.42,110.46,298.34,1.48,172,High Latency,Core network congestion,Check UPF utilization
2026-01-20 20:15:00,Cell_01,-84.16,14.46,123.67,279.21,1.53,172,High Latency,Core network congestion,Check UPF utilization
2026-01-20 20:25:00,Cell_01,-90.12,15.73,122.08,290.37,1.21,174,High Latency,Core network congestion,Check UPF utilization
2026-01-20 20:45:00,Cell_01,-87.7,17.88,119.23,297.8,1.69,165,High Latency,Core network congestion,Check UPF utilization
2026-01-20 21:45:00,Cell_04,-113.79,-0.44,128.36,43.76,5.19,87,"Low RSRP, Low SINR, High Latency, High Packet Loss","Poor radio coverage, High interference, Core network congestion, Backhaul issues","Optimize antenna tilt, Review neighboring cell configuration, Check UPF utilization, Inspect transport network"
2026-01-21 00:40:00,Cell_04,-104.99,7.52,39.36,46.18,0.06,47,Low SINR,High interference,Review neighboring cell configuration
2026-01-21 00:50:00,Cell_05,-93.26,7.53,134.29,72.47,5.4,61,"Low SINR, High Latency, High Packet Loss","High interference, Core network congestion, Backhaul issues","Review neighboring cell configuration, Check UPF utilization, Inspect transport network"
2026-01-21 00:55:00,Cell_03,-109.59,9.6,120.24,55.88,4.93,52,"Low RSRP, Low SINR, High Latency, High Packet Loss","Poor radio coverage, High interference, Core network congestion, Backhaul issues","Optimize antenna tilt, Review neighboring cell configuration, Check UPF utilization, Inspect transport network"
2026-01-21 01:25:00,Cell_04,-99.29,7.7,33.47,31.4,0.26,26,"Low SINR, Low Throughput","High interference, Heavy traffic load","Review neighboring cell configuration, Enable load balancing"
2026-01-21 02:20:00,Cell_02,-103.03,8.39,134.8,67.81,4.07,61,"Low SINR, High Latency, High Packet Loss","High interference, Core network congestion, Backhaul issues","Review neighboring cell configuration, Check UPF utilization, Inspect transport network"
2026-01-21 03:25:00,Cell_04,-100.74,7.57,46.57,30.76,0.0,27,"Low SINR, Low Throughput","High interference, Heavy traffic load","Review neighboring cell configuration, Enable load balancing"
2026-01-21 04:25:00,Cell_04,-119.48,1.91,117.04,23.12,6.13,42,"Low RSRP, Low SINR, High Latency, High Packet Loss, Low Throughput","Poor radio coverage, High interference, Core network congestion, Backhaul issues, Heavy traffic load","Optimize antenna tilt, Review neighboring cell configuration, Check UPF utilization, Inspect transport network, Enable load balancing"
2026-01-21 04:35:00,Cell_04,-99.63,8.19,42.36,34.8,0.0,29,"Low SINR, Low Throughput","High interference, Heavy traffic load","Review neighboring cell configuration, Enable load balancing"
2026-01-21 04:50:00,Cell_04,-109.19,5.09,50.07,39.93,0.59,41,"Low RSRP, Low SINR, Low Throughput","Poor radio coverage, High interference, Heavy traffic load","Optimize antenna tilt, Review neighboring cell configuration, Enable load balancing"
2026-01-21 05:20:00,Cell_02,-102.07,10.26,117.34,63.39,5.06,65,"High Latency, High Packet Loss","Core network congestion, Backhaul issues","Check UPF utilization, Inspect transport network"
2026-01-21 07:20:00,Cell_02,-106.43,10.98,124.57,104.67,4.7,96,"Low RSRP, High Latency, High Packet Loss","Poor radio coverage, Core network congestion, Backhaul issues","Optimize antenna tilt, Check UPF utilization, Inspect transport network"
2026-01-21 08:00:00,Cell_04,-120.89,4.44,124.88,44.11,6.64,84,"Low RSRP, Low SINR, High Latency, High Packet Loss","Poor radio coverage, High interference, Core network congestion, Backhaul issues","Optimize antenna tilt, Review neighboring cell configuration, Check UPF utilization, Inspect transport network"
2026-01-21 09:15:00,Cell_03,-113.45,4.74,134.71,113.62,4.53,124,"Low RSRP, Low SINR, High Latency, High Packet Loss","Poor radio coverage, High interference, Core network congestion, Backhaul issues","Optimize antenna tilt, Review neighboring cell configuration, Check UPF utilization, Inspect transport network"
2026-01-21 09:50:00,Cell_05,-102.0,11.16,144.99,119.34,7.49,153,"High Latency, High Packet Loss","Core network congestion, Backhaul issues","Check UPF utilization, Inspect transport network"
2026-01-21 10:30:00,Cell_01,-82.21,20.48,100.25,251.02,0.7,134,High Latency,Core network congestion,Check UPF utilization
2026-01-21 12:40:00,Cell_01,-104.71,13.27,152.87,117.76,6.61,97,"High Latency, High Packet Loss","Core network congestion, Backhaul issues","Check UPF utilization, Inspect transport network"
2026-01-21 13:55:00,Cell_05,-104.53,7.65,145.75,85.2,7.34,92,"Low SINR, High Latency, High Packet Loss","High interference, Core network congestion, Backhaul issues","Review neighboring cell configuration, Check UPF utilization, Inspect transport network"
2026-01-21 17:15:00,Cell_01,-81.55,13.88,113.04,233.5,1.2,158,High Latency,Core network congestion,Check UPF utilization
2026-01-21 17:40:00,Cell_01,-91.29,15.39,127.37,262.74,1.47,167,High Latency,Core network congestion,Check UPF utilization
2026-01-21 17:45:00,Cell_01,-85.24,14.82,130.76,288.19,1.8,174,High Latency,Core network congestion,Check UPF utilization
2026-01-21 17:50:00,Cell_02,-108.53,7.75,182.26,141.38,4.73,159,"Low RSRP, Low SINR, High Latency, High Packet Loss","Poor radio coverage, High interference, Core network congestion, Backhaul issues","Optimize antenna tilt, Review neighboring cell configuration, Check UPF utilization, Inspect transport network"
2026-01-21 18:00:00,Cell_05,-92.96,12.79,122.51,246.51,1.6,166,High Latency,Core network congestion,Check UPF utilization
2026-01-21 18:05:00,Cell_01,-88.83,16.28,119.54,285.58,1.53,170,High Latency,Core network congestion,Check UPF utilization
2026-01-21 18:10:00,Cell_05,-92.48,14.28,121.32,259.88,1.76,165,High Latency,Core network congestion,Check UPF utilization
2026-01-21 18:15:00,Cell_01,-87.34,17.2,118.31,307.77,1.97,172,High Latency,Core network congestion,Check UPF utilization
2026-01-21 18:20:00,Cell_01,-91.0,16.11,121.1,304.95,0.88,181,High Latency,Core network congestion,Check UPF utilization
2026-01-21 18:25:00,Cell_03,-98.38,8.94,118.36,194.43,1.5,157,"Low SINR, High Latency","High interference, Core network congestion","Review neighboring cell configuration, Check UPF utilization"
2026-01-21 18:30:00,Cell_01,-91.15,15.77,120.01,285.77,1.9,166,High Latency,Core network congestion,Check UPF utilization
2026-01-21 18:30:00,Cell_02,-93.21,12.68,124.09,258.59,1.9,175,High Latency,Core network congestion,Check UPF utilization
2026-01-21 18:35:00,Cell_04,-107.88,6.49,99.95,166.63,1.32,132,"Low RSRP, Low SINR, High Latency","Poor radio coverage, High interference, Core network congestion","Optimize antenna tilt, Review neighboring cell configuration, Check UPF utilization"
2026-01-21 18:40:00,Cell_05,-93.95,16.97,122.38,296.79,1.95,181,High Latency,Core network congestion,Check UPF utilization
2026-01-21 18:40:00,Cell_01,-91.03,15.99,125.06,282.61,1.99,172,High Latency,Core network congestion,Check UPF utilization
2026-01-21 18:45:00,Cell_01,-88.78,13.37,131.28,263.02,1.55,179,High Latency,Core network congestion,Check UPF utilization
2026-01-21 18:45:00,Cell_04,-105.83,4.94,98.08,130.05,1.46,120,"Low RSRP, Low SINR, High Latency","Poor radio coverage, High interference, Core network congestion","Optimize antenna tilt, Review neighboring cell configuration, Check UPF utilization"
2026-01-21 18:45:00,Cell_03,-90.96,7.81,112.31,164.13,1.81,146,"Low SINR, High Latency","High interference, Core network congestion","Review neighboring cell configuration, Check UPF utilization"
2026-01-21 18:50:00,Cell_01,-85.99,15.1,112.03,285.42,1.51,179,High Latency,Core network congestion,Check UPF utilization
2026-01-21 18:50:00,Cell_05,-91.34,14.13,121.89,264.24,1.97,174,High Latency,Core network congestion,Check UPF utilization
2026-01-21 18:55:00,Cell_03,-99.07,7.71,117.86,161.67,1.35,149,"Low SINR, High Latency","High interference, Core network congestion","Review neighboring cell configuration, Check UPF utilization"
2026-01-21 18:55:00,Cell_01,-93.18,14.93,124.52,301.45,1.6,186,High Latency,Core network congestion,Check UPF utilization
2026-01-21 19:00:00,Cell_01,-85.28,13.58,123.61,265.91,1.81,177,High Latency,Core network congestion,Check UPF utilization
2026-01-21 19:05:00,Cell_05,-92.93,13.79,124.86,264.12,1.76,172,High Latency,Core network congestion,Check UPF utilization
2026-01-21 19:05:00,Cell_01,-88.65,15.52,130.58,300.5,1.84,186,High Latency,Core network congestion,Check UPF utilization
2026-01-21 19:10:00,Cell_01,-86.98,17.52,127.24,303.87,1.55,181,High Latency,Core network congestion,Check UPF utilization
2026-01-21 19:15:00,Cell_03,-102.26,9.68,117.03,206.07,1.69,163,"Low SINR, High Latency","High interference, Core network congestion","Review neighboring cell configuration, Check UPF utilization"
2026-01-21 19:15:00,Cell_01,-88.02,16.17,126.29,274.12,1.24,171,High Latency,Core network congestion,Check UPF utilization
2026-01-21 19:20:00,Cell_03,-100.37,10.28,109.41,182.86,1.73,147,High Latency,Core network congestion,Check UPF utilization
2026-01-21 19:20:00,Cell_05,-95.84,12.51,121.17,251.4,1.33,179,High Latency,Core network congestion,Check UPF utilization
2026-01-21 19:25:00,Cell_05,-90.96,11.58,117.11,232.57,1.56,176,High Latency,Core network congestion,Check UPF utilization
2026-01-21 19:25:00,Cell_01,-85.03,13.57,115.78,276.59,1.09,185,High Latency,Core network congestion,Check UPF utilization
2026-01-21 19:30:00,Cell_05,-89.79,14.25,116.9,272.71,1.71,173,High Latency,Core network congestion,Check UPF utilization
2026-01-21 19:30:00,Cell_01,-89.61,15.02,122.3,292.36,1.05,183,High Latency,Core network congestion,Check UPF utilization
2026-01-21 19:35:00,Cell_01,-86.95,15.34,125.87,283.97,1.9,175,High Latency,Core network congestion,Check UPF utilization
2026-01-21 19:40:00,Cell_01,-90.96,14.21,117.35,248.51,1.93,167,High Latency,Core network congestion,Check UPF utilization
2026-01-21 19:40:00,Cell_05,-93.82,10.11,116.41,222.45,1.44,170,High Latency,Core network congestion,Check UPF utilization
2026-01-21 19:45:00,Cell_01,-85.69,14.49,125.54,278.91,1.62,174,High Latency,Core network congestion,Check UPF utilization
2026-01-21 19:50:00,Cell_01,-88.22,15.27,123.9,285.88,1.55,181,High Latency,Core network congestion,Check UPF utilization
2026-01-21 19:50:00,Cell_05,-90.21,15.17,124.75,293.27,1.51,177,High Latency,Core network congestion,Check UPF utilization
2026-01-21 19:55:00,Cell_05,-84.9,12.99,121.99,234.57,1.52,166,High Latency,Core network congestion,Check UPF utilization
2026-01-21 20:00:00,Cell_01,-90.35,14.58,127.47,264.27,1.8,177,High Latency,Core network congestion,Check UPF utilization
2026-01-21 20:05:00,Cell_01,-89.36,14.5,118.51,265.68,1.4,180,High Latency,Core network congestion,Check UPF utilization
2026-01-21 20:10:00,Cell_01,-87.81,17.25,113.64,267.6,1.86,160,High Latency,Core network congestion,Check UPF utilization
2026-01-21 20:15:00,Cell_01,-87.1,17.45,116.83,305.18,1.45,173,High Latency,Core network congestion,Check UPF utilization
2026-01-21 20:15:00,Cell_03,-100.3,9.59,112.62,202.9,1.42,153,"Low SINR, High Latency","High interference, Core network congestion","Review neighboring cell configuration, Check UPF utilization"
2026-01-21 20:45:00,Cell_01,-84.17,16.77,114.53,266.28,1.53,158,High Latency,Core network congestion,Check UPF utilization
2026-01-21 22:50:00,Cell_05,-104.25,8.66,142.5,81.67,6.67,86,"Low SINR, High Latency, High Packet Loss","High interference, Core network congestion, Backhaul issues","Review neighboring cell configuration, Check UPF utilization, Inspect transport network"
2026-01-21 23:40:00,Cell_04,-108.04,6.42,51.4,45.26,0.82,51,"Low RSRP, Low SINR","Poor radio coverage, High interference","Optimize antenna tilt, Review neighboring cell configuration"
2026-01-22 00:35:00,Cell_05,-112.5,11.29,97.61,58.69,3.09,51,"Low RSRP, High Latency, High Packet Loss","Poor radio coverage, Core network congestion, Backhaul issues","Optimize antenna tilt, Check UPF utilization, Inspect transport network"
2026-01-22 01:15:00,Cell_04,-104.32,7.09,41.79,33.59,0.09,37,"Low SINR, Low Throughput","High interference, Heavy traffic load","Review neighboring cell configuration, Enable load balancing"
2026-01-22 01:50:00,Cell_01,-82.67,20.11,46.87,103.44,0.0,54,Unusual KPI combination,Requires further investigation,Review all network KPIs
2026-01-22 02:15:00,Cell_04,-96.57,7.06,40.55,41.88,0.0,40,Low SINR,High interference,Review neighboring cell configuration
2026-01-22 02:25:00,Cell_04,-104.62,9.2,45.09,24.19,0.58,23,"Low SINR, Low Throughput","High interference, Heavy traffic load","Review neighboring cell configuration, Enable load balancing"
2026-01-22 03:00:00,Cell_03,-105.89,9.41,98.74,64.97,2.78,54,"Low RSRP, Low SINR, High Latency","Poor radio coverage, High interference, Core network congestion","Optimize antenna tilt, Review neighboring cell configuration, Check UPF utilization"
2026-01-22 06:35:00,Cell_04,-119.22,4.82,129.28,32.77,5.33,57,"Low RSRP, Low SINR, High Latency, High Packet Loss, Low Throughput","Poor radio coverage, High interference, Core network congestion, Backhaul issues, Heavy traffic load","Optimize antenna tilt, Review neighboring cell configuration, Check UPF utilization, Inspect transport network, Enable load balancing"
2026-01-22 08:00:00,Cell_03,-105.39,7.68,112.01,71.82,3.58,92,"Low RSRP, Low SINR, High Latency, High Packet Loss","Poor radio coverage, High interference, Core network congestion, Backhaul issues","Optimize antenna tilt, Review neighboring cell configuration, Check UPF utilization, Inspect transport network"
2026-01-22 09:00:00,Cell_01,-96.25,10.1,135.76,171.32,6.39,142,"High Latency, High Packet Loss","Core network congestion, Backhaul issues","Check UPF utilization, Inspect transport network"
2026-01-22 09:55:00,Cell_03,-115.59,5.93,139.91,122.34,5.48,114,"Low RSRP, Low SINR, High Latency, High Packet Loss","Poor radio coverage, High interference, Core network congestion, Backhaul issues","Optimize antenna tilt, Review neighboring cell configuration, Check UPF utilization, Inspect transport network"
2026-01-22 13:00:00,Cell_05,-98.53,9.86,160.91,100.43,5.83,111,"Low SINR, High Latency, High Packet Loss","High interference, Core network congestion, Backhaul issues","Review neighboring cell configuration, Check UPF utilization, Inspect transport network"
2026-01-22 13:05:00,Cell_04,-108.69,3.33,69.54,51.96,0.64,66,"Low RSRP, Low SINR","Poor radio coverage, High interference","Optimize antenna tilt, Review neighboring cell configuration"
2026-01-22 14:50:00,Cell_05,-105.25,10.45,141.95,98.89,4.86,98,"Low RSRP, High Latency, High Packet Loss","Poor radio coverage, Core network congestion, Backhaul issues","Optimize antenna tilt, Check UPF utilization, Inspect transport network"
2026-01-22 16:20:00,Cell_05,-111.13,10.71,165.37,110.53,6.37,125,"Low RSRP, High Latency, High Packet Loss","Poor radio coverage, Core network congestion, Backhaul issues","Optimize antenna tilt, Check UPF utilization, Inspect transport network"
2026-01-22 16:40:00,Cell_01,-101.79,12.59,171.52,163.1,7.65,139,"High Latency, High Packet Loss","Core network congestion, Backhaul issues","Check UPF utilization, Inspect transport network"
2026-01-22 17:15:00,Cell_01,-90.44,16.29,121.85,284.81,1.49,171,High Latency,Core network congestion,Check UPF utilization
2026-01-22 17:25:00,Cell_05,-93.82,15.19,117.71,266.25,1.86,165,High Latency,Core network congestion,Check UPF utilization
2026-01-22 17:35:00,Cell_01,-92.92,17.24,121.24,277.11,1.41,169,High Latency,Core network congestion,Check UPF utilization
2026-01-22 17:40:00,Cell_01,-104.78,6.99,199.42,193.63,4.49,179,"Low SINR, High Latency, High Packet Loss","High interference, Core network congestion, Backhaul issues","Review neighboring cell configuration, Check UPF utilization, Inspect transport network"
2026-01-22 17:45:00,Cell_04,-107.6,4.73,92.53,116.73,1.3,110,"Low RSRP, Low SINR, High Latency","Poor radio coverage, High interference, Core network congestion","Optimize antenna tilt, Review neighboring cell configuration, Check UPF utilization"
2026-01-22 17:50:00,Cell_01,-85.36,16.07,115.12,299.02,1.61,170,High Latency,Core network congestion,Check UPF utilization
2026-01-22 17:55:00,Cell_01,-84.9,16.5,127.51,286.07,1.44,180,High Latency,Core network congestion,Check UPF utilization
2026-01-22 17:55:00,Cell_05,-93.29,10.65,119.37,246.27,1.5,179,High Latency,Core network congestion,Check UPF utilization
2026-01-22 18:05:00,Cell_01,-83.44,15.96,114.56,275.25,1.43,177,High Latency,Core network congestion,Check UPF utilization
2026-01-22 18:10:00,Cell_05,-92.11,13.47,127.42,261.0,1.72,171,High Latency,Core network congestion,Check UPF utilization
2026-01-22 18:10:00,Cell_04,-104.86,6.0,93.01,128.55,1.66,121,"Low SINR, High Latency","High interference, Core network congestion","Review neighboring cell configuration, Check UPF utilization"
2026-01-22 18:10:00,Cell_01,-86.81,15.57,123.78,288.68,1.32,174,High Latency,Core network congestion,Check UPF utilization
2026-01-22 18:15:00,Cell_03,-97.28,9.37,109.51,184.87,1.82,147,"Low SINR, High Latency","High interference, Core network congestion","Review neighboring cell configuration, Check UPF utilization"
2026-01-22 18:20:00,Cell_01,-87.69,17.46,121.71,317.91,1.41,176,High Latency,Core network congestion,Check UPF utilization
2026-01-22 18:25:00,Cell_05,-94.44,13.43,122.01,256.31,2.07,175,High Latency,Core network congestion,Check UPF utilization
2026-01-22 18:25:00,Cell_01,-88.81,13.05,128.08,274.49,1.94,180,High Latency,Core network congestion,Check UPF utilization
2026-01-22 18:30:00,Cell_01,-87.61,16.93,121.69,292.93,1.53,179,High Latency,Core network congestion,Check UPF utilization
2026-01-22 18:35:00,Cell_02,-95.13,13.1,127.71,253.49,1.9,165,High Latency,Core network congestion,Check UPF utilization
2026-01-22 18:35:00,Cell_03,-102.12,9.6,120.85,213.65,1.65,163,"Low SINR, High Latency","High interference, Core network congestion","Review neighboring cell configuration, Check UPF utilization"
2026-01-22 18:35:00,Cell_05,-89.59,16.53,121.73,295.99,1.73,177,High Latency,Core network congestion,Check UPF utilization
2026-01-22 18:35:00,Cell_04,-105.28,4.89,102.67,140.63,1.23,137,"Low RSRP, Low SINR, High Latency","Poor radio coverage, High interference, Core network congestion","Optimize antenna tilt, Review neighboring cell configuration, Check UPF utilization"
2026-01-22 18:40:00,Cell_01,-87.84,15.56,127.39,285.26,1.74,179,High Latency,Core network congestion,Check UPF utilization
2026-01-22 18:45:00,Cell_01,-84.38,14.02,123.42,274.85,1.89,182,High Latency,Core network congestion,Check UPF utilization
2026-01-22 18:45:00,Cell_05,-92.26,15.86,131.23,260.85,1.54,167,High Latency,Core network congestion,Check UPF utilization
2026-01-22 18:50:00,Cell_02,-91.38,13.12,115.57,225.96,2.14,156,High Latency,Core network congestion,Check UPF utilization
2026-01-22 18:50:00,Cell_05,-95.44,13.37,126.62,250.78,1.7,169,High Latency,Core network congestion,Check UPF utilization
2026-01-22 18:50:00,Cell_04,-105.45,5.38,106.81,146.89,1.34,137,"Low RSRP, Low SINR, High Latency","Poor radio coverage, High interference, Core network congestion","Optimize antenna tilt, Review neighboring cell configuration, Check UPF utilization"
2026-01-22 18:50:00,Cell_01,-88.35,15.8,118.8,292.77,1.32,174,High Latency,Core network congestion,Check UPF utilization
2026-01-22 18:55:00,Cell_01,-81.79,16.11,122.35,295.95,1.59,177,High Latency,Core network congestion,Check UPF utilization
2026-01-22 18:55:00,Cell_03,-98.88,9.14,110.62,176.58,1.47,149,"Low SINR, High Latency","High interference, Core network congestion","Review neighboring cell configuration, Check UPF utilization"
2026-01-22 18:55:00,Cell_05,-93.41,16.55,126.05,291.85,1.76,173,High Latency,Core network congestion,Check UPF utilization
2026-01-22 19:00:00,Cell_01,-87.53,15.45,127.77,291.48,1.67,183,High Latency,Core network congestion,Check UPF utilization
2026-01-22 19:05:00,Cell_03,-102.2,8.31,116.22,198.15,1.87,160,"Low SINR, High Latency","High interference, Core network congestion","Review neighboring cell configuration, Check UPF utilization"
2026-01-22 19:05:00,Cell_05,-93.66,11.0,117.43,230.24,1.96,167,High Latency,Core network congestion,Check UPF utilization
2026-01-22 19:05:00,Cell_01,-90.23,13.69,122.43,279.26,1.44,187,High Latency,Core network congestion,Check UPF utilization
2026-01-22 19:05:00,Cell_04,-102.33,4.16,96.54,132.9,1.43,136,"Low SINR, High Latency","High interference, Core network congestion","Review neighboring cell configuration, Check UPF utilization"
2026-01-22 19:10:00,Cell_01,-88.98,15.78,117.84,286.28,1.77,177,High Latency,Core network congestion,Check UPF utilization
2026-01-22 19:10:00,Cell_04,-106.44,3.62,108.45,132.0,1.13,134,"Low RSRP, Low SINR, High Latency","Poor radio coverage, High interference, Core network congestion","Optimize antenna tilt, Review neighboring cell configuration, Check UPF utilization"
2026-01-22 19:15:00,Cell_01,-90.34,13.57,126.49,250.87,1.86,175,High Latency,Core network congestion,Check UPF utilization
2026-01-22 19:20:00,Cell_05,-87.9,11.14,123.82,243.02,1.71,178,High Latency,Core network congestion,Check UPF utilization
2026-01-22 19:20:00,Cell_01,-87.04,15.58,131.49,310.67,1.76,188,High Latency,Core network congestion,Check UPF utilization
2026-01-22 19:30:00,Cell_01,-87.5,15.3,131.1,293.73,1.58,179,High Latency,Core network congestion,Check UPF utilization
2026-01-22 19:35:00,Cell_01,-89.88,17.51,119.99,325.95,1.91,184,High Latency,Core network congestion,Check UPF utilization
2026-01-22 19:35:00,Cell_05,-90.29,13.3,118.09,241.15,2.0,166,High Latency,Core network congestion,Check UPF utilization
2026-01-22 19:40:00,Cell_03,-104.46,8.02,101.77,172.67,1.18,151,"Low SINR, High Latency","High interference, Core network congestion","Review neighboring cell configuration, Check UPF utilization"
2026-01-22 19:40:00,Cell_01,-86.28,17.18,115.9,292.28,1.37,171,High Latency,Core network congestion,Check UPF utilization
2026-01-22 19:40:00,Cell_02,-96.33,9.05,134.27,205.24,2.04,172,"Low SINR, High Latency","High interference, Core network congestion","Review neighboring cell configuration, Check UPF utilization"
2026-01-22 19:45:00,Cell_01,-89.31,14.59,121.03,269.06,1.5,180,High Latency,Core network congestion,Check UPF utilization
2026-01-22 19:45:00,Cell_03,-99.39,7.97,107.3,170.66,1.42,151,"Low SINR, High Latency","High interference, Core network congestion","Review neighboring cell configuration, Check UPF utilization"
2026-01-22 19:50:00,Cell_01,-85.19,14.57,121.4,240.64,1.75,161,High Latency,Core network congestion,Check UPF utilization
2026-01-22 19:55:00,Cell_01,-84.85,16.86,115.92,292.43,1.12,175,High Latency,Core network congestion,Check UPF utilization
2026-01-22 19:55:00,Cell_04,-108.34,3.47,96.46,107.71,1.66,117,"Low RSRP, Low SINR, High Latency","Poor radio coverage, High interference, Core network congestion","Optimize antenna tilt, Review neighboring cell configuration, Check UPF utilization"
2026-01-22 20:10:00,Cell_01,-89.27,16.28,125.5,289.64,2.12,176,High Latency,Core network congestion,Check UPF utilization
2026-01-22 21:00:00,Cell_01,-85.26,17.73,104.18,253.5,0.42,146,High Latency,Core network congestion,Check UPF utilization
2026-01-22 21:30:00,Cell_01,-95.65,14.43,162.34,123.47,6.81,139,"High Latency, High Packet Loss","Core network congestion, Backhaul issues","Check UPF utilization, Inspect transport network"
2026-01-22 21:35:00,Cell_01,-86.21,19.32,89.83,238.85,1.93,128,High Latency,Core network congestion,Check UPF utilization
2026-01-22 22:55:00,Cell_02,-102.62,9.75,160.73,64.03,3.08,89,"Low SINR, High Latency, High Packet Loss","High interference, Core network congestion, Backhaul issues","Review neighboring cell configuration, Check UPF utilization, Inspect transport network"
2026-01-22 23:05:00,Cell_05,-97.44,11.46,139.13,71.57,4.31,87,"High Latency, High Packet Loss","Core network congestion, Backhaul issues","Check UPF utilization, Inspect transport network"
2026-01-23 00:00:00,Cell_04,-101.55,12.62,41.37,39.79,0.62,30,Low Throughput,Heavy traffic load,Enable load balancing
2026-01-23 00:05:00,Cell_05,-103.22,10.44,118.45,64.12,3.03,60,"High Latency, High Packet Loss","Core network congestion, Backhaul issues","Check UPF utilization, Inspect transport network"
2026-01-23 00:15:00,Cell_04,-104.92,5.26,33.95,39.72,0.0,33,"Low SINR, Low Throughput","High interference, Heavy traffic load","Review neighboring cell configuration, Enable load balancing"
2026-01-23 00:35:00,Cell_04,-99.27,6.1,41.14,29.3,0.34,37,"Low SINR, Low Throughput","High interference, Heavy traffic load","Review neighboring cell configuration, Enable load balancing"
2026-01-23 01:05:00,Cell_04,-106.9,7.47,56.91,45.04,0.0,40,"Low RSRP, Low SINR","Poor radio coverage, High interference","Optimize antenna tilt, Review neighboring cell configuration"
2026-01-23 01:40:00,Cell_04,-101.2,8.66,35.99,46.21,0.0,34,Low SINR,High interference,Review neighboring cell configuration
2026-01-23 01:40:00,Cell_01,-100.77,10.89,86.13,43.61,6.34,46,"High Latency, High Packet Loss","Core network congestion, Backhaul issues","Check UPF utilization, Inspect transport network"
2026-01-23 01:50:00,Cell_01,-95.43,14.44,102.79,82.99,3.58,69,"High Latency, High Packet Loss","Core network congestion, Backhaul issues","Check UPF utilization, Inspect transport network"
2026-01-23 01:55:00,Cell_01,-92.57,14.32,106.3,65.08,5.28,69,"High Latency, High Packet Loss","Core network congestion, Backhaul issues","Check UPF utilization, Inspect transport network"
2026-01-23 01:55:00,Cell_04,-98.73,7.76,37.63,49.7,0.04,38,Low SINR,High interference,Review neighboring cell configuration
2026-01-23 02:00:00,Cell_04,-98.71,5.83,48.68,31.19,0.04,37,"Low SINR, Low Throughput","High interference, Heavy traffic load","Review neighboring cell configuration, Enable load balancing"
2026-01-23 02:25:00,Cell_04,-101.08,8.65,35.38,29.77,0.16,30,"Low SINR, Low Throughput","High interference, Heavy traffic load","Review neighboring cell configuration, Enable load balancing"
2026-01-23 02:30:00,Cell_04,-103.27,5.23,40.91,27.02,0.0,38,"Low SINR, Low Throughput","High interference, Heavy traffic load","Review neighboring cell configuration, Enable load balancing"
2026-01-23 03:05:00,Cell_01,-82.99,20.64,49.07,96.29,0.0,55,Unusual KPI combination,Requires further investigation,Review all network KPIs
2026-01-23 03:20:00,Cell_04,-95.33,8.59,45.25,30.16,0.6,32,"Low SINR, Low Throughput","High interference, Heavy traffic load","Review neighboring cell configuration, Enable load balancing"
2026-01-23 04:45:00,Cell_03,-91.41,11.42,36.1,54.0,0.05,46,Unusual KPI combination,Requires further investigation,Review all network KPIs
2026-01-23 05:35:00,Cell_05,-102.81,8.36,141.16,78.57,2.98,81,"Low SINR, High Latency","High interference, Core network congestion","Review neighboring cell configuration, Check UPF utilization"
2026-01-23 09:40:00,Cell_03,-114.38,3.46,132.41,108.7,3.76,120,"Low RSRP, Low SINR, High Latency, High Packet Loss","Poor radio coverage, High interference, Core network congestion, Backhaul issues","Optimize antenna tilt, Review neighboring cell configuration, Check UPF utilization, Inspect transport network"
2026-01-23 09:45:00,Cell_05,-96.71,8.89,134.8,107.27,3.26,116,"Low SINR, High Latency, High Packet Loss","High interference, Core network congestion, Backhaul issues","Review neighboring cell configuration, Check UPF utilization, Inspect transport network"
2026-01-23 10:30:00,Cell_04,-118.62,-0.09,145.36,69.53,7.32,93,"Low RSRP, Low SINR, High Latency, High Packet Loss","Poor radio coverage, High interference, Core network congestion, Backhaul issues","Optimize antenna tilt, Review neighboring cell configuration, Check UPF utilization, Inspect transport network"
2026-01-23 11:20:00,Cell_01,-98.86,10.82,120.78,139.11,3.8,127,"High Latency, High Packet Loss","Core network congestion, Backhaul issues","Check UPF utilization, Inspect transport network"
2026-01-23 12:25:00,Cell_02,-101.01,9.68,109.24,112.67,4.16,93,"Low SINR, High Latency, High Packet Loss","High interference, Core network congestion, Backhaul issues","Review neighboring cell configuration, Check UPF utilization, Inspect transport network"
2026-01-23 12:35:00,Cell_02,-113.59,8.22,113.01,101.1,4.74,101,"Low RSRP, Low SINR, High Latency, High Packet Loss","Poor radio coverage, High interference, Core network congestion, Backhaul issues","Optimize antenna tilt, Review neighboring cell configuration, Check UPF utilization, Inspect transport network"
2026-01-23 15:55:00,Cell_01,-99.89,15.11,142.65,126.53,5.89,143,"High Latency, High Packet Loss","Core network congestion, Backhaul issues","Check UPF utilization, Inspect transport network"
2026-01-23 16:00:00,Cell_05,-104.05,11.51,138.71,117.91,7.93,119,"High Latency, High Packet Loss","Core network congestion, Backhaul issues","Check UPF utilization, Inspect transport network"
2026-01-23 16:40:00,Cell_01,-99.06,11.3,150.49,158.53,7.46,143,"High Latency, High Packet Loss","Core network congestion, Backhaul issues","Check UPF utilization, Inspect transport network"
2026-01-23 16:45:00,Cell_04,-116.21,-1.47,122.28,43.56,3.68,93,"Low RSRP, Low SINR, High Latency, High Packet Loss","Poor radio coverage, High interference, Core network congestion, Backhaul issues","Optimize antenna tilt, Review neighboring cell configuration, Check UPF utilization, Inspect transport network"
2026-01-23 16:50:00,Cell_01,-101.72,9.41,158.4,111.76,4.65,139,"Low SINR, High Latency, High Packet Loss","High interference, Core network congestion, Backhaul issues","Review neighboring cell configuration, Check UPF utilization, Inspect transport network"
2026-01-23 16:55:00,Cell_01,-96.32,9.11,142.96,152.88,6.83,160,"Low SINR, High Latency, High Packet Loss","High interference, Core network congestion, Backhaul issues","Review neighboring cell configuration, Check UPF utilization, Inspect transport network"
2026-01-23 17:20:00,Cell_05,-90.78,16.98,115.2,269.24,1.65,153,High Latency,Core network congestion,Check UPF utilization
2026-01-23 17:25:00,Cell_01,-87.68,14.49,122.09,279.84,1.42,174,High Latency,Core network congestion,Check UPF utilization
2026-01-23 17:35:00,Cell_01,-83.04,15.06,124.5,258.62,1.85,161,High Latency,Core network congestion,Check UPF utilization
2026-01-23 17:40:00,Cell_03,-94.42,7.65,113.69,166.65,1.24,145,"Low SINR, High Latency","High interference, Core network congestion","Review neighboring cell configuration, Check UPF utilization"
2026-01-23 17:50:00,Cell_01,-89.41,17.85,137.83,281.6,1.57,168,High Latency,Core network congestion,Check UPF utilization
2026-01-23 17:55:00,Cell_01,-88.47,15.89,124.09,285.99,1.4,177,High Latency,Core network congestion,Check UPF utilization
2026-01-23 17:55:00,Cell_04,-122.18,0.92,151.67,70.74,4.57,119,"Low RSRP, Low SINR, High Latency, High Packet Loss","Poor radio coverage, High interference, Core network congestion, Backhaul issues","Optimize antenna tilt, Review neighboring cell configuration, Check UPF utilization, Inspect transport network"
2026-01-23 18:00:00,Cell_03,-101.36,11.28,109.83,226.1,1.59,157,High Latency,Core network congestion,Check UPF utilization
2026-01-23 18:05:00,Cell_01,-88.66,16.8,130.52,312.37,1.8,180,High Latency,Core network congestion,Check UPF utilization
2026-01-23 18:15:00,Cell_05,-90.31,16.72,115.62,272.54,0.72,164,High Latency,Core network congestion,Check UPF utilization
2026-01-23 18:20:00,Cell_01,-83.59,14.66,114.69,262.68,1.2,175,High Latency,Core network congestion,Check UPF utilization
2026-01-23 18:25:00,Cell_05,-90.72,12.56,129.58,260.64,1.86,172,High Latency,Core network congestion,Check UPF utilization
2026-01-23 18:25:00,Cell_01,-86.34,14.73,128.09,317.55,1.55,193,High Latency,Core network congestion,Check UPF utilization
2026-01-23 18:30:00,Cell_01,-88.61,17.51,130.74,320.47,1.25,184,High Latency,Core network congestion,Check UPF utilization
2026-01-23 18:30:00,Cell_05,-95.68,14.23,114.86,255.1,1.83,160,High Latency,Core network congestion,Check UPF utilization
2026-01-23 18:40:00,Cell_03,-100.45,7.46,117.79,195.26,1.25,171,"Low SINR, High Latency","High interference, Core network congestion","Review neighboring cell configuration, Check UPF utilization"
2026-01-23 18:40:00,Cell_01,-93.35,15.33,129.13,298.73,1.59,184,High Latency,Core network congestion,Check UPF utilization
2026-01-23 18:40:00,Cell_05,-87.31,11.12,121.55,229.73,1.72,172,High Latency,Core network congestion,Check UPF utilization
2026-01-23 18:45:00,Cell_01,-89.49,14.92,127.78,311.45,1.52,186,High Latency,Core network congestion,Check UPF utilization
2026-01-23 18:50:00,Cell_01,-90.49,16.12,125.76,311.56,1.86,184,High Latency,Core network congestion,Check UPF utilization
2026-01-23 18:50:00,Cell_04,-108.69,5.94,97.08,113.76,0.87,122,"Low RSRP, Low SINR, High Latency","Poor radio coverage, High interference, Core network congestion","Optimize antenna tilt, Review neighboring cell configuration, Check UPF utilization"
2026-01-23 18:50:00,Cell_03,-102.92,10.35,113.86,191.98,1.62,153,High Latency,Core network congestion,Check UPF utilization
2026-01-23 18:55:00,Cell_01,-92.29,16.01,126.16,289.27,1.84,175,High Latency,Core network congestion,Check UPF utilization
2026-01-23 19:00:00,Cell_03,-100.13,8.85,109.03,192.75,1.3,158,"Low SINR, High Latency","High interference, Core network congestion","Review neighboring cell configuration, Check UPF utilization"
2026-01-23 19:00:00,Cell_01,-87.24,14.66,116.62,281.24,1.68,175,High Latency,Core network congestion,Check UPF utilization
2026-01-23 19:00:00,Cell_05,-92.24,13.51,121.99,269.25,1.44,175,High Latency,Core network congestion,Check UPF utilization
2026-01-23 19:05:00,Cell_01,-85.46,13.2,127.92,263.63,1.68,185,High Latency,Core network congestion,Check UPF utilization
2026-01-23 19:05:00,Cell_04,-109.47,8.59,98.97,156.52,1.52,129,"Low RSRP, Low SINR, High Latency","Poor radio coverage, High interference, Core network congestion","Optimize antenna tilt, Review neighboring cell configuration, Check UPF utilization"
2026-01-23 19:05:00,Cell_05,-96.31,10.91,130.14,232.96,2.12,181,High Latency,Core network congestion,Check UPF utilization
2026-01-23 19:10:00,Cell_01,-90.3,16.06,123.63,281.35,1.43,176,High Latency,Core network congestion,Check UPF utilization
2026-01-23 19:10:00,Cell_05,-90.19,12.01,114.86,255.16,1.76,173,High Latency,Core network congestion,Check UPF utilization
2026-01-23 19:10:00,Cell_03,-100.92,9.94,111.54,212.1,1.0,156,"Low SINR, High Latency","High interference, Core network congestion","Review neighboring cell configuration, Check UPF utilization"
2026-01-23 19:15:00,Cell_01,-86.16,13.93,131.74,277.98,1.36,187,High Latency,Core network congestion,Check UPF utilization
2026-01-23 19:15:00,Cell_02,-97.0,13.78,123.8,256.02,1.36,165,High Latency,Core network congestion,Check UPF utilization
2026-01-23 19:20:00,Cell_01,-89.71,15.54,112.79,299.67,1.64,179,High Latency,Core network congestion,Check UPF utilization
2026-01-23 19:20:00,Cell_03,-101.93,8.68,106.91,182.87,1.32,153,"Low SINR, High Latency","High interference, Core network congestion","Review neighboring cell configuration, Check UPF utilization"
2026-01-23 19:25:00,Cell_01,-88.34,15.79,118.15,292.27,1.47,176,High Latency,Core network congestion,Check UPF utilization
2026-01-23 19:30:00,Cell_05,-94.71,13.98,113.57,270.76,1.64,181,High Latency,Core network congestion,Check UPF utilization
2026-01-23 19:30:00,Cell_03,-94.11,7.13,109.08,176.04,0.96,162,"Low SINR, High Latency","High interference, Core network congestion","Review neighboring cell configuration, Check UPF utilization"
2026-01-23 19:30:00,Cell_01,-81.68,14.42,121.3,282.96,1.41,182,High Latency,Core network congestion,Check UPF utilization
2026-01-23 19:40:00,Cell_01,-87.29,14.87,118.79,269.72,1.69,175,High Latency,Core network congestion,Check UPF utilization
2026-01-23 19:45:00,Cell_01,-85.9,16.69,122.88,274.84,1.57,163,High Latency,Core network congestion,Check UPF utilization
2026-01-23 19:50:00,Cell_01,-85.97,15.29,126.67,276.32,1.86,176,High Latency,Core network congestion,Check UPF utilization
2026-01-23 19:55:00,Cell_05,-93.23,14.08,125.9,260.85,1.78,168,High Latency,Core network congestion,Check UPF utilization
2026-01-23 19:55:00,Cell_01,-92.25,15.85,127.4,285.66,1.91,175,High Latency,Core network congestion,Check UPF utilization
2026-01-23 20:10:00,Cell_01,-83.66,13.75,119.5,257.89,1.43,167,High Latency,Core network congestion,Check UPF utilization
2026-01-23 20:10:00,Cell_04,-118.32,0.12,168.8,83.62,4.82,119,"Low RSRP, Low SINR, High Latency, High Packet Loss","Poor radio coverage, High interference, Core network congestion, Backhaul issues","Optimize antenna tilt, Review neighboring cell configuration, Check UPF utilization, Inspect transport network"
2026-01-23 20:15:00,Cell_01,-88.62,14.91,126.71,259.43,1.52,168,High Latency,Core network congestion,Check UPF utilization
2026-01-23 20:25:00,Cell_01,-89.53,15.83,127.41,272.94,1.57,174,High Latency,Core network congestion,Check UPF utilization
2026-01-23 20:30:00,Cell_01,-81.28,16.64,98.04,265.01,1.45,159,High Latency,Core network congestion,Check UPF utilization
2026-01-23 20:45:00,Cell_04,-114.54,-1.58,164.47,62.07,6.63,108,"Low RSRP, Low SINR, High Latency, High Packet Loss","Poor radio coverage, High interference, Core network congestion, Backhaul issues","Optimize antenna tilt, Review neighboring cell configuration, Check UPF utilization, Inspect transport network"
2026-01-23 20:50:00,Cell_01,-100.4,9.85,163.09,127.35,3.68,150,"Low SINR, High Latency, High Packet Loss","High interference, Core network congestion, Backhaul issues","Review neighboring cell configuration, Check UPF utilization, Inspect transport network"
2026-01-23 21:45:00,Cell_04,-121.87,2.44,136.67,53.4,6.27,84,"Low RSRP, Low SINR, High Latency, High Packet Loss","Poor radio coverage, High interference, Core network congestion, Backhaul issues","Optimize antenna tilt, Review neighboring cell configuration, Check UPF utilization, Inspect transport network"
2026-01-23 22:35:00,Cell_01,-93.72,9.19,148.73,93.19,5.57,98,"Low SINR, High Latency, High Packet Loss","High interference, Core network congestion, Backhaul issues","Review neighboring cell configuration, Check UPF utilization, Inspect transport network"
2026-01-23 23:00:00,Cell_05,-101.41,6.15,153.32,78.78,5.93,104,"Low SINR, High Latency, High Packet Loss","High interference, Core network congestion, Backhaul issues","Review neighboring cell configuration, Check UPF utilization, Inspect transport network"
2026-01-23 23:40:00,Cell_04,-117.2,0.86,92.2,20.8,3.14,36,"Low RSRP, Low SINR, High Latency, High Packet Loss, Low Throughput","Poor radio coverage, High interference, Core network congestion, Backhaul issues, Heavy traffic load","Optimize antenna tilt, Review neighboring cell configuration, Check UPF utilization, Inspect transport network, Enable load balancing"
2026-01-24 00:20:00,Cell_03,-91.88,13.3,40.48,48.88,0.0,33,Unusual KPI combination,Requires further investigation,Review all network KPIs
2026-01-24 00:20:00,Cell_04,-103.79,7.69,36.03,32.75,0.53,33,"Low SINR, Low Throughput","High interference, Heavy traffic load","Review neighboring cell configuration, Enable load balancing"
2026-01-24 00:35:00,Cell_04,-102.96,8.47,37.84,42.66,0.57,28,Low SINR,High interference,Review neighboring cell configuration
2026-01-24 00:40:00,Cell_04,-100.32,8.44,39.23,29.7,0.62,27,"Low SINR, Low Throughput","High interference, Heavy traffic load","Review neighboring cell configuration, Enable load balancing"
2026-01-24 00:45:00,Cell_04,-101.21,8.2,37.42,43.42,0.0,36,Low SINR,High interference,Review neighboring cell configuration
2026-01-24 00:50:00,Cell_04,-103.18,6.16,44.57,24.91,0.09,27,"Low SINR, Low Throughput","High interference, Heavy traffic load","Review neighboring cell configuration, Enable load balancing"
2026-01-24 01:05:00,Cell_05,-84.22,17.16,38.32,84.86,0.0,47,Unusual KPI combination,Requires further investigation,Review all network KPIs
2026-01-24 01:15:00,Cell_03,-94.24,14.57,39.83,47.16,0.17,28,Unusual KPI combination,Requires further investigation,Review all network KPIs
2026-01-24 01:20:00,Cell_04,-103.55,6.58,38.11,24.57,0.0,23,"Low SINR, Low Throughput","High interference, Heavy traffic load","Review neighboring cell configuration, Enable load balancing"
2026-01-24 01:35:00,Cell_03,-94.14,15.29,34.17,35.47,0.35,27,Low Throughput,Heavy traffic load,Enable load balancing
2026-01-24 01:40:00,Cell_04,-100.64,7.99,37.2,39.91,0.0,32,"Low SINR, Low Throughput","High interference, Heavy traffic load","Review neighboring cell configuration, Enable load balancing"
2026-01-24 01:45:00,Cell_02,-104.46,8.13,82.43,55.91,3.65,46,"Low SINR, High Latency, High Packet Loss","High interference, Core network congestion, Backhaul issues","Review neighboring cell configuration, Check UPF utilization, Inspect transport network"
2026-01-24 01:50:00,Cell_04,-106.73,7.53,44.77,35.11,0.07,32,"Low RSRP, Low SINR, Low Throughput","Poor radio coverage, High interference, Heavy traffic load","Optimize antenna tilt, Review neighboring cell configuration, Enable load balancing"
2026-01-24 01:55:00,Cell_02,-87.92,15.75,36.97,44.33,0.19,27,Unusual KPI combination,Requires further investigation,Review all network KPIs
2026-01-24 01:55:00,Cell_05,-82.22,16.52,43.89,66.42,0.0,46,Unusual KPI combination,Requires further investigation,Review all network KPIs
2026-01-24 02:00:00,Cell_04,-106.25,7.16,39.65,34.2,0.39,28,"Low RSRP, Low SINR, Low Throughput","Poor radio coverage, High interference, Heavy traffic load","Optimize antenna tilt, Review neighboring cell configuration, Enable load balancing"
2026-01-24 02:05:00,Cell_04,-99.74,5.83,37.94,24.0,0.14,31,"Low SINR, Low Throughput","High interference, Heavy traffic load","Review neighboring cell configuration, Enable load balancing"
2026-01-24 02:15:00,Cell_04,-95.7,5.73,42.64,52.53,0.0,40,Low SINR,High interference,Review neighboring cell configuration
2026-01-24 02:25:00,Cell_03,-94.71,11.08,38.63,33.06,0.01,29,Low Throughput,Heavy traffic load,Enable load balancing
2026-01-24 02:55:00,Cell_04,-101.9,10.02,33.19,24.94,0.0,25,Low Throughput,Heavy traffic load,Enable load balancing
2026-01-24 03:15:00,Cell_05,-89.65,17.69,38.31,52.28,0.6,35,Unusual KPI combination,Requires further investigation,Review all network KPIs
2026-01-24 03:20:00,Cell_02,-91.22,16.4,47.2,48.49,0.0,34,Unusual KPI combination,Requires further investigation,Review all network KPIs
2026-01-24 03:20:00,Cell_04,-99.08,8.0,41.28,21.34,0.47,25,"Low SINR, Low Throughput","High interference, Heavy traffic load","Review neighboring cell configuration, Enable load balancing"
2026-01-24 03:20:00,Cell_03,-94.65,10.63,40.8,44.52,0.01,33,Unusual KPI combination,Requires further investigation,Review all network KPIs
2026-01-24 03:35:00,Cell_02,-81.95,14.34,54.15,42.58,0.12,37,Unusual KPI combination,Requires further investigation,Review all network KPIs
2026-01-24 03:35:00,Cell_04,-95.81,9.26,38.14,50.56,0.06,31,Low SINR,High interference,Review neighboring cell configuration
2026-01-24 03:40:00,Cell_01,-83.27,20.11,38.18,78.81,0.22,44,Unusual KPI combination,Requires further investigation,Review all network KPIs
2026-01-24 03:40:00,Cell_04,-100.98,7.33,43.79,33.16,0.0,34,"Low SINR, Low Throughput","High interference, Heavy traffic load","Review neighboring cell configuration, Enable load balancing"
2026-01-24 04:00:00,Cell_02,-89.69,14.91,37.89,38.72,0.0,29,Low Throughput,Heavy traffic load,Enable load balancing
2026-01-24 04:10:00,Cell_04,-102.42,8.86,38.13,37.58,0.36,29,"Low SINR, Low Throughput","High interference, Heavy traffic load","Review neighboring cell configuration, Enable load balancing"
2026-01-24 04:15:00,Cell_04,-102.18,8.47,47.27,33.15,0.0,26,"Low SINR, Low Throughput","High interference, Heavy traffic load","Review neighboring cell configuration, Enable load balancing"
2026-01-24 04:15:00,Cell_05,-82.6,19.31,48.23,78.62,0.0,40,Unusual KPI combination,Requires further investigation,Review all network KPIs
2026-01-24 04:45:00,Cell_04,-102.26,7.97,35.53,33.9,0.15,21,"Low SINR, Low Throughput","High interference, Heavy traffic load","Review neighboring cell configuration, Enable load balancing"
2026-01-24 04:50:00,Cell_04,-109.96,6.1,45.74,41.34,0.11,33,"Low RSRP, Low SINR","Poor radio coverage, High interference","Optimize antenna tilt, Review neighboring cell configuration"
2026-01-24 04:55:00,Cell_03,-97.48,16.72,34.89,43.59,0.31,22,Unusual KPI combination,Requires further investigation,Review all network KPIs
2026-01-24 05:15:00,Cell_01,-82.71,19.87,50.44,111.67,0.0,54,Unusual KPI combination,Requires further investigation,Review all network KPIs
2026-01-24 05:20:00,Cell_04,-105.7,7.49,40.23,30.38,0.24,23,"Low RSRP, Low SINR, Low Throughput","Poor radio coverage, High interference, Heavy traffic load","Optimize antenna tilt, Review neighboring cell configuration, Enable load balancing"
2026-01-24 05:30:00,Cell_04,-100.37,8.0,39.6,26.0,0.47,32,"Low SINR, Low Throughput","High interference, Heavy traffic load","Review neighboring cell configuration, Enable load balancing"
2026-01-24 05:35:00,Cell_04,-98.41,9.42,31.22,21.61,0.07,24,"Low SINR, Low Throughput","High interference, Heavy traffic load","Review neighboring cell configuration, Enable load balancing"
2026-01-24 06:40:00,Cell_03,-112.85,7.63,114.68,55.62,3.95,64,"Low RSRP, Low SINR, High Latency, High Packet Loss","Poor radio coverage, High interference, Core network congestion, Backhaul issues","Optimize antenna tilt, Review neighboring cell configuration, Check UPF utilization, Inspect transport network"
2026-01-24 07:05:00,Cell_04,-107.87,6.97,54.52,39.43,0.09,44,"Low RSRP, Low SINR, Low Throughput","Poor radio coverage, High interference, Heavy traffic load","Optimize antenna tilt, Review neighboring cell configuration, Enable load balancing"
2026-01-24 07:10:00,Cell_02,-108.42,7.28,132.84,65.34,7.47,60,"Low RSRP, Low SINR, High Latency, High Packet Loss","Poor radio coverage, High interference, Core network congestion, Backhaul issues","Optimize antenna tilt, Review neighboring cell configuration, Check UPF utilization, Inspect transport network"
2026-01-24 10:35:00,Cell_01,-96.84,10.97,139.47,129.72,6.61,110,"High Latency, High Packet Loss","Core network congestion, Backhaul issues","Check UPF utilization, Inspect transport network"
2026-01-24 10:35:00,Cell_04,-120.79,-0.69,120.06,57.01,4.62,84,"Low RSRP, Low SINR, High Latency, High Packet Loss","Poor radio coverage, High interference, Core network congestion, Backhaul issues","Optimize antenna tilt, Review neighboring cell configuration, Check UPF utilization, Inspect transport network"
2026-01-24 11:15:00,Cell_02,-97.35,9.21,119.94,95.93,4.73,97,"Low SINR, High Latency, High Packet Loss","High interference, Core network congestion, Backhaul issues","Review neighboring cell configuration, Check UPF utilization, Inspect transport network"
2026-01-24 12:00:00,Cell_05,-97.16,9.03,114.21,101.04,5.01,101,"Low SINR, High Latency, High Packet Loss","High interference, Core network congestion, Backhaul issues","Review neighboring cell configuration, Check UPF utilization, Inspect transport network"
2026-01-24 12:30:00,Cell_04,-108.7,5.63,72.25,68.17,1.21,57,"Low RSRP, Low SINR","Poor radio coverage, High interference","Optimize antenna tilt, Review neighboring cell configuration"
2026-01-24 12:40:00,Cell_01,-96.96,9.01,152.48,113.82,7.29,100,"Low SINR, High Latency, High Packet Loss","High interference, Core network congestion, Backhaul issues","Review neighboring cell configuration, Check UPF utilization, Inspect transport network"
2026-01-24 13:55:00,Cell_01,-92.26,11.67,140.41,74.6,4.28,82,"High Latency, High Packet Loss","Core network congestion, Backhaul issues","Check UPF utilization, Inspect transport network"
2026-01-24 15:10:00,Cell_02,-100.51,10.03,122.83,79.92,2.34,69,High Latency,Core network congestion,Check UPF utilization
2026-01-24 16:05:00,Cell_04,-106.87,2.48,51.92,37.56,0.0,56,"Low RSRP, Low SINR, Low Throughput","Poor radio coverage, High interference, Heavy traffic load","Optimize antenna tilt, Review neighboring cell configuration, Enable load balancing"
2026-01-24 18:25:00,Cell_05,-106.2,5.26,161.98,153.08,3.37,146,"Low RSRP, Low SINR, High Latency, High Packet Loss","Poor radio coverage, High interference, Core network congestion, Backhaul issues","Optimize antenna tilt, Review neighboring cell configuration, Check UPF utilization, Inspect transport network"
2026-01-24 19:10:00,Cell_01,-91.34,18.34,116.9,296.37,1.27,166,High Latency,Core network congestion,Check UPF utilization
2026-01-24 22:20:00,Cell_04,-120.7,1.08,124.08,39.47,2.26,67,"Low RSRP, Low SINR, High Latency, Low Throughput","Poor radio coverage, High interference, Core network congestion, Heavy traffic load","Optimize antenna tilt, Review neighboring cell configuration, Check UPF utilization, Enable load balancing"
2026-01-25 00:00:00,Cell_05,-86.72,19.69,45.07,58.74,0.21,24,Unusual KPI combination,Requires further investigation,Review all network KPIs
2026-01-25 00:10:00,Cell_05,-83.88,17.75,38.12,49.57,0.31,32,Unusual KPI combination,Requires further investigation,Review all network KPIs
2026-01-25 00:15:00,Cell_04,-101.01,8.59,34.54,24.06,0.19,29,"Low SINR, Low Throughput","High interference, Heavy traffic load","Review neighboring cell configuration, Enable load balancing"
2026-01-25 00:20:00,Cell_04,-97.39,7.47,39.74,42.04,0.29,27,Low SINR,High interference,Review neighboring cell configuration
2026-01-25 00:25:00,Cell_04,-105.04,4.73,36.31,31.19,0.47,32,"Low RSRP, Low SINR, Low Throughput","Poor radio coverage, High interference, Heavy traffic load","Optimize antenna tilt, Review neighboring cell configuration, Enable load balancing"
2026-01-25 00:30:00,Cell_04,-100.04,6.94,45.34,27.98,0.0,26,"Low SINR, Low Throughput","High interference, Heavy traffic load","Review neighboring cell configuration, Enable load balancing"
2026-01-25 00:40:00,Cell_05,-86.25,17.66,39.77,44.88,0.61,27,Unusual KPI combination,Requires further investigation,Review all network KPIs
2026-01-25 00:40:00,Cell_04,-100.16,9.49,40.68,25.98,0.52,24,"Low SINR, Low Throughput","High interference, Heavy traffic load","Review neighboring cell configuration, Enable load balancing"
2026-01-25 01:15:00,Cell_04,-104.34,9.45,36.39,31.36,0.33,22,"Low SINR, Low Throughput","High interference, Heavy traffic load","Review neighboring cell configuration, Enable load balancing"
2026-01-25 01:20:00,Cell_02,-91.39,17.88,43.77,64.73,0.0,34,Unusual KPI combination,Requires further investigation,Review all network KPIs
2026-01-25 01:25:00,Cell_04,-100.0,9.42,39.69,33.05,0.22,27,"Low SINR, Low Throughput","High interference, Heavy traffic load","Review neighboring cell configuration, Enable load balancing"
2026-01-25 01:55:00,Cell_01,-80.99,20.03,51.76,66.92,0.07,45,Unusual KPI combination,Requires further investigation,Review all network KPIs
2026-01-25 02:05:00,Cell_04,-104.14,7.79,43.11,43.54,0.0,30,Low SINR,High interference,Review neighboring cell configuration
2026-01-25 02:20:00,Cell_04,-99.05,9.55,32.95,31.56,0.25,24,"Low SINR, Low Throughput","High interference, Heavy traffic load","Review neighboring cell configuration, Enable load balancing"
2026-01-25 02:25:00,Cell_04,-106.11,8.74,39.62,49.94,0.3,31,"Low RSRP, Low SINR","Poor radio coverage, High interference","Optimize antenna tilt, Review neighboring cell configuration"
2026-01-25 02:30:00,Cell_04,-104.61,10.65,36.5,25.8,0.55,28,Low Throughput,Heavy traffic load,Enable load balancing
2026-01-25 02:40:00,Cell_02,-89.23,16.56,42.21,51.21,0.1,39,Unusual KPI combination,Requires further investigation,Review all network KPIs
2026-01-25 02:45:00,Cell_04,-99.17,7.39,40.64,9.7,0.26,24,"Low SINR, Low Throughput","High interference, Heavy traffic load","Review neighboring cell configuration, Enable load balancing"
2026-01-25 03:00:00,Cell_01,-99.21,10.45,125.08,82.16,4.31,70,"High Latency, High Packet Loss","Core network congestion, Backhaul issues","Check UPF utilization, Inspect transport network"
2026-01-25 03:05:00,Cell_01,-77.49,20.23,52.94,82.08,0.04,50,Unusual KPI combination,Requires further investigation,Review all network KPIs
2026-01-25 03:10:00,Cell_04,-98.78,6.47,44.83,29.67,0.72,31,"Low SINR, Low Throughput","High interference, Heavy traffic load","Review neighboring cell configuration, Enable load balancing"
2026-01-25 03:15:00,Cell_05,-82.43,16.43,45.56,48.53,0.26,36,Unusual KPI combination,Requires further investigation,Review all network KPIs
2026-01-25 03:30:00,Cell_04,-104.8,9.68,34.3,28.04,0.3,28,"Low SINR, Low Throughput","High interference, Heavy traffic load","Review neighboring cell configuration, Enable load balancing"
2026-01-25 03:40:00,Cell_04,-102.8,8.61,41.11,33.96,0.77,27,"Low SINR, Low Throughput","High interference, Heavy traffic load","Review neighboring cell configuration, Enable load balancing"
2026-01-25 03:50:00,Cell_04,-100.39,7.93,38.29,33.86,0.9,30,"Low SINR, Low Throughput","High interference, Heavy traffic load","Review neighboring cell configuration, Enable load balancing"
2026-01-25 04:00:00,Cell_04,-106.4,8.12,47.21,30.81,0.27,32,"Low RSRP, Low SINR, Low Throughput","Poor radio coverage, High interference, Heavy traffic load","Optimize antenna tilt, Review neighboring cell configuration, Enable load balancing"
2026-01-25 04:10:00,Cell_01,-80.85,20.15,49.67,102.03,0.11,53,Unusual KPI combination,Requires further investigation,Review all network KPIs
2026-01-25 04:10:00,Cell_04,-105.07,8.34,39.94,29.09,0.47,31,"Low RSRP, Low SINR, Low Throughput","Poor radio coverage, High interference, Heavy traffic load","Optimize antenna tilt, Review neighboring cell configuration, Enable load balancing"
2026-01-25 04:30:00,Cell_04,-103.39,8.77,43.27,38.33,0.05,28,"Low SINR, Low Throughput","High interference, Heavy traffic load","Review neighboring cell configuration, Enable load balancing"
2026-01-25 04:35:00,Cell_02,-101.58,12.91,103.9,35.98,5.98,42,"High Latency, High Packet Loss, Low Throughput","Core network congestion, Backhaul issues, Heavy traffic load","Check UPF utilization, Inspect transport network, Enable load balancing"
2026-01-25 05:00:00,Cell_04,-101.89,6.26,38.2,39.54,0.46,33,"Low SINR, Low Throughput","High interference, Heavy traffic load","Review neighboring cell configuration, Enable load balancing"
2026-01-25 05:05:00,Cell_04,-107.39,7.96,43.36,31.51,0.16,38,"Low RSRP, Low SINR, Low Throughput","Poor radio coverage, High interference, Heavy traffic load","Optimize antenna tilt, Review neighboring cell configuration, Enable load balancing"
2026-01-25 05:10:00,Cell_04,-100.17,7.25,40.68,30.81,0.38,33,"Low SINR, Low Throughput","High interference, Heavy traffic load","Review neighboring cell configuration, Enable load balancing"
2026-01-25 05:10:00,Cell_01,-83.19,20.38,52.56,118.11,0.0,60,Unusual KPI combination,Requires further investigation,Review all network KPIs
2026-01-25 05:15:00,Cell_04,-102.99,5.59,44.76,38.09,0.0,37,"Low SINR, Low Throughput","High interference, Heavy traffic load","Review neighboring cell configuration, Enable load balancing"
2026-01-25 05:25:00,Cell_04,-105.18,10.41,38.51,41.72,0.46,30,Low RSRP,Poor radio coverage,Optimize antenna tilt
2026-01-25 05:35:00,Cell_04,-106.2,5.77,39.81,45.21,0.63,45,"Low RSRP, Low SINR","Poor radio coverage, High interference","Optimize antenna tilt, Review neighboring cell configuration"
2026-01-25 05:55:00,Cell_04,-97.87,11.88,31.77,42.43,0.29,33,Unusual KPI combination,Requires further investigation,Review all network KPIs
2026-01-25 06:50:00,Cell_04,-108.56,8.05,50.49,36.4,0.75,35,"Low RSRP, Low SINR, Low Throughput","Poor radio coverage, High interference, Heavy traffic load","Optimize antenna tilt, Review neighboring cell configuration, Enable load balancing"
2026-01-25 08:40:00,Cell_03,-112.43,7.65,123.02,99.82,2.68,90,"Low RSRP, Low SINR, High Latency","Poor radio coverage, High interference, Core network congestion","Optimize antenna tilt, Review neighboring cell configuration, Check UPF utilization"
2026-01-25 09:15:00,Cell_01,-93.53,17.02,148.57,151.45,3.94,115,"High Latency, High Packet Loss","Core network congestion, Backhaul issues","Check UPF utilization, Inspect transport network"
2026-01-25 12:20:00,Cell_04,-114.45,3.37,108.86,47.36,6.51,61,"Low RSRP, Low SINR, High Latency, High Packet Loss","Poor radio coverage, High interference, Core network congestion, Backhaul issues","Optimize antenna tilt, Review neighboring cell configuration, Check UPF utilization, Inspect transport network"
2026-01-25 13:50:00,Cell_05,-100.8,10.31,100.48,52.9,5.11,64,"High Latency, High Packet Loss","Core network congestion, Backhaul issues","Check UPF utilization, Inspect transport network"
2026-01-25 14:00:00,Cell_04,-100.43,4.84,39.09,37.86,0.21,43,"Low SINR, Low Throughput","High interference, Heavy traffic load","Review neighboring cell configuration, Enable load balancing"
2026-01-25 15:50:00,Cell_01,-88.02,21.66,69.21,175.58,0.0,94,Unusual KPI combination,Requires further investigation,Review all network KPIs
2026-01-25 17:30:00,Cell_02,-100.1,12.58,161.51,104.88,7.02,106,"High Latency, High Packet Loss","Core network congestion, Backhaul issues","Check UPF utilization, Inspect transport network"
2026-01-25 19:10:00,Cell_01,-104.6,9.99,186.36,151.83,4.83,143,"Low SINR, High Latency, High Packet Loss","High interference, Core network congestion, Backhaul issues","Review neighboring cell configuration, Check UPF utilization, Inspect transport network"
2026-01-25 19:35:00,Cell_01,-84.09,17.9,114.85,259.59,1.65,145,High Latency,Core network congestion,Check UPF utilization
2026-01-25 21:55:00,Cell_05,-101.68,11.17,130.53,102.6,4.59,98,"High Latency, High Packet Loss","Core network congestion, Backhaul issues","Check UPF utilization, Inspect transport network"
2026-01-25 22:45:00,Cell_02,-106.52,8.7,99.66,74.13,3.16,83,"Low RSRP, Low SINR, High Latency, High Packet Loss","Poor radio coverage, High interference, Core network congestion, Backhaul issues","Optimize antenna tilt, Review neighboring cell configuration, Check UPF utilization, Inspect transport network"
2026-01-26 00:35:00,Cell_04,-107.61,6.57,40.11,30.09,0.38,28,"Low RSRP, Low SINR, Low Throughput","Poor radio coverage, High interference, Heavy traffic load","Optimize antenna tilt, Review neighboring cell configuration, Enable load balancing"
2026-01-26 00:35:00,Cell_01,-96.97,13.51,106.7,59.64,6.96,55,"High Latency, High Packet Loss","Core network congestion, Backhaul issues","Check UPF utilization, Inspect transport network"
2026-01-26 00:40:00,Cell_04,-100.71,7.16,51.59,28.16,0.0,33,"Low SINR, Low Throughput","High interference, Heavy traffic load","Review neighboring cell configuration, Enable load balancing"
2026-01-26 00:45:00,Cell_04,-106.05,6.81,35.63,33.58,0.12,27,"Low RSRP, Low SINR, Low Throughput","Poor radio coverage, High interference, Heavy traffic load","Optimize antenna tilt, Review neighboring cell configuration, Enable load balancing"
2026-01-26 00:50:00,Cell_03,-98.08,16.38,36.93,60.73,0.82,38,Unusual KPI combination,Requires further investigation,Review all network KPIs
2026-01-26 01:05:00,Cell_05,-97.97,15.23,95.49,76.05,5.19,66,"High Latency, High Packet Loss","Core network congestion, Backhaul issues","Check UPF utilization, Inspect transport network"
2026-01-26 01:35:00,Cell_04,-107.48,7.9,36.48,30.81,0.23,35,"Low RSRP, Low SINR, Low Throughput","Poor radio coverage, High interference, Heavy traffic load","Optimize antenna tilt, Review neighboring cell configuration, Enable load balancing"
2026-01-26 02:05:00,Cell_04,-100.96,8.26,42.32,34.96,0.0,29,"Low SINR, Low Throughput","High interference, Heavy traffic load","Review neighboring cell configuration, Enable load balancing"
2026-01-26 02:20:00,Cell_04,-104.27,8.78,42.26,33.33,0.0,25,"Low SINR, Low Throughput","High interference, Heavy traffic load","Review neighboring cell configuration, Enable load balancing"
2026-01-26 03:00:00,Cell_04,-104.42,4.53,42.77,32.0,0.0,40,"Low SINR, Low Throughput","High interference, Heavy traffic load","Review neighboring cell configuration, Enable load balancing"
2026-01-26 04:25:00,Cell_02,-104.29,7.65,109.77,48.64,3.21,59,"Low SINR, High Latency, High Packet Loss","High interference, Core network congestion, Backhaul issues","Review neighboring cell configuration, Check UPF utilization, Inspect transport network"
2026-01-26 05:05:00,Cell_04,-98.95,5.55,38.77,36.13,0.11,45,"Low SINR, Low Throughput","High interference, Heavy traffic load","Review neighboring cell configuration, Enable load balancing"
2026-01-26 07:45:00,Cell_05,-112.08,9.45,118.15,93.53,5.14,102,"Low RSRP, Low SINR, High Latency, High Packet Loss","Poor radio coverage, High interference, Core network congestion, Backhaul issues","Optimize antenna tilt, Review neighboring cell configuration, Check UPF utilization, Inspect transport network"
2026-01-26 08:20:00,Cell_04,-117.31,0.62,118.7,56.67,6.16,82,"Low RSRP, Low SINR, High Latency, High Packet Loss","Poor radio coverage, High interference, Core network congestion, Backhaul issues","Optimize antenna tilt, Review neighboring cell configuration, Check UPF utilization, Inspect transport network"
2026-01-26 08:30:00,Cell_03,-119.01,4.46,157.74,69.54,6.52,123,"Low RSRP, Low SINR, High Latency, High Packet Loss","Poor radio coverage, High interference, Core network congestion, Backhaul issues","Optimize antenna tilt, Review neighboring cell configuration, Check UPF utilization, Inspect transport network"
2026-01-26 09:10:00,Cell_03,-105.74,3.97,123.98,87.62,3.54,117,"Low RSRP, Low SINR, High Latency, High Packet Loss","Poor radio coverage, High interference, Core network congestion, Backhaul issues","Optimize antenna tilt, Review neighboring cell configuration, Check UPF utilization, Inspect transport network"
2026-01-26 09:40:00,Cell_01,-84.98,16.63,112.86,268.29,1.66,154,High Latency,Core network congestion,Check UPF utilization
2026-01-26 10:25:00,Cell_01,-81.93,16.19,104.38,257.66,1.81,148,High Latency,Core network congestion,Check UPF utilization
2026-01-26 11:30:00,Cell_04,-106.99,1.6,134.91,57.0,5.8,81,"Low RSRP, Low SINR, High Latency, High Packet Loss","Poor radio coverage, High interference, Core network congestion, Backhaul issues","Optimize antenna tilt, Review neighboring cell configuration, Check UPF utilization, Inspect transport network"
2026-01-26 11:50:00,Cell_01,-96.9,11.34,148.83,120.13,6.83,128,"High Latency, High Packet Loss","Core network congestion, Backhaul issues","Check UPF utilization, Inspect transport network"
2026-01-26 12:15:00,Cell_03,-109.04,4.36,140.69,82.19,5.28,98,"Low RSRP, Low SINR, High Latency, High Packet Loss","Poor radio coverage, High interference, Core network congestion, Backhaul issues","Optimize antenna tilt, Review neighboring cell configuration, Check UPF utilization, Inspect transport network"
2026-01-26 12:40:00,Cell_05,-100.98,7.99,145.72,115.33,3.85,105,"Low SINR, High Latency, High Packet Loss","High interference, Core network congestion, Backhaul issues","Review neighboring cell configuration, Check UPF utilization, Inspect transport network"
2026-01-26 15:05:00,Cell_02,-102.76,10.05,144.22,84.21,5.04,81,"High Latency, High Packet Loss","Core network congestion, Backhaul issues","Check UPF utilization, Inspect transport network"
2026-01-26 17:20:00,Cell_01,-85.46,16.83,115.11,285.43,1.64,166,High Latency,Core network congestion,Check UPF utilization
2026-01-26 17:35:00,Cell_02,-95.37,9.49,116.98,179.33,1.48,148,"Low SINR, High Latency","High interference, Core network congestion","Review neighboring cell configuration, Check UPF utilization"
2026-01-26 17:50:00,Cell_04,-107.84,5.62,99.17,122.8,0.79,123,"Low RSRP, Low SINR, High Latency","Poor radio coverage, High interference, Core network congestion","Optimize antenna tilt, Review neighboring cell configuration, Check UPF utilization"
2026-01-26 17:50:00,Cell_05,-84.59,12.09,126.18,234.06,1.78,166,High Latency,Core network congestion,Check UPF utilization
2026-01-26 18:05:00,Cell_01,-88.65,15.82,120.5,259.76,1.6,168,High Latency,Core network congestion,Check UPF utilization
2026-01-26 18:05:00,Cell_04,-109.31,7.48,97.48,151.76,1.17,129,"Low RSRP, Low SINR, High Latency","Poor radio coverage, High interference, Core network congestion","Optimize antenna tilt, Review neighboring cell configuration, Check UPF utilization"
2026-01-26 18:10:00,Cell_05,-94.89,14.65,125.46,264.65,1.4,167,High Latency,Core network congestion,Check UPF utilization
2026-01-26 18:15:00,Cell_01,-88.12,14.15,124.06,295.03,1.2,183,High Latency,Core network congestion,Check UPF utilization
2026-01-26 18:25:00,Cell_01,-90.29,15.54,121.15,297.96,1.46,182,High Latency,Core network congestion,Check UPF utilization
2026-01-26 18:30:00,Cell_01,-91.57,15.12,132.71,308.12,1.67,187,High Latency,Core network congestion,Check UPF utilization
2026-01-26 18:35:00,Cell_01,-87.13,17.4,117.64,319.81,1.07,181,High Latency,Core network congestion,Check UPF utilization
2026-01-26 18:35:00,Cell_03,-100.34,8.81,108.63,185.31,1.66,147,"Low SINR, High Latency","High interference, Core network congestion","Review neighboring cell configuration, Check UPF utilization"
2026-01-26 18:40:00,Cell_02,-93.13,14.49,121.31,267.8,2.11,168,High Latency,Core network congestion,Check UPF utilization
2026-01-26 18:40:00,Cell_05,-93.55,13.24,119.09,247.52,2.01,179,High Latency,Core network congestion,Check UPF utilization
2026-01-26 18:45:00,Cell_01,-83.36,17.59,110.77,302.26,1.26,175,High Latency,Core network congestion,Check UPF utilization
2026-01-26 18:45:00,Cell_05,-90.03,14.48,130.37,279.98,1.61,183,High Latency,Core network congestion,Check UPF utilization
2026-01-26 18:50:00,Cell_01,-88.79,14.59,126.95,291.16,1.71,182,High Latency,Core network congestion,Check UPF utilization
2026-01-26 18:50:00,Cell_05,-90.71,14.77,129.97,276.76,1.77,175,High Latency,Core network congestion,Check UPF utilization
2026-01-26 18:55:00,Cell_01,-87.45,13.1,124.77,268.52,1.59,187,High Latency,Core network congestion,Check UPF utilization
2026-01-26 18:55:00,Cell_05,-89.34,15.28,125.96,276.61,1.77,169,High Latency,Core network congestion,Check UPF utilization
2026-01-26 18:55:00,Cell_03,-98.25,9.02,115.8,197.4,1.49,154,"Low SINR, High Latency","High interference, Core network congestion","Review neighboring cell configuration, Check UPF utilization"
2026-01-26 18:55:00,Cell_04,-112.53,6.9,100.15,150.39,0.98,135,"Low RSRP, Low SINR, High Latency","Poor radio coverage, High interference, Core network congestion","Optimize antenna tilt, Review neighboring cell configuration, Check UPF utilization"
2026-01-26 18:55:00,Cell_02,-94.77,11.13,121.62,248.53,1.31,171,High Latency,Core network congestion,Check UPF utilization
2026-01-26 19:00:00,Cell_01,-87.81,15.92,129.59,305.0,1.54,194,High Latency,Core network congestion,Check UPF utilization
2026-01-26 19:00:00,Cell_02,-94.35,11.34,120.51,221.23,1.66,167,High Latency,Core network congestion,Check UPF utilization
2026-01-26 19:05:00,Cell_01,-89.57,12.75,132.22,275.04,1.8,184,High Latency,Core network congestion,Check UPF utilization
2026-01-26 19:05:00,Cell_05,-94.2,12.53,120.38,263.53,1.49,173,High Latency,Core network congestion,Check UPF utilization
2026-01-26 19:10:00,Cell_01,-90.15,17.17,130.21,288.83,1.93,173,High Latency,Core network congestion,Check UPF utilization
2026-01-26 19:10:00,Cell_05,-88.86,15.28,126.93,296.25,2.04,176,High Latency,Core network congestion,Check UPF utilization
2026-01-26 19:15:00,Cell_01,-85.74,14.45,131.78,299.23,1.7,198,High Latency,Core network congestion,Check UPF utilization
2026-01-26 19:15:00,Cell_05,-96.61,11.06,129.84,254.63,1.57,185,High Latency,Core network congestion,Check UPF utilization
2026-01-26 19:20:00,Cell_01,-87.4,16.97,119.43,304.31,1.65,171,High Latency,Core network congestion,Check UPF utilization
2026-01-26 19:25:00,Cell_01,-90.96,15.83,124.99,299.44,1.23,184,High Latency,Core network congestion,Check UPF utilization
2026-01-26 19:30:00,Cell_05,-91.25,15.31,129.06,284.93,1.88,176,High Latency,Core network congestion,Check UPF utilization
2026-01-26 19:30:00,Cell_01,-89.44,17.41,115.14,289.06,1.58,170,High Latency,Core network congestion,Check UPF utilization
2026-01-26 19:35:00,Cell_02,-94.02,13.25,116.32,246.72,1.89,164,High Latency,Core network congestion,Check UPF utilization
2026-01-26 19:35:00,Cell_04,-107.73,4.08,97.13,115.24,1.2,126,"Low RSRP, Low SINR, High Latency","Poor radio coverage, High interference, Core network congestion","Optimize antenna tilt, Review neighboring cell configuration, Check UPF utilization"
2026-01-26 19:35:00,Cell_01,-86.16,12.44,133.48,281.7,2.17,191,High Latency,Core network congestion,Check UPF utilization
2026-01-26 19:40:00,Cell_05,-90.16,14.57,121.62,242.52,2.19,164,High Latency,Core network congestion,Check UPF utilization
2026-01-26 19:40:00,Cell_01,-89.29,15.83,118.78,289.77,1.71,183,High Latency,Core network congestion,Check UPF utilization
2026-01-26 19:50:00,Cell_01,-87.33,16.78,124.71,298.29,1.53,174,High Latency,Core network congestion,Check UPF utilization
2026-01-26 19:55:00,Cell_05,-91.88,13.75,125.29,271.53,1.86,176,High Latency,Core network congestion,Check UPF utilization
2026-01-26 20:00:00,Cell_01,-87.1,14.21,117.79,277.62,1.72,172,High Latency,Core network congestion,Check UPF utilization
2026-01-26 20:05:00,Cell_02,-97.26,14.38,118.3,230.12,1.94,152,High Latency,Core network congestion,Check UPF utilization
2026-01-26 20:10:00,Cell_05,-92.35,18.42,120.2,274.39,1.56,160,High Latency,Core network congestion,Check UPF utilization
2026-01-26 20:30:00,Cell_01,-82.05,17.8,117.34,256.22,1.64,153,High Latency,Core network congestion,Check UPF utilization
2026-01-26 20:30:00,Cell_03,-114.75,7.29,131.38,90.94,4.81,126,"Low RSRP, Low SINR, High Latency, High Packet Loss","Poor radio coverage, High interference, Core network congestion, Backhaul issues","Optimize antenna tilt, Review neighboring cell configuration, Check UPF utilization, Inspect transport network"
2026-01-26 21:30:00,Cell_01,-84.5,20.55,111.03,270.02,1.39,141,High Latency,Core network congestion,Check UPF utilization
2026-01-26 22:25:00,Cell_03,-109.07,5.61,116.16,61.81,5.6,97,"Low RSRP, Low SINR, High Latency, High Packet Loss","Poor radio coverage, High interference, Core network congestion, Backhaul issues","Optimize antenna tilt, Review neighboring cell configuration, Check UPF utilization, Inspect transport network"
2026-01-26 23:00:00,Cell_05,-103.32,9.25,120.49,71.71,7.49,86,"Low SINR, High Latency, High Packet Loss","High interference, Core network congestion, Backhaul issues","Review neighboring cell configuration, Check UPF utilization, Inspect transport network"
2026-01-26 23:15:00,Cell_04,-107.05,5.47,57.21,63.12,1.12,59,"Low RSRP, Low SINR","Poor radio coverage, High interference","Optimize antenna tilt, Review neighboring cell configuration"
2026-01-27 00:00:00,Cell_05,-87.1,19.98,44.15,86.97,0.08,45,Unusual KPI combination,Requires further investigation,Review all network KPIs
2026-01-27 00:05:00,Cell_05,-102.76,12.72,124.17,66.55,4.62,60,"High Latency, High Packet Loss","Core network congestion, Backhaul issues","Check UPF utilization, Inspect transport network"
2026-01-27 00:25:00,Cell_04,-101.13,8.56,32.42,55.54,0.0,37,Low SINR,High interference,Review neighboring cell configuration
2026-01-27 00:35:00,Cell_04,-111.2,5.96,43.5,25.56,0.38,34,"Low RSRP, Low SINR, Low Throughput","Poor radio coverage, High interference, Heavy traffic load","Optimize antenna tilt, Review neighboring cell configuration, Enable load balancing"
2026-01-27 00:45:00,Cell_04,-104.16,9.6,37.76,42.77,0.38,27,Low SINR,High interference,Review neighboring cell configuration
2026-01-27 00:50:00,Cell_04,-103.35,7.14,37.93,40.88,0.0,34,Low SINR,High interference,Review neighboring cell configuration
2026-01-27 00:55:00,Cell_03,-92.3,13.01,36.66,46.73,0.15,34,Unusual KPI combination,Requires further investigation,Review all network KPIs
2026-01-27 01:10:00,Cell_03,-114.31,7.6,112.86,61.21,6.4,57,"Low RSRP, Low SINR, High Latency, High Packet Loss","Poor radio coverage, High interference, Core network congestion, Backhaul issues","Optimize antenna tilt, Review neighboring cell configuration, Check UPF utilization, Inspect transport network"
2026-01-27 01:10:00,Cell_04,-101.63,7.43,42.13,28.83,0.29,26,"Low SINR, Low Throughput","High interference, Heavy traffic load","Review neighboring cell configuration, Enable load balancing"
2026-01-27 01:35:00,Cell_04,-105.27,8.25,40.14,46.33,0.09,32,"Low RSRP, Low SINR","Poor radio coverage, High interference","Optimize antenna tilt, Review neighboring cell configuration"
2026-01-27 01:45:00,Cell_04,-100.61,6.04,40.29,27.86,0.66,36,"Low SINR, Low Throughput","High interference, Heavy traffic load","Review neighboring cell configuration, Enable load balancing"
2026-01-27 01:55:00,Cell_04,-104.7,8.63,38.85,36.22,0.16,27,"Low SINR, Low Throughput","High interference, Heavy traffic load","Review neighboring cell configuration, Enable load balancing"
2026-01-27 02:00:00,Cell_04,-100.79,9.05,36.06,25.52,0.22,30,"Low SINR, Low Throughput","High interference, Heavy traffic load","Review neighboring cell configuration, Enable load balancing"
2026-01-27 02:00:00,Cell_01,-104.58,11.64,112.62,66.04,3.97,73,"High Latency, High Packet Loss","Core network congestion, Backhaul issues","Check UPF utilization, Inspect transport network"
2026-01-27 02:50:00,Cell_04,-108.36,6.24,52.74,43.06,0.0,42,"Low RSRP, Low SINR","Poor radio coverage, High interference","Optimize antenna tilt, Review neighboring cell configuration"
2026-01-27 03:25:00,Cell_05,-102.95,10.42,98.41,65.27,5.37,63,"High Latency, High Packet Loss","Core network congestion, Backhaul issues","Check UPF utilization, Inspect transport network"
2026-01-27 03:40:00,Cell_04,-104.86,6.22,40.43,32.08,0.14,39,"Low SINR, Low Throughput","High interference, Heavy traffic load","Review neighboring cell configuration, Enable load balancing"
2026-01-27 03:45:00,Cell_04,-100.03,10.98,39.19,58.49,0.0,36,Unusual KPI combination,Requires further investigation,Review all network KPIs
2026-01-27 03:50:00,Cell_02,-109.12,8.07,132.63,65.15,4.67,64,"Low RSRP, Low SINR, High Latency, High Packet Loss","Poor radio coverage, High interference, Core network congestion, Backhaul issues","Optimize antenna tilt, Review neighboring cell configuration, Check UPF utilization, Inspect transport network"
2026-01-27 04:10:00,Cell_04,-116.69,4.14,115.82,29.81,4.72,33,"Low RSRP, Low SINR, High Latency, High Packet Loss, Low Throughput","Poor radio coverage, High interference, Core network congestion, Backhaul issues, Heavy traffic load","Optimize antenna tilt, Review neighboring cell configuration, Check UPF utilization, Inspect transport network, Enable load balancing"
2026-01-27 06:40:00,Cell_02,-107.91,10.84,110.16,94.05,5.99,83,"Low RSRP, High Latency, High Packet Loss","Poor radio coverage, Core network congestion, Backhaul issues","Optimize antenna tilt, Check UPF utilization, Inspect transport network"
2026-01-27 07:45:00,Cell_03,-109.97,3.41,157.45,98.68,3.39,102,"Low RSRP, Low SINR, High Latency, High Packet Loss","Poor radio coverage, High interference, Core network congestion, Backhaul issues","Optimize antenna tilt, Review neighboring cell configuration, Check UPF utilization, Inspect transport network"
2026-01-27 12:20:00,Cell_02,-100.5,12.23,140.55,102.44,7.8,103,"High Latency, High Packet Loss","Core network congestion, Backhaul issues","Check UPF utilization, Inspect transport network"
2026-01-27 12:50:00,Cell_02,-101.8,8.76,137.77,87.6,4.33,98,"Low SINR, High Latency, High Packet Loss","High interference, Core network congestion, Backhaul issues","Review neighboring cell configuration, Check UPF utilization, Inspect transport network"
2026-01-27 16:10:00,Cell_04,-117.11,0.8,110.96,45.21,3.47,80,"Low RSRP, Low SINR, High Latency, High Packet Loss","Poor radio coverage, High interference, Core network congestion, Backhaul issues","Optimize antenna tilt, Review neighboring cell configuration, Check UPF utilization, Inspect transport network"
2026-01-27 16:55:00,Cell_05,-106.16,4.57,161.95,120.83,6.42,136,"Low RSRP, Low SINR, High Latency, High Packet Loss","Poor radio coverage, High interference, Core network congestion, Backhaul issues","Optimize antenna tilt, Review neighboring cell configuration, Check UPF utilization, Inspect transport network"
2026-01-27 17:10:00,Cell_04,-114.41,-2.61,157.98,50.63,6.86,101,"Low RSRP, Low SINR, High Latency, High Packet Loss","Poor radio coverage, High interference, Core network congestion, Backhaul issues","Optimize antenna tilt, Review neighboring cell configuration, Check UPF utilization, Inspect transport network"
2026-01-27 17:35:00,Cell_01,-83.37,15.68,127.74,290.6,1.65,173,High Latency,Core network congestion,Check UPF utilization
2026-01-27 17:50:00,Cell_01,-87.54,17.24,116.66,284.43,1.68,171,High Latency,Core network congestion,Check UPF utilization
2026-01-27 17:55:00,Cell_01,-82.66,15.39,113.54,269.02,1.32,170,High Latency,Core network congestion,Check UPF utilization
2026-01-27 18:00:00,Cell_01,-84.51,16.16,123.85,268.74,1.61,174,High Latency,Core network congestion,Check UPF utilization
2026-01-27 18:05:00,Cell_04,-110.39,4.89,90.48,139.07,1.33,134,"Low RSRP, Low SINR, High Latency","Poor radio coverage, High interference, Core network congestion","Optimize antenna tilt, Review neighboring cell configuration, Check UPF utilization"
2026-01-27 18:05:00,Cell_01,-88.99,16.31,116.41,289.5,1.3,180,High Latency,Core network congestion,Check UPF utilization
2026-01-27 18:10:00,Cell_05,-93.49,14.08,119.39,273.83,1.49,171,High Latency,Core network congestion,Check UPF utilization
2026-01-27 18:10:00,Cell_01,-90.94,17.68,121.91,298.93,1.55,177,High Latency,Core network congestion,Check UPF utilization
2026-01-27 18:15:00,Cell_01,-82.57,14.71,122.48,281.43,1.8,178,High Latency,Core network congestion,Check UPF utilization
2026-01-27 18:20:00,Cell_01,-91.93,14.94,120.11,271.85,1.31,177,High Latency,Core network congestion,Check UPF utilization
2026-01-27 18:30:00,Cell_04,-108.73,4.53,93.64,124.93,0.96,124,"Low RSRP, Low SINR, High Latency","Poor radio coverage, High interference, Core network congestion","Optimize antenna tilt, Review neighboring cell configuration, Check UPF utilization"
2026-01-27 18:30:00,Cell_01,-94.65,19.06,123.95,324.4,1.45,177,High Latency,Core network congestion,Check UPF utilization
2026-01-27 18:35:00,Cell_03,-97.63,9.52,119.48,181.07,1.33,148,"Low SINR, High Latency","High interference, Core network congestion","Review neighboring cell configuration, Check UPF utilization"
2026-01-27 18:35:00,Cell_01,-86.69,13.42,114.4,242.58,1.79,169,High Latency,Core network congestion,Check UPF utilization
2026-01-27 18:40:00,Cell_04,-111.18,6.07,90.77,113.42,0.89,114,"Low RSRP, Low SINR, High Latency","Poor radio coverage, High interference, Core network congestion","Optimize antenna tilt, Review neighboring cell configuration, Check UPF utilization"
2026-01-27 18:40:00,Cell_01,-93.49,15.51,127.05,305.59,1.12,181,High Latency,Core network congestion,Check UPF utilization
2026-01-27 18:45:00,Cell_01,-85.09,15.46,121.12,271.64,1.36,176,High Latency,Core network congestion,Check UPF utilization
2026-01-27 18:50:00,Cell_02,-93.22,16.54,115.11,292.53,1.47,166,High Latency,Core network congestion,Check UPF utilization
2026-01-27 18:50:00,Cell_04,-106.69,5.9,96.33,149.29,1.38,126,"Low RSRP, Low SINR, High Latency","Poor radio coverage, High interference, Core network congestion","Optimize antenna tilt, Review neighboring cell configuration, Check UPF utilization"
2026-01-27 18:50:00,Cell_01,-88.22,16.08,121.5,300.69,1.16,178,High Latency,Core network congestion,Check UPF utilization
2026-01-27 18:55:00,Cell_01,-85.23,15.53,122.27,287.63,1.55,179,High Latency,Core network congestion,Check UPF utilization
2026-01-27 18:55:00,Cell_04,-105.11,3.15,94.94,96.58,1.6,121,"Low RSRP, Low SINR, High Latency","Poor radio coverage, High interference, Core network congestion","Optimize antenna tilt, Review neighboring cell configuration, Check UPF utilization"
2026-01-27 19:00:00,Cell_01,-88.92,15.58,115.64,283.76,1.0,179,High Latency,Core network congestion,Check UPF utilization
2026-01-27 19:00:00,Cell_04,-107.2,6.93,99.29,165.06,1.26,134,"Low RSRP, Low SINR, High Latency","Poor radio coverage, High interference, Core network congestion","Optimize antenna tilt, Review neighboring cell configuration, Check UPF utilization"
2026-01-27 19:00:00,Cell_05,-90.17,15.41,122.57,289.77,1.59,178,High Latency,Core network congestion,Check UPF utilization
2026-01-27 19:05:00,Cell_01,-85.66,13.74,129.06,283.22,1.49,188,High Latency,Core network congestion,Check UPF utilization
2026-01-27 19:05:00,Cell_03,-97.82,7.57,108.07,166.44,1.44,142,"Low SINR, High Latency","High interference, Core network congestion","Review neighboring cell configuration, Check UPF utilization"
2026-01-27 19:05:00,Cell_02,-92.83,10.33,117.62,211.16,1.14,160,High Latency,Core network congestion,Check UPF utilization
2026-01-27 19:05:00,Cell_05,-88.42,14.45,131.71,265.12,1.95,176,High Latency,Core network congestion,Check UPF utilization
2026-01-27 19:10:00,Cell_05,-89.51,16.2,116.78,279.47,1.62,172,High Latency,Core network congestion,Check UPF utilization
2026-01-27 19:10:00,Cell_01,-87.57,15.47,133.53,285.25,1.9,185,High Latency,Core network congestion,Check UPF utilization
2026-01-27 19:15:00,Cell_01,-89.72,16.34,129.32,297.29,1.49,174,High Latency,Core network congestion,Check UPF utilization
2026-01-27 19:15:00,Cell_05,-96.68,12.63,124.65,246.28,2.0,170,High Latency,Core network congestion,Check UPF utilization
2026-01-27 19:20:00,Cell_05,-93.74,13.07,121.54,251.09,0.89,178,High Latency,Core network congestion,Check UPF utilization
2026-01-27 19:20:00,Cell_04,-104.63,4.64,94.89,140.8,1.16,135,"Low SINR, High Latency","High interference, Core network congestion","Review neighboring cell configuration, Check UPF utilization"
2026-01-27 19:25:00,Cell_05,-107.64,7.01,174.58,186.33,7.92,175,"Low RSRP, Low SINR, High Latency, High Packet Loss","Poor radio coverage, High interference, Core network congestion, Backhaul issues","Optimize antenna tilt, Review neighboring cell configuration, Check UPF utilization, Inspect transport network"
2026-01-27 19:25:00,Cell_01,-92.43,17.21,125.92,303.2,1.63,181,High Latency,Core network congestion,Check UPF utilization
2026-01-27 19:30:00,Cell_01,-90.89,15.29,126.85,301.26,1.66,187,High Latency,Core network congestion,Check UPF utilization
2026-01-27 19:30:00,Cell_03,-102.83,7.46,104.49,185.0,1.01,156,"Low SINR, High Latency","High interference, Core network congestion","Review neighboring cell configuration, Check UPF utilization"
2026-01-27 19:35:00,Cell_01,-86.42,15.38,113.12,288.97,1.71,173,High Latency,Core network congestion,Check UPF utilization
2026-01-27 19:40:00,Cell_01,-87.56,16.44,132.9,314.75,1.91,190,High Latency,Core network congestion,Check UPF utilization
2026-01-27 19:45:00,Cell_01,-96.7,14.6,126.51,281.15,1.87,180,High Latency,Core network congestion,Check UPF utilization
2026-01-27 19:45:00,Cell_03,-105.48,11.62,118.56,209.05,1.41,156,"Low RSRP, High Latency","Poor radio coverage, Core network congestion","Optimize antenna tilt, Check UPF utilization"
2026-01-27 19:50:00,Cell_01,-85.77,17.36,117.73,297.39,2.11,170,High Latency,Core network congestion,Check UPF utilization
2026-01-27 19:55:00,Cell_01,-83.97,17.81,115.64,306.63,1.46,173,High Latency,Core network congestion,Check UPF utilization
2026-01-27 20:00:00,Cell_05,-93.73,13.08,122.05,255.01,1.3,175,High Latency,Core network congestion,Check UPF utilization
2026-01-27 20:00:00,Cell_01,-81.07,14.56,122.13,293.67,1.52,184,High Latency,Core network congestion,Check UPF utilization
2026-01-27 20:05:00,Cell_01,-87.71,15.91,125.88,294.5,1.72,180,High Latency,Core network congestion,Check UPF utilization
2026-01-27 20:10:00,Cell_04,-121.42,1.73,148.9,84.56,4.53,110,"Low RSRP, Low SINR, High Latency, High Packet Loss","Poor radio coverage, High interference, Core network congestion, Backhaul issues","Optimize antenna tilt, Review neighboring cell configuration, Check UPF utilization, Inspect transport network"
2026-01-27 20:20:00,Cell_01,-88.73,17.77,116.29,285.82,1.66,169,High Latency,Core network congestion,Check UPF utilization
2026-01-27 20:25:00,Cell_01,-87.11,16.65,119.13,294.09,1.53,167,High Latency,Core network congestion,Check UPF utilization
2026-01-27 21:50:00,Cell_01,-105.46,13.7,147.36,124.43,7.29,129,"Low RSRP, High Latency, High Packet Loss","Poor radio coverage, Core network congestion, Backhaul issues","Optimize antenna tilt, Check UPF utilization, Inspect transport network"
2026-01-27 22:00:00,Cell_02,-107.73,8.67,161.68,93.59,4.71,117,"Low RSRP, Low SINR, High Latency, High Packet Loss","Poor radio coverage, High interference, Core network congestion, Backhaul issues","Optimize antenna tilt, Review neighboring cell configuration, Check UPF utilization, Inspect transport network"
2026-01-28 00:30:00,Cell_04,-99.74,9.72,27.53,46.5,0.53,26,Low SINR,High interference,Review neighboring cell configuration
2026-01-28 00:35:00,Cell_05,-97.65,10.16,129.11,72.62,3.44,61,"High Latency, High Packet Loss","Core network congestion, Backhaul issues","Check UPF utilization, Inspect transport network"
2026-01-28 01:10:00,Cell_01,-92.82,18.53,107.62,80.44,4.25,60,"High Latency, High Packet Loss","Core network congestion, Backhaul issues","Check UPF utilization, Inspect transport network"
2026-01-28 02:10:00,Cell_04,-100.41,6.57,36.55,37.08,0.1,37,"Low SINR, Low Throughput","High interference, Heavy traffic load","Review neighboring cell configuration, Enable load balancing"
2026-01-28 02:40:00,Cell_04,-118.35,5.92,114.59,34.72,3.45,42,"Low RSRP, Low SINR, High Latency, High Packet Loss, Low Throughput","Poor radio coverage, High interference, Core network congestion, Backhaul issues, Heavy traffic load","Optimize antenna tilt, Review neighboring cell configuration, Check UPF utilization, Inspect transport network, Enable load balancing"
2026-01-28 03:55:00,Cell_04,-98.22,6.27,40.21,49.26,0.33,34,Low SINR,High interference,Review neighboring cell configuration
2026-01-28 04:20:00,Cell_04,-106.73,9.05,43.65,38.0,0.0,42,"Low RSRP, Low SINR, Low Throughput","Poor radio coverage, High interference, Heavy traffic load","Optimize antenna tilt, Review neighboring cell configuration, Enable load balancing"
2026-01-28 04:55:00,Cell_04,-103.95,9.1,41.1,30.86,0.08,30,"Low SINR, Low Throughput","High interference, Heavy traffic load","Review neighboring cell configuration, Enable load balancing"
2026-01-28 05:05:00,Cell_02,-107.03,7.28,114.96,58.36,4.23,62,"Low RSRP, Low SINR, High Latency, High Packet Loss","Poor radio coverage, High interference, Core network congestion, Backhaul issues","Optimize antenna tilt, Review neighboring cell configuration, Check UPF utilization, Inspect transport network"
2026-01-28 05:15:00,Cell_04,-114.12,-0.36,119.25,32.21,3.31,44,"Low RSRP, Low SINR, High Latency, High Packet Loss, Low Throughput","Poor radio coverage, High interference, Core network congestion, Backhaul issues, Heavy traffic load","Optimize antenna tilt, Review neighboring cell configuration, Check UPF utilization, Inspect transport network, Enable load balancing"
2026-01-28 06:25:00,Cell_01,-96.03,13.02,114.27,113.24,3.89,99,"High Latency, High Packet Loss","Core network congestion, Backhaul issues","Check UPF utilization, Inspect transport network"
2026-01-28 09:20:00,Cell_01,-84.57,16.86,116.93,252.89,1.52,150,High Latency,Core network congestion,Check UPF utilization
2026-01-28 09:50:00,Cell_01,-82.54,18.39,111.92,262.64,1.03,149,High Latency,Core network congestion,Check UPF utilization
2026-01-28 12:00:00,Cell_04,-118.35,1.25,119.62,43.49,5.08,81,"Low RSRP, Low SINR, High Latency, High Packet Loss","Poor radio coverage, High interference, Core network congestion, Backhaul issues","Optimize antenna tilt, Review neighboring cell configuration, Check UPF utilization, Inspect transport network"
2026-01-28 13:50:00,Cell_02,-107.84,7.94,115.94,74.96,3.56,89,"Low RSRP, Low SINR, High Latency, High Packet Loss","Poor radio coverage, High interference, Core network congestion, Backhaul issues","Optimize antenna tilt, Review neighboring cell configuration, Check UPF utilization, Inspect transport network"
2026-01-28 14:00:00,Cell_05,-101.9,9.82,115.43,74.29,7.33,84,"Low SINR, High Latency, High Packet Loss","High interference, Core network congestion, Backhaul issues","Review neighboring cell configuration, Check UPF utilization, Inspect transport network"
2026-01-28 17:45:00,Cell_05,-88.79,13.1,120.36,256.55,1.8,169,High Latency,Core network congestion,Check UPF utilization
2026-01-28 17:50:00,Cell_01,-87.41,15.96,120.99,279.31,1.66,173,High Latency,Core network congestion,Check UPF utilization
2026-01-28 17:55:00,Cell_01,-85.66,18.57,100.42,298.78,1.47,161,High Latency,Core network congestion,Check UPF utilization
2026-01-28 18:00:00,Cell_01,-91.0,13.85,123.64,277.61,1.49,183,High Latency,Core network congestion,Check UPF utilization
2026-01-28 18:05:00,Cell_01,-90.69,17.77,121.53,304.61,2.17,181,High Latency,Core network congestion,Check UPF utilization
2026-01-28 18:10:00,Cell_01,-87.26,16.76,124.35,286.83,1.37,169,High Latency,Core network congestion,Check UPF utilization
2026-01-28 18:15:00,Cell_05,-93.12,16.91,123.86,275.69,1.28,172,High Latency,Core network congestion,Check UPF utilization
2026-01-28 18:20:00,Cell_01,-89.26,15.42,123.58,273.4,1.82,171,High Latency,Core network congestion,Check UPF utilization
2026-01-28 18:20:00,Cell_04,-105.25,5.48,91.33,118.07,1.64,118,"Low RSRP, Low SINR, High Latency","Poor radio coverage, High interference, Core network congestion","Optimize antenna tilt, Review neighboring cell configuration, Check UPF utilization"
2026-01-28 18:25:00,Cell_01,-84.9,17.17,124.28,310.03,1.24,181,High Latency,Core network congestion,Check UPF utilization
2026-01-28 18:35:00,Cell_01,-86.0,13.02,123.92,277.24,1.77,181,High Latency,Core network congestion,Check UPF utilization
2026-01-28 18:40:00,Cell_01,-88.52,15.17,121.57,287.47,1.19,181,High Latency,Core network congestion,Check UPF utilization
2026-01-28 18:40:00,Cell_05,-91.23,14.16,120.59,262.97,1.8,173,High Latency,Core network congestion,Check UPF utilization
2026-01-28 18:45:00,Cell_04,-106.87,5.4,99.37,138.62,0.94,123,"Low RSRP, Low SINR, High Latency","Poor radio coverage, High interference, Core network congestion","Optimize antenna tilt, Review neighboring cell configuration, Check UPF utilization"
2026-01-28 18:45:00,Cell_01,-84.99,17.07,121.01,305.89,2.04,179,High Latency,Core network congestion,Check UPF utilization
2026-01-28 18:50:00,Cell_01,-91.74,15.78,136.06,287.81,1.59,183,High Latency,Core network congestion,Check UPF utilization
2026-01-28 18:55:00,Cell_02,-98.43,13.12,126.07,252.97,1.3,169,High Latency,Core network congestion,Check UPF utilization
2026-01-28 18:55:00,Cell_01,-89.05,16.56,121.46,292.31,1.72,175,High Latency,Core network congestion,Check UPF utilization
2026-01-28 18:55:00,Cell_03,-97.96,10.93,111.73,210.41,1.69,168,High Latency,Core network congestion,Check UPF utilization
2026-01-28 19:00:00,Cell_05,-88.99,12.4,118.88,249.31,1.46,174,High Latency,Core network congestion,Check UPF utilization
2026-01-28 19:00:00,Cell_01,-88.14,14.39,127.32,287.71,0.99,185,High Latency,Core network congestion,Check UPF utilization
2026-01-28 19:05:00,Cell_03,-99.95,10.08,114.24,204.55,1.59,153,High Latency,Core network congestion,Check UPF utilization
2026-01-28 19:05:00,Cell_01,-91.85,14.24,131.72,300.58,1.82,188,High Latency,Core network congestion,Check UPF utilization
2026-01-28 19:05:00,Cell_05,-93.83,13.26,135.56,283.33,1.66,184,High Latency,Core network congestion,Check UPF utilization
2026-01-28 19:10:00,Cell_04,-107.07,7.17,98.01,136.61,1.77,111,"Low RSRP, Low SINR, High Latency","Poor radio coverage, High interference, Core network congestion","Optimize antenna tilt, Review neighboring cell configuration, Check UPF utilization"
2026-01-28 19:10:00,Cell_01,-91.03,14.66,128.38,292.7,1.73,182,High Latency,Core network congestion,Check UPF utilization
2026-01-28 19:10:00,Cell_05,-91.08,12.68,128.68,252.2,1.97,173,High Latency,Core network congestion,Check UPF utilization
2026-01-28 19:15:00,Cell_05,-90.07,15.03,122.49,263.27,2.09,169,High Latency,Core network congestion,Check UPF utilization
2026-01-28 19:15:00,Cell_01,-90.93,17.42,122.94,313.74,1.57,186,High Latency,Core network congestion,Check UPF utilization
2026-01-28 19:20:00,Cell_01,-91.57,16.12,123.04,302.34,1.18,179,High Latency,Core network congestion,Check UPF utilization
2026-01-28 19:25:00,Cell_05,-91.46,14.2,119.49,266.51,1.65,175,High Latency,Core network congestion,Check UPF utilization
2026-01-28 19:30:00,Cell_01,-92.0,18.09,129.08,319.25,1.52,181,High Latency,Core network congestion,Check UPF utilization
2026-01-28 19:35:00,Cell_01,-90.88,17.26,121.38,287.76,1.68,175,High Latency,Core network congestion,Check UPF utilization
2026-01-28 19:40:00,Cell_03,-100.73,10.56,114.96,202.54,1.57,159,High Latency,Core network congestion,Check UPF utilization
2026-01-28 19:50:00,Cell_01,-86.4,13.64,121.56,264.53,1.49,172,High Latency,Core network congestion,Check UPF utilization
2026-01-28 19:55:00,Cell_02,-92.46,13.65,118.25,256.72,1.81,162,High Latency,Core network congestion,Check UPF utilization
2026-01-28 19:55:00,Cell_01,-86.9,13.74,128.29,265.17,1.64,172,High Latency,Core network congestion,Check UPF utilization
2026-01-28 20:00:00,Cell_01,-87.43,14.67,115.8,269.57,1.67,174,High Latency,Core network congestion,Check UPF utilization
2026-01-28 20:05:00,Cell_04,-104.25,3.99,97.34,136.5,1.12,139,"Low SINR, High Latency","High interference, Core network congestion","Review neighboring cell configuration, Check UPF utilization"
2026-01-28 20:05:00,Cell_01,-87.24,16.03,127.88,286.32,1.6,181,High Latency,Core network congestion,Check UPF utilization
2026-01-28 20:20:00,Cell_01,-92.67,15.84,122.15,284.52,1.56,177,High Latency,Core network congestion,Check UPF utilization
2026-01-28 20:25:00,Cell_01,-100.15,15.71,195.57,120.77,3.38,154,"High Latency, High Packet Loss","Core network congestion, Backhaul issues","Check UPF utilization, Inspect transport network"
2026-01-28 20:30:00,Cell_01,-87.73,15.6,124.75,283.77,1.77,167,High Latency,Core network congestion,Check UPF utilization
2026-01-28 21:05:00,Cell_01,-77.61,16.71,105.82,241.13,0.83,143,High Latency,Core network congestion,Check UPF utilization
2026-01-28 21:10:00,Cell_04,-114.06,0.26,128.36,75.04,5.88,101,"Low RSRP, Low SINR, High Latency, High Packet Loss","Poor radio coverage, High interference, Core network congestion, Backhaul issues","Optimize antenna tilt, Review neighboring cell configuration, Check UPF utilization, Inspect transport network"
2026-01-28 21:15:00,Cell_05,-100.45,7.59,153.07,127.34,3.51,132,"Low SINR, High Latency, High Packet Loss","High interference, Core network congestion, Backhaul issues","Review neighboring cell configuration, Check UPF utilization, Inspect transport network"
2026-01-28 21:30:00,Cell_01,-104.57,13.55,143.43,107.19,4.76,129,"High Latency, High Packet Loss","Core network congestion, Backhaul issues","Check UPF utilization, Inspect transport network"
2026-01-29 00:10:00,Cell_04,-104.94,5.74,39.62,26.84,0.27,30,"Low SINR, Low Throughput","High interference, Heavy traffic load","Review neighboring cell configuration, Enable load balancing"
2026-01-29 01:10:00,Cell_01,-81.6,20.76,56.35,98.85,0.0,53,Unusual KPI combination,Requires further investigation,Review all network KPIs
2026-01-29 01:30:00,Cell_01,-93.49,11.62,146.06,94.04,5.39,76,"High Latency, High Packet Loss","Core network congestion, Backhaul issues","Check UPF utilization, Inspect transport network"
2026-01-29 01:35:00,Cell_01,-87.39,21.29,45.03,98.32,0.0,57,Unusual KPI combination,Requires further investigation,Review all network KPIs
2026-01-29 02:30:00,Cell_04,-103.54,6.58,38.17,36.16,0.1,37,"Low SINR, Low Throughput","High interference, Heavy traffic load","Review neighboring cell configuration, Enable load balancing"
2026-01-29 03:05:00,Cell_04,-104.8,10.23,40.04,61.3,0.0,39,Unusual KPI combination,Requires further investigation,Review all network KPIs
2026-01-29 03:25:00,Cell_04,-120.24,5.29,108.66,45.08,4.59,36,"Low RSRP, Low SINR, High Latency, High Packet Loss","Poor radio coverage, High interference, Core network congestion, Backhaul issues","Optimize antenna tilt, Review neighboring cell configuration, Check UPF utilization, Inspect transport network"
2026-01-29 03:40:00,Cell_04,-102.16,9.35,31.09,55.55,0.03,35,Low SINR,High interference,Review neighboring cell configuration
2026-01-29 03:50:00,Cell_01,-97.89,12.41,128.38,70.91,7.36,61,"High Latency, High Packet Loss","Core network congestion, Backhaul issues","Check UPF utilization, Inspect transport network"
2026-01-29 04:45:00,Cell_02,-97.76,8.79,109.88,57.82,2.98,61,"Low SINR, High Latency","High interference, Core network congestion","Review neighboring cell configuration, Check UPF utilization"
2026-01-29 05:05:00,Cell_04,-110.89,3.6,105.68,27.72,6.4,39,"Low RSRP, Low SINR, High Latency, High Packet Loss, Low Throughput","Poor radio coverage, High interference, Core network congestion, Backhaul issues, Heavy traffic load","Optimize antenna tilt, Review neighboring cell configuration, Check UPF utilization, Inspect transport network, Enable load balancing"
2026-01-29 05:10:00,Cell_04,-108.95,8.55,42.2,46.19,0.48,38,"Low RSRP, Low SINR","Poor radio coverage, High interference","Optimize antenna tilt, Review neighboring cell configuration"
2026-01-29 05:20:00,Cell_01,-99.01,17.16,136.91,80.63,5.37,74,"High Latency, High Packet Loss","Core network congestion, Backhaul issues","Check UPF utilization, Inspect transport network"
2026-01-29 05:20:00,Cell_03,-109.25,9.82,94.94,45.92,3.33,60,"Low RSRP, Low SINR, High Latency, High Packet Loss","Poor radio coverage, High interference, Core network congestion, Backhaul issues","Optimize antenna tilt, Review neighboring cell configuration, Check UPF utilization, Inspect transport network"
2026-01-29 06:05:00,Cell_03,-108.46,4.7,116.69,38.15,6.19,61,"Low RSRP, Low SINR, High Latency, High Packet Loss, Low Throughput","Poor radio coverage, High interference, Core network congestion, Backhaul issues, Heavy traffic load","Optimize antenna tilt, Review neighboring cell configuration, Check UPF utilization, Inspect transport network, Enable load balancing"
2026-01-29 06:35:00,Cell_02,-106.85,9.79,108.0,57.36,4.59,74,"Low RSRP, Low SINR, High Latency, High Packet Loss","Poor radio coverage, High interference, Core network congestion, Backhaul issues","Optimize antenna tilt, Review neighboring cell configuration, Check UPF utilization, Inspect transport network"
2026-01-29 12:10:00,Cell_04,-115.59,3.58,132.68,54.16,5.33,78,"Low RSRP, Low SINR, High Latency, High Packet Loss","Poor radio coverage, High interference, Core network congestion, Backhaul issues","Optimize antenna tilt, Review neighboring cell configuration, Check UPF utilization, Inspect transport network"
2026-01-29 13:55:00,Cell_04,-113.08,2.39,110.3,58.99,7.63,77,"Low RSRP, Low SINR, High Latency, High Packet Loss","Poor radio coverage, High interference, Core network congestion, Backhaul issues","Optimize antenna tilt, Review neighboring cell configuration, Check UPF utilization, Inspect transport network"
2026-01-29 14:45:00,Cell_03,-109.76,8.27,118.21,73.82,2.92,77,"Low RSRP, Low SINR, High Latency","Poor radio coverage, High interference, Core network congestion","Optimize antenna tilt, Review neighboring cell configuration, Check UPF utilization"
2026-01-29 16:10:00,Cell_01,-87.25,19.77,88.18,214.69,0.16,122,High Latency,Core network congestion,Check UPF utilization
2026-01-29 16:25:00,Cell_05,-109.45,9.68,135.24,145.35,5.65,126,"Low RSRP, Low SINR, High Latency, High Packet Loss","Poor radio coverage, High interference, Core network congestion, Backhaul issues","Optimize antenna tilt, Review neighboring cell configuration, Check UPF utilization, Inspect transport network"
2026-01-29 17:10:00,Cell_01,-84.96,17.99,115.88,283.54,1.58,169,High Latency,Core network congestion,Check UPF utilization
2026-01-29 17:15:00,Cell_02,-109.38,7.07,156.25,133.35,4.39,153,"Low RSRP, Low SINR, High Latency, High Packet Loss","Poor radio coverage, High interference, Core network congestion, Backhaul issues","Optimize antenna tilt, Review neighboring cell configuration, Check UPF utilization, Inspect transport network"
2026-01-29 17:15:00,Cell_01,-83.45,15.58,115.41,268.92,0.96,158,High Latency,Core network congestion,Check UPF utilization
2026-01-29 17:25:00,Cell_01,-88.93,16.6,119.81,300.37,1.38,170,High Latency,Core network congestion,Check UPF utilization
2026-01-29 17:35:00,Cell_01,-105.21,10.74,171.54,115.27,8.22,157,"Low RSRP, High Latency, High Packet Loss","Poor radio coverage, Core network congestion, Backhaul issues","Optimize antenna tilt, Check UPF utilization, Inspect transport network"
2026-01-29 17:35:00,Cell_03,-99.29,7.05,105.42,161.97,1.46,141,"Low SINR, High Latency","High interference, Core network congestion","Review neighboring cell configuration, Check UPF utilization"
2026-01-29 17:40:00,Cell_01,-83.75,16.22,129.86,284.29,1.51,175,High Latency,Core network congestion,Check UPF utilization
2026-01-29 17:45:00,Cell_04,-108.28,4.66,92.52,117.2,1.4,115,"Low RSRP, Low SINR, High Latency","Poor radio coverage, High interference, Core network congestion","Optimize antenna tilt, Review neighboring cell configuration, Check UPF utilization"
2026-01-29 17:50:00,Cell_03,-97.53,7.01,106.82,171.92,1.56,144,"Low SINR, High Latency","High interference, Core network congestion","Review neighboring cell configuration, Check UPF utilization"
2026-01-29 17:50:00,Cell_01,-83.93,13.27,128.5,243.5,0.96,174,High Latency,Core network congestion,Check UPF utilization
2026-01-29 17:55:00,Cell_01,-91.24,16.07,124.4,268.45,1.77,169,High Latency,Core network congestion,Check UPF utilization
2026-01-29 18:00:00,Cell_01,-90.46,15.61,126.98,261.85,1.72,168,High Latency,Core network congestion,Check UPF utilization
2026-01-29 18:05:00,Cell_01,-88.52,17.38,127.83,324.93,1.33,183,High Latency,Core network congestion,Check UPF utilization
2026-01-29 18:05:00,Cell_03,-100.08,8.41,112.93,191.62,1.56,152,"Low SINR, High Latency","High interference, Core network congestion","Review neighboring cell configuration, Check UPF utilization"
2026-01-29 18:10:00,Cell_01,-90.31,14.69,129.2,306.31,1.85,198,High Latency,Core network congestion,Check UPF utilization
2026-01-29 18:20:00,Cell_01,-90.79,16.09,131.07,296.93,1.92,183,High Latency,Core network congestion,Check UPF utilization
2026-01-29 18:25:00,Cell_01,-91.34,13.15,123.03,273.08,1.88,170,High Latency,Core network congestion,Check UPF utilization
2026-01-29 18:30:00,Cell_01,-92.67,16.09,123.61,299.32,1.44,182,High Latency,Core network congestion,Check UPF utilization
2026-01-29 18:30:00,Cell_02,-93.95,14.55,129.08,269.97,1.71,173,High Latency,Core network congestion,Check UPF utilization
2026-01-29 18:35:00,Cell_01,-84.71,15.58,123.45,284.13,1.69,174,High Latency,Core network congestion,Check UPF utilization
2026-01-29 18:40:00,Cell_05,-89.33,14.19,117.99,265.14,1.71,173,High Latency,Core network congestion,Check UPF utilization
2026-01-29 18:40:00,Cell_01,-85.97,11.57,139.13,268.54,1.65,194,High Latency,Core network congestion,Check UPF utilization
2026-01-29 18:45:00,Cell_05,-90.52,14.87,124.21,269.91,1.94,173,High Latency,Core network congestion,Check UPF utilization
2026-01-29 18:45:00,Cell_01,-84.32,14.03,126.53,268.12,1.71,180,High Latency,Core network congestion,Check UPF utilization
2026-01-29 18:50:00,Cell_01,-88.67,16.23,123.85,302.29,1.56,182,High Latency,Core network congestion,Check UPF utilization
2026-01-29 18:55:00,Cell_01,-86.73,13.8,119.93,270.88,1.48,175,High Latency,Core network congestion,Check UPF utilization
2026-01-29 18:55:00,Cell_03,-101.75,8.07,111.56,179.89,1.45,157,"Low SINR, High Latency","High interference, Core network congestion","Review neighboring cell configuration, Check UPF utilization"
2026-01-29 19:00:00,Cell_05,-94.98,15.39,125.95,286.74,1.54,172,High Latency,Core network congestion,Check UPF utilization
2026-01-29 19:00:00,Cell_01,-84.7,17.95,126.04,328.12,1.82,183,High Latency,Core network congestion,Check UPF utilization
2026-01-29 19:05:00,Cell_03,-100.88,9.09,113.09,192.39,1.04,153,"Low SINR, High Latency","High interference, Core network congestion","Review neighboring cell configuration, Check UPF utilization"
2026-01-29 19:05:00,Cell_02,-99.09,14.49,109.72,255.73,1.84,169,High Latency,Core network congestion,Check UPF utilization
2026-01-29 19:05:00,Cell_01,-87.47,13.24,127.59,268.67,1.74,184,High Latency,Core network congestion,Check UPF utilization
2026-01-29 19:10:00,Cell_03,-104.46,8.79,106.74,193.28,1.44,144,"Low SINR, High Latency","High interference, Core network congestion","Review neighboring cell configuration, Check UPF utilization"
2026-01-29 19:10:00,Cell_05,-92.04,14.24,124.26,259.56,1.57,165,High Latency,Core network congestion,Check UPF utilization
2026-01-29 19:10:00,Cell_01,-89.06,13.63,136.49,294.47,2.12,191,High Latency,Core network congestion,Check UPF utilization
2026-01-29 19:15:00,Cell_01,-89.44,17.41,119.82,322.19,1.21,193,High Latency,Core network congestion,Check UPF utilization
2026-01-29 19:20:00,Cell_01,-90.56,15.73,124.66,294.22,1.56,178,High Latency,Core network congestion,Check UPF utilization
2026-01-29 19:20:00,Cell_03,-103.17,10.42,114.5,205.36,1.28,158,High Latency,Core network congestion,Check UPF utilization
2026-01-29 19:20:00,Cell_05,-92.91,15.51,126.81,278.23,1.96,176,High Latency,Core network congestion,Check UPF utilization
2026-01-29 19:25:00,Cell_01,-88.62,14.93,117.47,276.89,1.56,172,High Latency,Core network congestion,Check UPF utilization
2026-01-29 19:25:00,Cell_03,-101.3,11.19,117.09,216.8,1.3,155,High Latency,Core network congestion,Check UPF utilization
2026-01-29 19:30:00,Cell_01,-92.09,15.33,117.49,272.37,0.85,174,High Latency,Core network congestion,Check UPF utilization
2026-01-29 19:30:00,Cell_05,-93.65,12.01,131.41,238.71,1.9,171,High Latency,Core network congestion,Check UPF utilization
2026-01-29 19:35:00,Cell_01,-90.71,17.07,127.53,303.35,1.58,182,High Latency,Core network congestion,Check UPF utilization
2026-01-29 19:35:00,Cell_02,-94.91,10.62,118.3,202.46,1.15,161,High Latency,Core network congestion,Check UPF utilization
2026-01-29 19:35:00,Cell_05,-91.92,11.42,122.03,254.77,1.75,177,High Latency,Core network congestion,Check UPF utilization
2026-01-29 19:40:00,Cell_02,-95.33,11.77,122.28,233.29,1.96,165,High Latency,Core network congestion,Check UPF utilization
2026-01-29 19:40:00,Cell_01,-87.56,17.37,117.26,302.21,0.99,174,High Latency,Core network congestion,Check UPF utilization
2026-01-29 19:45:00,Cell_05,-91.03,9.88,117.09,223.46,1.8,161,"Low SINR, High Latency","High interference, Core network congestion","Review neighboring cell configuration, Check UPF utilization"
2026-01-29 19:45:00,Cell_01,-87.81,14.35,125.65,275.03,1.96,177,High Latency,Core network congestion,Check UPF utilization
2026-01-29 19:50:00,Cell_01,-85.02,15.49,136.44,308.05,1.57,190,High Latency,Core network congestion,Check UPF utilization
2026-01-29 19:55:00,Cell_05,-97.0,16.29,108.1,280.82,1.51,165,High Latency,Core network congestion,Check UPF utilization
2026-01-29 20:00:00,Cell_01,-89.41,17.6,128.95,312.38,1.33,179,High Latency,Core network congestion,Check UPF utilization
2026-01-29 20:05:00,Cell_02,-90.6,16.4,117.82,261.08,1.84,158,High Latency,Core network congestion,Check UPF utilization
2026-01-29 20:05:00,Cell_01,-88.46,15.43,122.02,277.15,1.57,173,High Latency,Core network congestion,Check UPF utilization
2026-01-29 20:20:00,Cell_05,-90.94,15.08,120.76,261.06,2.02,165,High Latency,Core network congestion,Check UPF utilization
2026-01-29 20:20:00,Cell_01,-85.73,16.5,122.13,282.53,1.54,169,High Latency,Core network congestion,Check UPF utilization
2026-01-29 20:40:00,Cell_01,-87.43,17.93,118.91,264.44,1.97,152,High Latency,Core network congestion,Check UPF utilization
2026-01-29 21:15:00,Cell_01,-81.96,19.62,112.09,257.28,1.37,146,High Latency,Core network congestion,Check UPF utilization
2026-01-29 21:45:00,Cell_05,-100.8,10.05,156.21,101.16,8.09,118,"High Latency, High Packet Loss","Core network congestion, Backhaul issues","Check UPF utilization, Inspect transport network"
2026-01-30 00:00:00,Cell_04,-95.98,7.95,40.05,28.74,0.0,34,"Low SINR, Low Throughput","High interference, Heavy traffic load","Review neighboring cell configuration, Enable load balancing"
2026-01-30 00:05:00,Cell_05,-98.95,11.45,90.06,62.63,6.21,59,"High Latency, High Packet Loss","Core network congestion, Backhaul issues","Check UPF utilization, Inspect transport network"
2026-01-30 00:35:00,Cell_04,-106.96,7.36,43.76,36.07,0.21,32,"Low RSRP, Low SINR, Low Throughput","Poor radio coverage, High interference, Heavy traffic load","Optimize antenna tilt, Review neighboring cell configuration, Enable load balancing"
2026-01-30 00:50:00,Cell_04,-100.86,8.55,34.34,17.28,0.34,22,"Low SINR, Low Throughput","High interference, Heavy traffic load","Review neighboring cell configuration, Enable load balancing"
2026-01-30 01:05:00,Cell_04,-101.84,8.17,38.37,38.24,0.26,28,"Low SINR, Low Throughput","High interference, Heavy traffic load","Review neighboring cell configuration, Enable load balancing"
2026-01-30 01:20:00,Cell_02,-103.93,8.28,113.46,56.17,2.86,61,"Low SINR, High Latency","High interference, Core network congestion","Review neighboring cell configuration, Check UPF utilization"
2026-01-30 01:55:00,Cell_02,-85.34,14.7,42.66,65.01,0.0,38,Unusual KPI combination,Requires further investigation,Review all network KPIs
2026-01-30 02:00:00,Cell_03,-93.85,12.34,40.42,31.2,0.6,34,Low Throughput,Heavy traffic load,Enable load balancing
2026-01-30 02:15:00,Cell_01,-83.09,20.19,47.7,92.15,0.0,52,Unusual KPI combination,Requires further investigation,Review all network KPIs
2026-01-30 03:15:00,Cell_01,-100.91,10.93,115.7,58.2,6.4,61,"High Latency, High Packet Loss","Core network congestion, Backhaul issues","Check UPF utilization, Inspect transport network"
2026-01-30 03:40:00,Cell_04,-106.47,8.43,45.55,33.85,0.0,32,"Low RSRP, Low SINR, Low Throughput","Poor radio coverage, High interference, Heavy traffic load","Optimize antenna tilt, Review neighboring cell configuration, Enable load balancing"
2026-01-30 03:45:00,Cell_04,-104.25,7.99,43.23,27.79,0.22,26,"Low SINR, Low Throughput","High interference, Heavy traffic load","Review neighboring cell configuration, Enable load balancing"
2026-01-30 04:10:00,Cell_04,-102.45,6.01,38.24,42.56,0.3,38,Low SINR,High interference,Review neighboring cell configuration
2026-01-30 04:50:00,Cell_01,-102.89,13.18,119.78,82.87,3.3,63,"High Latency, High Packet Loss","Core network congestion, Backhaul issues","Check UPF utilization, Inspect transport network"
2026-01-30 05:55:00,Cell_03,-113.33,6.08,96.53,57.49,5.2,76,"Low RSRP, Low SINR, High Latency, High Packet Loss","Poor radio coverage, High interference, Core network congestion, Backhaul issues","Optimize antenna tilt, Review neighboring cell configuration, Check UPF utilization, Inspect transport network"
2026-01-30 06:35:00,Cell_03,-105.23,4.53,130.41,56.88,2.9,62,"Low RSRP, Low SINR, High Latency","Poor radio coverage, High interference, Core network congestion","Optimize antenna tilt, Review neighboring cell configuration, Check UPF utilization"
2026-01-30 07:20:00,Cell_01,-93.35,11.49,133.89,113.55,7.37,105,"High Latency, High Packet Loss","Core network congestion, Backhaul issues","Check UPF utilization, Inspect transport network"
2026-01-30 07:40:00,Cell_04,-119.85,1.92,146.91,41.69,5.28,75,"Low RSRP, Low SINR, High Latency, High Packet Loss","Poor radio coverage, High interference, Core network congestion, Backhaul issues","Optimize antenna tilt, Review neighboring cell configuration, Check UPF utilization, Inspect transport network"
2026-01-30 08:10:00,Cell_03,-105.65,4.89,117.72,77.69,3.32,94,"Low RSRP, Low SINR, High Latency, High Packet Loss","Poor radio coverage, High interference, Core network congestion, Backhaul issues","Optimize antenna tilt, Review neighboring cell configuration, Check UPF utilization, Inspect transport network"
2026-01-30 10:05:00,Cell_02,-104.83,13.18,132.25,105.61,7.18,125,"High Latency, High Packet Loss","Core network congestion, Backhaul issues","Check UPF utilization, Inspect transport network"
2026-01-30 11:25:00,Cell_04,-117.51,-0.49,148.64,40.67,5.67,88,"Low RSRP, Low SINR, High Latency, High Packet Loss","Poor radio coverage, High interference, Core network congestion, Backhaul issues","Optimize antenna tilt, Review neighboring cell configuration, Check UPF utilization, Inspect transport network"
2026-01-30 11:30:00,Cell_04,-113.73,-0.13,123.91,51.29,6.06,84,"Low RSRP, Low SINR, High Latency, High Packet Loss","Poor radio coverage, High interference, Core network congestion, Backhaul issues","Optimize antenna tilt, Review neighboring cell configuration, Check UPF utilization, Inspect transport network"
2026-01-30 13:15:00,Cell_01,-99.18,10.0,138.64,109.38,6.81,101,"High Latency, High Packet Loss","Core network congestion, Backhaul issues","Check UPF utilization, Inspect transport network"
2026-01-30 14:30:00,Cell_02,-108.04,10.81,129.28,63.3,4.86,73,"Low RSRP, High Latency, High Packet Loss","Poor radio coverage, Core network congestion, Backhaul issues","Optimize antenna tilt, Check UPF utilization, Inspect transport network"
2026-01-30 14:30:00,Cell_03,-106.93,5.73,100.63,64.57,7.55,78,"Low RSRP, Low SINR, High Latency, High Packet Loss","Poor radio coverage, High interference, Core network congestion, Backhaul issues","Optimize antenna tilt, Review neighboring cell configuration, Check UPF utilization, Inspect transport network"
2026-01-30 15:05:00,Cell_04,-116.0,-1.56,131.0,54.12,3.35,72,"Low RSRP, Low SINR, High Latency, High Packet Loss","Poor radio coverage, High interference, Core network congestion, Backhaul issues","Optimize antenna tilt, Review neighboring cell configuration, Check UPF utilization, Inspect transport network"
2026-01-30 15:05:00,Cell_01,-90.97,11.51,109.98,70.74,5.21,94,"High Latency, High Packet Loss","Core network congestion, Backhaul issues","Check UPF utilization, Inspect transport network"
2026-01-30 15:15:00,Cell_04,-118.46,3.64,115.92,50.23,7.13,75,"Low RSRP, Low SINR, High Latency, High Packet Loss","Poor radio coverage, High interference, Core network congestion, Backhaul issues","Optimize antenna tilt, Review neighboring cell configuration, Check UPF utilization, Inspect transport network"
2026-01-30 16:25:00,Cell_01,-83.61,20.06,89.47,232.45,0.77,123,High Latency,Core network congestion,Check UPF utilization
2026-01-30 16:45:00,Cell_04,-117.16,2.06,113.77,43.67,5.95,86,"Low RSRP, Low SINR, High Latency, High Packet Loss","Poor radio coverage, High interference, Core network congestion, Backhaul issues","Optimize antenna tilt, Review neighboring cell configuration, Check UPF utilization, Inspect transport network"
2026-01-30 17:40:00,Cell_03,-100.32,9.57,107.66,173.46,1.85,142,"Low SINR, High Latency","High interference, Core network congestion","Review neighboring cell configuration, Check UPF utilization"
2026-01-30 17:55:00,Cell_01,-86.19,15.44,122.25,265.1,1.68,175,High Latency,Core network congestion,Check UPF utilization
2026-01-30 18:00:00,Cell_03,-97.16,8.73,115.55,184.11,1.32,148,"Low SINR, High Latency","High interference, Core network congestion","Review neighboring cell configuration, Check UPF utilization"
2026-01-30 18:00:00,Cell_05,-92.91,12.84,124.76,255.31,1.84,163,High Latency,Core network congestion,Check UPF utilization
2026-01-30 18:05:00,Cell_04,-119.63,-1.61,120.43,67.73,4.91,108,"Low RSRP, Low SINR, High Latency, High Packet Loss","Poor radio coverage, High interference, Core network congestion, Backhaul issues","Optimize antenna tilt, Review neighboring cell configuration, Check UPF utilization, Inspect transport network"
2026-01-30 18:05:00,Cell_01,-91.94,18.91,111.2,297.11,1.5,167,High Latency,Core network congestion,Check UPF utilization
2026-01-30 18:10:00,Cell_01,-86.56,17.11,123.08,292.49,1.17,177,High Latency,Core network congestion,Check UPF utilization
2026-01-30 18:10:00,Cell_04,-109.06,7.06,93.77,141.51,1.24,117,"Low RSRP, Low SINR, High Latency","Poor radio coverage, High interference, Core network congestion","Optimize antenna tilt, Review neighboring cell configuration, Check UPF utilization"
2026-01-30 18:15:00,Cell_01,-90.5,18.65,114.4,319.84,1.59,179,High Latency,Core network congestion,Check UPF utilization
2026-01-30 18:20:00,Cell_04,-107.59,3.58,88.67,99.24,0.48,119,"Low RSRP, Low SINR, High Latency","Poor radio coverage, High interference, Core network congestion","Optimize antenna tilt, Review neighboring cell configuration, Check UPF utilization"
2026-01-30 18:25:00,Cell_01,-91.01,15.11,139.19,273.96,2.34,184,High Latency,Core network congestion,Check UPF utilization
2026-01-30 18:30:00,Cell_01,-90.06,15.24,130.27,302.49,1.42,188,High Latency,Core network congestion,Check UPF utilization
2026-01-30 18:30:00,Cell_02,-99.21,14.02,123.29,269.45,1.44,170,High Latency,Core network congestion,Check UPF utilization
2026-01-30 18:35:00,Cell_02,-92.22,11.42,114.58,222.15,2.05,162,High Latency,Core network congestion,Check UPF utilization
2026-01-30 18:35:00,Cell_05,-90.61,12.81,122.31,259.6,1.42,176,High Latency,Core network congestion,Check UPF utilization
2026-01-30 18:40:00,Cell_01,-86.01,15.95,115.48,285.77,1.44,173,High Latency,Core network congestion,Check UPF utilization
2026-01-30 18:40:00,Cell_04,-117.21,0.69,140.18,58.92,4.26,114,"Low RSRP, Low SINR, High Latency, High Packet Loss","Poor radio coverage, High interference, Core network congestion, Backhaul issues","Optimize antenna tilt, Review neighboring cell configuration, Check UPF utilization, Inspect transport network"
2026-01-30 18:45:00,Cell_05,-89.71,14.8,122.4,273.46,1.72,175,High Latency,Core network congestion,Check UPF utilization
2026-01-30 18:50:00,Cell_05,-92.57,11.95,121.06,228.83,1.69,167,High Latency,Core network congestion,Check UPF utilization
2026-01-30 18:50:00,Cell_01,-89.08,13.1,125.81,252.79,1.72,175,High Latency,Core network congestion,Check UPF utilization
2026-01-30 18:55:00,Cell_01,-87.73,17.08,116.43,302.64,1.18,171,High Latency,Core network congestion,Check UPF utilization
2026-01-30 18:55:00,Cell_03,-99.13,9.44,121.45,186.67,1.71,151,"Low SINR, High Latency","High interference, Core network congestion","Review neighboring cell configuration, Check UPF utilization"
2026-01-30 19:00:00,Cell_03,-101.59,9.97,113.06,209.63,1.52,157,"Low SINR, High Latency","High interference, Core network congestion","Review neighboring cell configuration, Check UPF utilization"
2026-01-30 19:00:00,Cell_01,-88.34,14.56,128.47,273.25,1.89,182,High Latency,Core network congestion,Check UPF utilization
2026-01-30 19:05:00,Cell_01,-88.09,14.98,121.55,292.74,1.41,191,High Latency,Core network congestion,Check UPF utilization
2026-01-30 19:10:00,Cell_01,-88.69,15.93,133.84,313.83,1.78,196,High Latency,Core network congestion,Check UPF utilization
2026-01-30 19:10:00,Cell_02,-91.68,13.27,129.12,263.69,1.59,178,High Latency,Core network congestion,Check UPF utilization
2026-01-30 19:10:00,Cell_05,-90.59,13.19,124.84,260.02,1.67,174,High Latency,Core network congestion,Check UPF utilization
2026-01-30 19:15:00,Cell_04,-109.85,4.22,86.35,138.88,1.14,127,"Low RSRP, Low SINR, High Latency","Poor radio coverage, High interference, Core network congestion","Optimize antenna tilt, Review neighboring cell configuration, Check UPF utilization"
2026-01-30 19:15:00,Cell_01,-88.92,16.85,126.74,317.04,1.44,188,High Latency,Core network congestion,Check UPF utilization
2026-01-30 19:15:00,Cell_02,-93.9,12.01,118.69,223.43,1.87,161,High Latency,Core network congestion,Check UPF utilization
2026-01-30 19:20:00,Cell_05,-93.39,13.93,126.2,273.08,1.53,181,High Latency,Core network congestion,Check UPF utilization
2026-01-30 19:20:00,Cell_01,-90.86,16.21,131.9,309.44,1.78,189,High Latency,Core network congestion,Check UPF utilization
2026-01-30 19:25:00,Cell_01,-82.85,15.96,124.94,300.33,1.8,179,High Latency,Core network congestion,Check UPF utilization
2026-01-30 19:25:00,Cell_05,-90.5,12.21,124.63,262.0,1.08,184,High Latency,Core network congestion,Check UPF utilization
2026-01-30 19:30:00,Cell_01,-85.96,15.11,116.78,288.32,1.47,176,High Latency,Core network congestion,Check UPF utilization
2026-01-30 19:30:00,Cell_04,-111.18,6.32,85.72,110.92,1.31,109,"Low RSRP, Low SINR, High Latency","Poor radio coverage, High interference, Core network congestion","Optimize antenna tilt, Review neighboring cell configuration, Check UPF utilization"
2026-01-30 19:35:00,Cell_01,-89.8,15.71,126.41,300.55,1.7,195,High Latency,Core network congestion,Check UPF utilization
2026-01-30 19:35:00,Cell_05,-93.58,13.58,116.74,262.8,1.68,175,High Latency,Core network congestion,Check UPF utilization
2026-01-30 19:35:00,Cell_03,-99.25,9.08,110.47,179.53,1.7,155,"Low SINR, High Latency","High interference, Core network congestion","Review neighboring cell configuration, Check UPF utilization"
2026-01-30 19:45:00,Cell_02,-92.28,12.34,124.19,244.5,1.53,174,High Latency,Core network congestion,Check UPF utilization
2026-01-30 19:45:00,Cell_03,-101.64,7.02,108.1,162.43,1.33,150,"Low SINR, High Latency","High interference, Core network congestion","Review neighboring cell configuration, Check UPF utilization"
2026-01-30 19:45:00,Cell_01,-95.37,14.47,128.53,294.13,1.79,180,High Latency,Core network congestion,Check UPF utilization
2026-01-30 19:50:00,Cell_01,-92.02,14.76,125.94,282.2,1.67,178,High Latency,Core network congestion,Check UPF utilization
2026-01-30 19:50:00,Cell_03,-98.53,9.77,117.02,203.84,1.47,157,"Low SINR, High Latency","High interference, Core network congestion","Review neighboring cell configuration, Check UPF utilization"
2026-01-30 19:55:00,Cell_01,-88.84,17.55,119.9,313.25,1.21,173,High Latency,Core network congestion,Check UPF utilization
2026-01-30 20:00:00,Cell_01,-93.51,17.6,114.92,290.33,1.33,171,High Latency,Core network congestion,Check UPF utilization
2026-01-30 20:05:00,Cell_01,-85.94,17.56,113.24,297.95,1.36,169,High Latency,Core network congestion,Check UPF utilization
2026-01-30 20:05:00,Cell_05,-93.41,15.8,128.31,277.43,1.52,165,High Latency,Core network congestion,Check UPF utilization
2026-01-30 20:10:00,Cell_01,-86.69,15.88,122.5,275.19,1.52,169,High Latency,Core network congestion,Check UPF utilization
2026-01-30 20:15:00,Cell_01,-84.35,16.03,117.53,292.08,1.55,171,High Latency,Core network congestion,Check UPF utilization
2026-01-30 20:20:00,Cell_01,-104.42,9.5,159.31,146.09,5.53,157,"Low SINR, High Latency, High Packet Loss","High interference, Core network congestion, Backhaul issues","Review neighboring cell configuration, Check UPF utilization, Inspect transport network"
2026-01-30 20:20:00,Cell_05,-91.8,13.81,120.75,260.79,1.7,167,High Latency,Core network congestion,Check UPF utilization
2026-01-30 20:50:00,Cell_01,-83.34,13.02,112.14,215.5,1.6,149,High Latency,Core network congestion,Check UPF utilization
2026-01-30 22:40:00,Cell_04,-116.08,2.21,112.65,59.29,7.02,62,"Low RSRP, Low SINR, High Latency, High Packet Loss","Poor radio coverage, High interference, Core network congestion, Backhaul issues","Optimize antenna tilt, Review neighboring cell configuration, Check UPF utilization, Inspect transport network"
